'motivo','arruamento','troco','entidade','tipo_de_condicionamento','data_de_início','hora_de_inicio','data_de_fim','hora_de_fim','observacoes','registo_data','coordenada_x','coordenada_y','registo_hora','ultima_modificacao_data','ultima_modificacao_hora','objectid','esriGeometryPoint'
'Avaria de CCTV','','PMV06 - Rua dos Luzares / Alameda das Antas','','',1682636400000,55034000,'','',' ',1682636400000,-8.58837,41.1635,55034000,1682636400000,55034000,105436,'-38205.84420000021,166138.1377000008'
'Avaria de telecomunicações','Campo de Vinte e Quatro de Agosto','','','Estreitamento',1682722800000,28800000,1682722800000,31500000,'',1682722800000,-8.598291,41.14839,28800000,1682722800000,28860000,106237,'-39047.52680000018,164463.9042000001'
'Outro motivo','Rua da Alegria','n.982','','Estreitamento',1682982000000,27000000,1682982000000,81900000,'colocação de degraus em CRL no passeio',1682982000000,-8.600597,41.16057,-1680000,1682982000000,-1620000,105451,'-39233.78100000037,165818.40039999931'
'Avaria de telecomunicações','Rua das Fontainhas','155/227','','Estreitamento',1682722800000,27000000,1682722800000,37800000,'',1682722800000,-8.602819,41.14451,26580000,1682722800000,26640000,105444,'-39429.97919999993,164035.96020000012'
'Outro motivo','Rua de Pedro Hispano','Nº 1168','','Ocupação do passeio',1682636400000,55200000,1682636400000,81900000,'Verificar Ramal aos 30',1682636400000,-8.629709,41.16554,56400000,1682636400000,57420000,105437,'-41674.11249999981,166384.02669999885'
'Outro motivo','Rua de Aires de Ornelas','161','','Ocupação do passeio',1682982000000,25200000,1682982000000,81900000,'Verificar ramal aos 30 cm .',1682982000000,-8.596513,41.15657,25140000,1682982000000,25620000,105456,'-38893.37150000031,165371.94390000033'
'Outro motivo','Rua do Funchal','com a rua Monte videu','','Estreitamento',1682982000000,24300000,1682982000000,81900000,'Reparação do coletor na faixa',1682982000000,-8.685673,41.16295,24600000,1682982000000,24840000,105455,'-46372.73089999985,166124.8889000004'
'Avaria de telecomunicações','Rua Formosa','313','','Ocupação do passeio',1682722800000,25200000,1682722800000,81900000,'',1682722800000,-8.607694,41.14869,25440000,1682722800000,25500000,105443,'-39836.72099999984,164502.10989999975'
'Anomalia de sinalização luminosa','','228 - Rua Ouro, junto à Casa do Rio','','',1650754800000,24395000,'','','   Bloqueado no vermelho  ',1650754800000,-8.64264,41.14817,24394000,1682982000000,-1320000,348,'-42770.666100000046,164460.94069999966'
'Outro motivo','Rua de João Pedro Ribeiro','n.931','','Estreitamento',1682982000000,27000000,1682982000000,81900000,'Reparação de ramal no passeio',1682982000000,-8.609273,41.16138,-1800000,1682982000000,-1740000,105450,'-39961.543999999696,165912.38429999936'
'Outro motivo','Rua do Alto de Vila','Nº 117','','Ocupação do passeio',1682636400000,55200000,1682636400000,81900000,'Abrir sonda',1682636400000,-8.673211,41.15114,56460000,1682636400000,57360000,105438,'-45335.00409999965,164806.84380000058'
'Acidente rodoviário','Campo de Vinte e Quatro de Agosto','Nº 172','INEM / PSP','Estreitamento',1682636400000,54660000,1682636400000,58200000,'embate entre ligeiro e motociclo',1682636400000,-8.598358,41.15008,55020000,1682636400000,55080000,105836,'-39052.11870000052,164652.0847999993'
'Outro motivo','Rua da Boa Nova','n.126','','Estreitamento',1682982000000,27000000,1682982000000,81900000,'Abertura de onda no passeio',1682982000000,-8.624319,41.14964,-1380000,1682982000000,-1320000,105453,'-41231.70139999964,164615.02899999975'
'Outro motivo','Rua de Ciríaco Cardoso','n.431','','Estreitamento',1682982000000,27000000,1682982000000,81900000,'reparação de aqueduto na faixa',1682982000000,-8.650725,41.1605,-1560000,1682982000000,-1440000,105452,'-43441.261300000304,165834.49090000062'
'Avaria de telecomunicações','Rua do Duque da Terceira','','','Estreitamento',1682722800000,38700000,1682722800000,41400000,'',1682722800000,-8.598235,41.14591,38580000,1682722800000,38640000,105446,'-39044.31290000021,164189.23399999936'
'Avaria de telecomunicações','Avenida de D. Afonso Henriques','Nº 24','Altice - com policiamento','Estreitamento',1682722800000,46800000,1682722800000,54000000,'',1682722800000,-8.610852,41.1449,47700000,1682722800000,47760000,105448,'-40104.11459999999,164082.71319999953'
'Rotura de conduta','Rua de Sá de Miranda','39','','Ocupação do passeio',1682722800000,28800000,1682722800000,81900000,'',1682722800000,-8.613029,41.17611,29160000,1682722800000,29220000,105445,'-40267.69190000001,167549.20949999985'
'Outro motivo','Rua da Senhora do Porto','n.913','','Estreitamento',1682982000000,27000000,1682982000000,81900000,'reparação de conduta na faixa',1682982000000,-8.624349,41.17956,-1200000,1682982000000,-900000,106238,'-41215.42439999995,167938.15029999972'
'Outro motivo','Rua do Ouro','frente a antiga EDP','','Estreitamento',1682982000000,27000000,1682982000000,81900000,'Manutenção na faixa',1682982000000,-8.645422,41.14833,-1320000,1682982000000,-1200000,105454,'-43004.131799999486,164480.37759999887'
'Reparação de válvula','Rua de S. Roque da Lameira','Nº 572','','Ocupação do passeio',1682982000000,26700000,1682982000000,81900000,'',1682982000000,-8.571739,41.16397,26580000,1682982000000,26640000,106240,'-36809.75219999992,166183.19800000027'
'Aluimento','Rua do Funchal','com a Av. Montevideu','','Corte total',1682809200000,63900000,1682809200000,81900000,'RBS, Águas ,PM, Proteção Civil no local',1682809200000,-8.685715,41.16293,63780000,1683068400000,-1560000,105449,'-46376.34989999984,166122.22079999934'
'Acidente rodoviário','Rua de Faria Guimarães','Após cruzamento do Covelo','','Estreitamento',1682636400000,70800000,1682636400000,72900000,'',1682636400000,-8.606474,41.16694,71040000,1682636400000,71100000,105442,'-39723.24550000023,166528.6173000003'
'Avaria elétrica','Rua de Fernandes Tomás','Nº 363','','Ocupação do passeio',1682982000000,28800000,1682982000000,81900000,'Iluminação publica',1682982000000,-8.603106,41.14919,28920000,1682982000000,29040000,105458,'-39451.25030000036,164555.91840000005'
'Reparação de válvula','Travessa de Cartes','Nº171','','Ocupação do passeio',1682982000000,26700000,1682982000000,81900000,'',1682982000000,-8.575585,41.16328,26520000,1682982000000,26700000,105457,'-37132.956699999966,166107.91630000088'
'Outro motivo','Travessa da Fontinha','','','Estreitamento',1682982000000,25200000,1682982000000,81900000,'Reparação coletor',1682982000000,-8.605315,41.15499,24900000,1682982000000,25260000,106239,'-39633.17159999995,165200.8986000008'
'Acidente rodoviário','Rotunda do Bessa','','','Estreitamento',1682636400000,62580000,1682636400000,64800000,'',1682636400000,-8.639138,41.16482,62940000,1682636400000,63000000,105441,'-42465.90539999974,166308.66680000033'
'Acidente rodoviário','Via de Cintura Interna','Após o acesso ao Mercado abastecedor','IP','Estreitamento',1682636400000,60600000,1682636400000,63000000,'',1682636400000,-8.581075,41.16228,61020000,1682636400000,61080000,106236,'-37594.32079999989,165999.85190000027'
'Avaria de telecomunicações','Rua de Augusto Lessa','362','visabeira','Estreitamento',1682982000000,32400000,1682982000000,33300000,'c/ policiamento',1682982000000,-8.598852,41.16975,32640000,1682982000000,32640000,105462,'-39081.88169999986,166836.78539999915'
'Avaria elétrica','Rua César das Neves','Nº 116','','Ocupação do passeio',1682982000000,31080000,1682982000000,81900000,'Iluminação Publica',1682982000000,-8.59379,41.16596,31080000,1682982000000,31140000,105460,'-38659.26630000034,166413.77730000028'
'Avaria de telecomunicações','Rua de Augusto Lessa','473','visabeira','Estreitamento',1682982000000,34920000,1682982000000,36900000,'c/ policiamento',1682982000000,-8.599944,41.16978,35040000,1682982000000,35220000,106641,'-39173.4683999998,166840.2674000004'
'Outro motivo','Rua de António Aroso','Nº 65','','Estreitamento',1682982000000,31080000,1682982000000,81900000,'Reparação de aqueduto',1682982000000,-8.670887,41.16568,31320000,1682982000000,31440000,105461,'-45129.90189999989,166419.4941000007'
'Outro motivo','Campo do Rou','Nº 10','','Ocupação do passeio',1682982000000,49080000,1682982000000,81900000,'Verificar ramal 30',1682982000000,-8.630705,41.14715,49020000,1682982000000,49080000,107851,'-41769.38229999977,164341.8212999997'
'Avaria de telecomunicações','Rua de Guedes de Azevedo','Nº 9','','Ocupação do passeio',1682982000000,30900000,1682982000000,43200000,'Abrir CVP',1682982000000,-8.605206,41.15187,30960000,1682982000000,31200000,105459,'-39625.93439999965,164854.5223999987'
'Avaria de telecomunicações','Praça de D. João I','C/ Sá da Bandeira','Groupfix- Pedro Azevedo','Estreitamento',1682982000000,47400000,1682982000000,49200000,'abrir CVP C/ policiamento',1682982000000,-8.608468,41.14777,47400000,1682982000000,47580000,107846,'-39902.217400000445,164400.7766999999'
'Acidente rodoviário','Rua da Restauração','Rua Prof José de Carvalho','PM','Estreitamento',1682982000000,41700000,1682982000000,44400000,'Embate entre viatura ligeira e  Carro elétrico',1682982000000,-8.617702,41.14641,42660000,1682982000000,42780000,107442,'-40678.29550000005,164253.33760000058'
'Outro motivo','Rua do Bonfim','378','','Ocupação do passeio',1682982000000,35640000,1682982000000,81900000,'substituir cabeça móvel',1682982000000,-8.594634,41.15052,35700000,1682982000000,35760000,107441,'-38739.2565999999,164699.4057000009'
'Avaria de telecomunicações','Avenida da Boavista','Nº 1681','Altice - Luís Santos','Ocupação do passeio',1682982000000,48720000,1682982000000,55920000,'Abrir cvp',1682982000000,-8.643319,41.16028,48660000,1682982000000,48780000,107847,'-42819.7209000001,165806.64220000056'
'Outro motivo','Rua do Monte da Estação','Nº 190','','Ocupação do passeio',1682982000000,46800000,1682982000000,81900000,'Reparação CRL',1682982000000,-8.585399,41.15222,46740000,1682982000000,46800000,107842,'-37963.03849999975,164884.54710000026'
'Aluimento','Avenida de Fernão de Magalhães','2779','','Estreitamento',1682982000000,47520000,1682982000000,81900000,'',1682982000000,-8.585253,41.17315,47400000,1682982000000,47520000,108246,'-37938.61560000004,167208.41680000024'
'Rotura de conduta','Rua da Senhora da Luz','Nº 339','','Ocupação do passeio',1682982000000,37800000,1682982000000,81900000,'',1682982000000,-8.677616,41.15231,37740000,1682982000000,38040000,107042,'-45703.92910000017,164938.5899999999'
'Outro motivo','Praça do Exército Libertador','Nº 116','','Ocupação do passeio',1682982000000,32400000,1682982000000,81900000,'Verificar ramal 30',1682982000000,-8.624879,41.16575,32700000,1682982000000,32760000,106241,'-41268.60940000023,166405.19239999913'
'Outro motivo','Rua da Alegria','Nº 567','','Ocupação do passeio',1682982000000,33480000,1682982000000,81900000,'Reparação de Pavimento',1682982000000,-8.602637,41.15559,33420000,1682982000000,33540000,105463,'-39408.004300000284,165265.59770000033'
'Aluimento','Rua de Sá de Miranda','39','','Ocupação do passeio',1682982000000,51180000,1682982000000,81900000,'',1682982000000,-8.613002,41.17611,51240000,1682982000000,51300000,107854,'-40265.43869999987,167549.64540000033'
'Avaria de telecomunicações','Rua de Fernandes Tomás','268','','Ocupação do passeio',1682982000000,49500000,1682982000000,56700000,'',1682982000000,-8.601854,41.14898,49200000,1682982000000,49200000,107852,'-39346.23330000041,164531.29240000035'
'Aluimento','Travessa da Fonte de Contumil','271','','Ocupação do passeio',1682982000000,49920000,1682982000000,81900000,'',1682982000000,-8.581824,41.17107,49920000,1682982000000,49980000,107853,'-37652.10329999967,166976.4041000009'
'Avaria de telecomunicações','Rua do Conde da Covilhã','1307','CME','Ocupação do passeio',1682982000000,51720000,1682982000000,54000000,'',1682982000000,-8.654627,41.17368,51840000,1682982000000,51900000,107856,'-43759.9507999997,167300.1888999991'
'Avaria de telecomunicações','Rua de Camões','392','Groupfix','Estreitamento',1682982000000,52200000,1682982000000,54900000,'com policiamento',1682982000000,-8.609965,41.15542,52200000,1682982000000,52380000,108651,'-40023.21760000011,165250.2983999998'
'Outro motivo','Rua do Ouro','frente a antiga EDP','','Estreitamento',1683068400000,27000000,1683068400000,81900000,'Reparação de injetores na via',1683068400000,-8.642176,41.1481,-1320000,1683068400000,-1260000,107864,'-42731.71750000027,164453.23659999997'
'Outro motivo','Rua da Boa Nova','n.126','','Estreitamento',1683068400000,27000000,1683068400000,81900000,'Reparação de ramal no passeio',1683068400000,-8.624308,41.14965,-1860000,1683068400000,-1800000,107863,'-41230.795699999675,164615.92109999995'
'Outro motivo','Rua das Oliveiras','n.124','','Estreitamento',1683068400000,27000000,1683068400000,81900000,'Abertura de sonda no passeio',1683068400000,-8.614792,41.14983,-1920000,1683068400000,-1860000,107862,'-40431.885800000324,164631.61559999952'
'Avaria de telecomunicações','Rua de 31 de Janeiro','157','Meo','Ocupação do passeio',1682982000000,52200000,1682982000000,54000000,'',1682982000000,-8.608575,41.14616,52260000,1682982000000,52320000,108252,'-39912.22910000017,164221.29040000043'
'Outro motivo','Avenida da Boavista','237','','Ocupação do passeio',1682982000000,63000000,1682982000000,81900000,'',1682982000000,-8.630522,41.15805,63060000,1682982000000,63120000,108256,'-41747.062900000186,165552.1245000009'
'Outro motivo','Rua da Senhora do Porto','n.913','','Estreitamento',1683068400000,27000000,1683068400000,81900000,'Reparação de conduta na via',1683068400000,-8.624354,41.17958,-1200000,1683068400000,-1140000,107865,'-41215.86179999999,167940.3949000003'
'Avaria de telecomunicações','Rua do Bolhão','Nº 119','Wondercom','Ocupação do passeio',1683068400000,30600000,1683068400000,37800000,'Abrir CVP',1683068400000,-8.607302,41.15134,30420000,1683068400000,30540000,108665,'-39802.14589999994,164796.2759000012'
'Avaria elétrica','Rua Nova de S. Crispim','Nº 411','','Ocupação do passeio',1683068400000,28800000,1683068400000,81900000,'Baixa tensão',1683068400000,-8.596608,41.15956,29040000,1683068400000,29100000,107867,'-38899.57259999959,165704.56130000023'
'Avaria de telecomunicações','Rua dos Choupos','197','CME','Ocupação do passeio',1682982000000,55800000,1682982000000,57600000,'',1682982000000,-8.657258,41.17376,55920000,1682982000000,56040000,108254,'-43980.692499999954,167310.5129000003'
'Avaria de CCTV','','PMV02 - Rua Faria Guimarães / Via Cintura Interna','','',1683068400000,32960000,'','',' ',1683068400000,-8.60521,41.17072,32960000,1683068400000,32960000,108668,'-39614.85039999987,166947.5387000003'
'Outro motivo','Rua de Pedro Homem de Mello','Nº 160','','Ocupação do passeio',1683068400000,28380000,1683068400000,81900000,'Abrir Sonda',1683068400000,-8.667917,41.16338,28320000,1683068400000,28620000,108661,'-44882.25399999967,166162.56409999885'
'Outro motivo','Avenida da Boavista','237','','Ocupação do passeio',1682982000000,53100000,1682982000000,81900000,'',1682982000000,-8.626579,41.15737,53760000,1682982000000,53820000,108253,'-41416.54270000008,165475.32499999902'
'Avaria elétrica','Rua da Fábrica','nº 45','','Ocupação do passeio',1683068400000,28800000,1683068400000,81900000,'Baixa tensão',1683068400000,-8.613048,41.14744,29040000,1683068400000,29280000,108662,'-40286.95210000032,164366.21519999983'
'Outro motivo','Cais da Estiva','com Praça da Ribeira','','Estreitamento',1683068400000,26100000,1683068400000,81900000,'Abertura de sonda na faixa',1683068400000,-8.613191,41.14038,26160000,1683068400000,26760000,107866,'-40303.21980000026,163581.49010000002'
'Outro motivo','Avenida da Boavista','Com a rua de Santa Isabel','Sóltrafego','Estreitamento',1683068400000,28800000,1683068400000,57600000,'Com acompanhamento Policial .',1683068400000,-8.623904,41.15704,29340000,1683068400000,29580000,108664,'-41192.206600000114,165436.53310000003'
'Outro motivo','Rua de Gomes Leal','Nº 21','','Estreitamento',1683068400000,29400000,1683068400000,81900000,'Reparação de pavimento',1683068400000,-8.594218,41.15318,29220000,1683068400000,29460000,108663,'-38702.74210000034,164994.91319999943'
'Outro motivo','Rua da Pena','193','','Estreitamento',1683098100000,26100000,1683153900000,81900000,'Descobrir tomada',1683068400000,-8.632297,41.15026,26280000,1683068400000,26520000,108660,'-41901.073800000384,164688.48450000025'
'Acidente rodoviário','Rua de Mota Pinto','C/ R. S. João de Brito','INEM/ PSP','Estreitamento',1683068400000,25800000,1683068400000,81900000,'',1683068400000,-8.649854,41.16631,26460000,1683068400000,26880000,109060,'-43364.27240000004,166479.65010000046'
'Avaria de telecomunicações','Rua de Serpa Pinto','541','PDT','Ocupação do passeio',1683068400000,31500000,1683068400000,33300000,'',1683068400000,-8.620528,41.1654,31560000,1683068400000,31620000,108667,'-40903.63619999963,166363.7535999999'
'Avaria de telecomunicações','Rua do Revilão','Nº 255','Wondercom','Ocupação do passeio',1683068400000,30600000,1683068400000,37800000,'Abrir CVP',1683068400000,-8.657549,41.17144,30780000,1683068400000,30900000,108666,'-44006.61859999969,167052.36999999933'
'Outro motivo','Travessa da Fontinha','n.48','','Corte total',1683068400000,27000000,1683068400000,81900000,'reparação de coletor com corte de via e com acompanhamento policial',1683068400000,-8.605288,41.15499,-1440000,1683068400000,-1320000,108659,'-39630.920099999785,165200.88639999917'
'Aluimento','Avenida de Montevideu','com a rua do Funchal','','Corte total',1683068400000,27000000,1683068400000,81900000,'Aluimento na via',1683068400000,-8.685715,41.16288,-1620000,1683068400000,-1500000,108658,'-46376.37169999998,166117.1355000003'
'Outro motivo','Rua do Monte da Estação','n.190','','Estreitamento',1683068400000,27000000,1683068400000,81900000,'reparação de CRL no passeio',1683068400000,-8.585384,41.15222,-1740000,1683068400000,-1680000,108657,'-37961.79299999962,164883.95179999972'
'Acidente rodoviário','Via de Cintura Interna','após acesso mercado abastecedor','PSP/ IP','Estreitamento',1683068400000,32580000,1683068400000,36000000,'Acidente entre duas viaturas ligeiras',1683068400000,-8.581197,41.16177,35220000,1683068400000,35340000,107870,'-37604.82529999964,165942.72330000106'
'Avaria elétrica','Rua do Duque da Terceira','Nº 394','','Ocupação do passeio',1683068400000,33600000,1683068400000,81900000,'Abrir Buraco',1683068400000,-8.598861,41.14747,33540000,1683068400000,33600000,107868,'-39095.917999999474,164362.95670000048'
'Outro motivo','Rua de S. Brás','56','','Ocupação do passeio',1683068400000,44880000,1683068400000,81900000,'reparação tampa',1683068400000,-8.61112,41.15765,44940000,1683068400000,45000000,107874,'-40118.8306999998,165498.2827000006'
'Outro motivo','Rua de S. João Novo','14','','Ocupação do passeio',1683068400000,36000000,1683068400000,81900000,'verificar ramal aos 30',1683068400000,-8.616718,41.14196,36180000,1683068400000,36360000,107872,'-40598.423999999606,163759.1503000001'
'Avaria de CCTV','','PMV03 - Rua Faria Guimarães / Rua do Dr. Pedro Dias','','',1683068400000,36799000,'','',' ',1683068400000,-8.60636,41.16852,36799000,1683068400000,36799000,107873,'-39712.69020000001,166703.73470000012'
'Avaria de iluminação pública','Travessa de Nova Sintra','295','','Ocupação do passeio',1683068400000,45480000,1683068400000,81900000,'',1683068400000,-8.587561,41.14692,45540000,1683068400000,45660000,107875,'-38147.56989999957,164296.5435000006'
'Aluimento','Rua de S. Roque da Lameira','2298','','Estreitamento',1683068400000,51000000,1683068400000,81900000,'',1683068400000,-8.58933,41.15715,51060000,1683068400000,51120000,107880,'-38290.08810000035,165433.28389999934'
'Outro motivo','Cais da Estiva','com a Praça da Ribeira','','Estreitamento',1683154800000,27000000,1683154800000,81900000,'Reparação de pavimento no passeio',1683154800000,-8.613163,41.14039,-720000,1683154800000,-600000,107887,'-40300.86760000041,163583.29509999996'
'Rotura de conduta','Avenida dos Combatentes da Grande Guerra','c/ R. Bartolomeus Dias','','Ocupação do passeio',1683068400000,50580000,1683068400000,81900000,'',1683068400000,-8.591874,41.16448,50520000,1683068400000,50580000,107879,'-38499.34289999959,166248.94009999934'
'Outro motivo','Rua da Boa Nova','n.126','','Estreitamento',1683154800000,27000000,1683154800000,81900000,'reparação de pavimento na via',1683154800000,-8.624316,41.14965,-240000,1683154800000,-180000,109063,'-41231.46609999978,164616.82210000078'
'Outro motivo','Rua da Boa Viagem','sem numero','','Estreitamento',1683154800000,27000000,1683154800000,81900000,'Substituição de tampa de CI na via',1683154800000,-8.633216,41.14797,-120000,1683154800000,-60000,107891,'-41979.67150000022,164434.43469999928'
'Outro motivo','Rua da Pena','n.193','','Estreitamento',1683154800000,27000000,1683154800000,81900000,'reparação de pavimento na via',1683154800000,-8.63307,41.15054,-300000,1683154800000,-240000,107890,'-41965.72360000007,164719.25759999998'
'Outro motivo','Travessa do Campo do Rou','n.10','','Estreitamento',1683154800000,27000000,1683154800000,81900000,'reparação de pavimento na via',1683154800000,-8.630736,41.14713,-540000,1683154800000,-420000,107888,'-41771.99739999983,164339.8833000006'
'Acidente rodoviário','Via de Cintura Interna','viaduto do amial','IP','Estreitamento',1683068400000,45900000,1683068400000,49500000,'',1683068400000,-8.613549,41.17455,45960000,1683068400000,45960000,107876,'-40312.29000000004,167376.83329999988'
'Outro motivo','Avenida de Montevideu','com a rua do Funchal','','Estreitamento',1683154800000,27000000,1683154800000,81900000,'Reparação de aqueduto na via',1683154800000,-8.685705,41.16292,240000,1683154800000,360000,109064,'-46375.44550000042,166121.16640000098'
'Aluimento','Rua do Conde de Ferreira','','','Ocupação do passeio',1573516800000,41400000,1573516800000,81900000,'',1573516800000,-8.599764,41.14733,41880000,1573516800000,41880000,199,'-39171.79839999974,164347.84280000062'
'Outro motivo','Rua das Oliveiras','n.124','','Estreitamento',1683154800000,27000000,1683154800000,81900000,'Abertura de sonda no passeio',1683154800000,-8.61479,41.14982,120000,1683154800000,180000,107893,'-40431.66440000012,164630.94150000045'
'Outro motivo','Rua do Bonfim','com Barros Lima','','Estreitamento',1683154800000,27000000,1683154800000,81900000,'Abertura de sonda na via',1683154800000,-8.594197,41.1508,-2209161600000,1683154800000,120000,107892,'-38702.424100000455,164730.55929999967'
'Outro motivo','Rua de S. João Novo','n.14','','Estreitamento',1683154800000,27000000,1683154800000,81900000,'reparação de pavimento no passeio',1683154800000,-8.616729,41.14194,-420000,1683154800000,-360000,107889,'-40599.337299999825,163756.91210000054'
'Avaria de telecomunicações','Rua do Bonjardim','886','','Estreitamento',1683068400000,72000000,1683068400000,81900000,'',1683068400000,-8.606729,41.15832,74100000,1683068400000,74160000,107886,'-39749.83409999983,165571.6051999996'
'Avaria de telecomunicações','Rua do Montijo','Rua Senhora de Campanhã','','Ocupação do passeio',1683068400000,60300000,1683068400000,63900000,'',1683068400000,-8.57537,41.1672,60600000,1683068400000,60660000,107885,'-37112.63810000017,166543.0291000008'
'Avaria de telecomunicações','Rua de Guerra Junqueiro','325','wondercom','Ocupação do passeio',1683068400000,52200000,1683068400000,59400000,'',1683068400000,-8.637431,41.1559,52140000,1683068400000,52260000,107881,'-42328.417899999615,165316.7777999994'
'Avaria de telecomunicações','Rua do Cristelo','85','Wondercom','Ocupação do passeio',1683068400000,56700000,1683068400000,81900000,'',1683068400000,-8.629386,41.14577,57240000,1683068400000,57360000,107884,'-41659.566899999976,164187.5447000008'
'Outro motivo','Travessa da Fontinha','n.48','','Estreitamento',1683154800000,27000000,1683154800000,81900000,'Reparação de coletor na via',1683154800000,-8.605307,41.155,360000,1683154800000,480000,107894,'-39632.49129999982,165201.79209999926'
'Aluimento','Praça do Exército Libertador','116','','Ocupação do passeio',1683068400000,56700000,1683068400000,81900000,'',1683068400000,-8.624842,41.16576,57060000,1683068400000,57060000,107883,'-41265.45660000019,166405.3988000009'
'Outro motivo','Rua do Ouro','Frente a antiga EDP','','Estreitamento',1683154800000,27900000,1683154800000,81900000,'Reparação de injetores na via',1683154800000,-8.642267,41.14808,480000,1683154800000,540000,107895,'-42739.38900000037,164450.5898000005'
'Outro motivo','Rua da Senhora do Porto','n.913','','Estreitamento',1683154800000,27000000,1683154800000,81900000,'Reparação de conduta na via',1683154800000,-8.624537,41.17951,600000,1683154800000,660000,109065,'-41231.20899999974,167932.85879999862'
'Reparação de boca de incêndio','Rua de Aires de Ornelas','Nº 164','','Ocupação do passeio',1683154800000,25980000,1683154800000,81900000,'',1683154800000,-8.596555,41.15659,26040000,1683154800000,26160000,107897,'-38896.892400000215,165374.02749999976'
'Avaria de telecomunicações','Rua Nova do Regado','Nº338','Altice- Pedro Rocha','Estreitamento',1683068400000,48600000,1683068400000,55800000,'Abrir CVP C/ policiamento',1683068400000,-8.620197,41.17072,48840000,1683068400000,48960000,109062,'-40872.5482000001,166954.56409999932'
'Acidente rodoviário','Via Norte','junto ao acesso N12','','Estreitamento',1683154800000,27420000,1683154800000,30600000,'Despiste de viatura ligeira',1683154800000,-8.62232,41.17781,27540000,1683154800000,27600000,107899,'-41046.254200000345,167742.3847'
'Acidente rodoviário','Via de Cintura Interna','Viaduto do amial','PSP','Estreitamento',1683154800000,26700000,1683154800000,27000000,'Embate entre 3 viaturas ligeiras',1683154800000,-8.613554,41.17453,26940000,1683154800000,27000000,109066,'-40312.7500999999,167375.04209999935'
'Avaria de veículo','Via de Cintura Interna','Mercado abastecedor','IP','Estreitamento',1683154800000,25800000,1683154800000,30600000,'',1683154800000,-8.581231,41.16158,26820000,1683154800000,26880000,107898,'-37607.73880000035,165921.87890000053'
'Outro motivo','Passeio das Virtudes','Nº 30','','Ocupação do passeio',1683154800000,33000000,1683154800000,81900000,'Tamponar ramal',1683154800000,-8.618329,41.14405,32880000,1683154800000,33180000,109471,'-40732.356700000295,163991.5726999997'
'Avaria de telecomunicações','Rua de Júlio Dinis','nº71','PDT- António Fonseca','Ocupação do passeio',1683154800000,38400000,1683154800000,39600000,'',1683154800000,-8.625644,41.14945,38040000,1683154800000,38760000,109873,'-41343.05169999972,164594.49829999878'
'Avaria de telecomunicações','Rua de Gonçalo Sampaio','Nº 243','BYSAT','Ocupação do passeio',1683154800000,36360000,1683154800000,38160000,'Abrir CVP',1683154800000,-8.631062,41.1546,36420000,1683154800000,36720000,109870,'-41794.59619999952,165169.49919999996'
'Acidente rodoviário','Avenida da Associação Empresarial de Portugal','a meio da avenida','','Estreitamento',1683154800000,38100000,1683154800000,39600000,'',1683154800000,-8.650335,41.17372,38580000,1683154800000,38760000,109875,'-43399.74390000018,167302.5342999987'
'Outro motivo','Rua de Sá de Albergaria','600','','Ocupação do passeio',1683154800000,36000000,1683154800000,81900000,'Tamponar ramal .',1683154800000,-8.680866,41.16201,36840000,1683154800000,36900000,109871,'-45970.01229999961,166017.29329999912'
'Outro motivo','Rua de Paredes','61','','Estacionamento',1683154800000,36000000,1683154800000,81900000,'Tamponar ramal .',1683154800000,-8.661226,41.16432,36960000,1683154800000,37020000,109872,'-44320.03110000022,166263.88069999978'
'Avaria de telecomunicações','Rua do Almada','Nº 383','Visabeira','Estacionamento',1683154800000,32400000,1683154800000,34200000,'Abrir CVP',1683154800000,-8.612096,41.15041,32340000,1683154800000,32520000,107903,'-40205.208399999865,164694.66579999932'
'Outro motivo','Rua do Bonfim','C/ Rua Barros Lima','','Estreitamento',1683154800000,31080000,1683154800000,81900000,'Instalar Válvula de Ramal C/ policiamento',1683154800000,-8.594151,41.15083,30780000,1683154800000,31140000,109068,'-38698.556800000355,164733.35610000094'
'Avaria de telecomunicações','Rua de Santos Pousada','661','MEO','Estacionamento',1683154800000,30600000,1683154800000,34200000,'',1683154800000,-8.599551,41.15468,30480000,1683154800000,30600000,107900,'-39149.54229999979,165163.13450000092'
'Avaria elétrica','Rua de S. Roque da Lameira','Nº 1748','','Ocupação do passeio',1683154800000,38400000,1683154800000,81900000,'Baixa tensão',1683154800000,-8.583315,41.15875,38400000,1683154800000,38700000,109874,'-37784.35149999988,165608.77129999947'
'Outro motivo','Rua do Veludo','Nº 7 A','','Corte total',1683154800000,33600000,1683154800000,81900000,'Tamponar Ramal',1683154800000,-8.671934,41.15055,32880000,1683154800000,33900000,109470,'-45228.205299999725,164739.9234999983'
'Outro motivo','Rua dos Bragas','300','','Ocupação do passeio',1683154800000,36900000,1683154800000,81900000,'Substituição de válvula de ramal .',1683154800000,-8.617072,41.1526,37080000,1683154800000,37200000,110271,'-40621.531299999966,164940.56149999937'
'Avaria de telecomunicações','Rua de Santo Ildefonso','210','Wondercom','Ocupação do passeio',1683154800000,36000000,1683154800000,43200000,'',1683154800000,-8.60353,41.14662,35940000,1683154800000,36060000,109869,'-39488.41339999998,164269.89299999943'
'Outro motivo','Rua Nova da Alfândega','junto ao parque de estacionamento','INEM /PM/PSP','Corte total',1683154800000,44100000,1683154800000,45000000,'DOENÇA SÚBITA',1683154800000,-8.618294,41.1413,44820000,1683154800000,44940000,109876,'-40731.08949999973,163686.05719999978'
'Avaria elétrica','Rua dos Heróis e dos Mártires de Angola','Nº 146','','Ocupação do passeio',1683154800000,32400000,1683154800000,81900000,'Iluminação Publica',1683154800000,-8.60987,41.15204,32280000,1683154800000,32580000,109468,'-40017.284499999885,164874.8387999989'
'Outro motivo','Rua do Professor Carlos Alberto Ferreira de Almeida','nº 44','','Estreitamento',1683154800000,48000000,1683154800000,81900000,'Instalação de Ramal',1683154800000,-8.64102,41.15084,47940000,1683154800000,48120000,109878,'-42632.97350000033,164756.47069999977'
'Avaria de telecomunicações','Rua de Agramonte','64','bysat- colt','Ocupação do passeio',1683154800000,46800000,1683154800000,48600000,'',1683154800000,-8.631065,41.15629,46860000,1683154800000,46920000,109877,'-41793.770800000115,165357.48599999948'
'Reparação de válvula','Rua de Santo Tirso','Nº 97','','Ocupação do passeio',1683154800000,48600000,1683154800000,81900000,'',1683154800000,-8.661794,41.16462,48840000,1683154800000,49020000,110275,'-44367.50719999975,166297.88389999946'
'Reparação de válvula','Rua de Manuel Pinto de Azevedo','Nº 167','','Ocupação do passeio',1683154800000,48600000,1683154800000,81900000,'',1683154800000,-8.646079,41.17133,48780000,1683154800000,49080000,110274,'-43044.1780000003,167035.1119999997'
'Avaria de telecomunicações','Rua da Alegria','470','','Estacionamento',1683154800000,51480000,1683154800000,58680000,'altice',1683154800000,-8.603216,41.15398,51480000,1683154800000,51540000,110277,'-39457.61710000039,165087.25840000052'
'Avaria de telecomunicações','Rua de Adolfo Casais Monteiro','81','','Ocupação do passeio',1683154800000,50400000,1683154800000,53100000,'',1683154800000,-8.622923,41.14899,50640000,1683154800000,51060000,110276,'-41114.91959999961,164542.0577000006'
'Acidente rodoviário','Rua do Dr. Joaquim Pires de Lima','c/ R. Costa Cabral','','Estreitamento',1683154800000,51660000,1683154800000,55260000,'',1683154800000,-8.597577,41.16608,51660000,1683154800000,51720000,110279,'-38977.037499999664,166428.9658000003'
'Avaria de telecomunicações','Largo dos Lóios','70','','Ocupação do passeio',1683154800000,51720000,1683154800000,58920000,'',1683154800000,-8.61226,41.14535,51660000,1683154800000,51780000,110280,'-40222.064699999966,164133.26700000087'
'Avaria de CCTV','','PMV04 - Rua de Camões','','',1683154800000,52586000,'','',' ',1683154800000,-8.60994,41.15408,52586000,1683154800000,52586000,110281,'-40021.94670000028,165101.68920000066'
'Rotura de conduta','Rua de António Aroso','Nº 115','','Estreitamento',1683241200000,25920000,1683241200000,81900000,'',1683241200000,-8.670901,41.16604,26100000,1683241200000,26400000,110691,'-45130.87270000023,166460.34940000047'
'Acidente rodoviário','Avenida da Associação Empresarial de Portugal','após saída para rotunda AEP','PSP','Corte total',1683241200000,21600000,1683241200000,22500000,'',1683241200000,-8.65532,41.17796,21960000,1683241200000,22740000,110689,'-43815.22910000017,167776.08670000033'
'Outro motivo','Rua do Professor Carlos Alberto Ferreira de Almeida','48','','Ocupação do passeio',1683154800000,56700000,1683154800000,81900000,'Descobrir tomada',1683154800000,-8.640952,41.15085,56280000,1683154800000,56400000,110683,'-42627.226700000414,164757.3324999997'
'Avaria de CCTV','','PMV11 - Rua de S. Brás / Rua de Damião Góis','','',1683154800000,56592000,'','',' ',1683154800000,-8.60969,41.16141,56592000,1683154800000,56592000,110684,'-39996.48929999961,165915.63539999956'
'Outro motivo','Rua do Conde de Avranches','668','','Estreitamento',1683154800000,54900000,1683154800000,81900000,'desvio de hidrante',1683154800000,-8.611828,41.17673,55200000,1683154800000,55260000,110682,'-40166.5880000004,167618.3495999998'
'Avaria de telecomunicações','Rua Poente da Colónia Dr. Manuel Laranjeira','Nº 65','Wondercom','Ocupação do passeio',1683154800000,58500000,1683154800000,65700000,'',1683154800000,-8.598829,41.17001,58800000,1683154800000,59040000,110685,'-39079.82100000047,166865.56849999895'
'Outro motivo','Avenida de Rodrigues de Freitas','n.340','','Estreitamento',1683241200000,27000000,1683241200000,81900000,'Reparação de pavimento no passeio',1683241200000,-8.604248,41.14535,-1740000,1683241200000,-1680000,110686,'-39549.417999999576,164129.56430000064'
'Avaria de telecomunicações','Rua Formosa','Nº 227','Wondercom','Ocupação do passeio',1683154800000,58500000,1683154800000,65700000,'',1683154800000,-8.605587,41.14807,58860000,1683154800000,58920000,111085,'-39660.150799999945,164432.2387000001'
'Outro motivo','Rua de S. João Novo','nº 12/14','','Ocupação do passeio',1683241200000,31200000,1683241200000,81900000,'Reparação de Ramal',1683241200000,-8.617113,41.14205,31320000,1683241200000,31440000,110696,'-40631.49220000017,163769.46440000107'
'Outro motivo','Rua do Bonfim','com barros Lima','','Estreitamento',1683241200000,27000000,1683241200000,81900000,'Abertura de sonda na via com acompanhamento Policial',1683241200000,-8.59418,41.15082,-1380000,1683241200000,-1260000,110687,'-38700.93379999977,164732.93060000098'
'Rotura de conduta','Rua de Diogo Botelho','671','','Estreitamento',1683154800000,54000000,1683154800000,81900000,'',1683154800000,-8.655174,41.15197,54360000,1683154800000,54360000,110282,'-43820.32450000017,164889.19969999974'
'Outro motivo','Rua do Mondego','Nº 31','','Ocupação do passeio',1683241200000,25980000,1683241200000,81900000,'Reparação de CI',1683241200000,-8.598626,41.17189,25980000,1683241200000,26580000,110690,'-39061.654000000046,167074.31210000074'
'Outro motivo','Rua Tareija Vaz de Altaro','Calçada da Vandoma','PSP','Corte total',1683241200000,28200000,1683241200000,81900000,'Bênção dos capacetes',1683241200000,-8.611049,41.14316,28680000,1683241200000,28800000,110693,'-40121.74810000044,163889.70690000054'
'Outro motivo','Rua de Ciríaco Cardoso','n.431','','Estreitamento',1683241200000,27000000,1683241200000,81900000,'Reparação de aqueduto na via',1683241200000,-8.650712,41.16047,-1080000,1683241200000,-1020000,110688,'-43440.155700000025,165831.12010000052'
'Acidente rodoviário','Avenida da Associação Empresarial de Portugal','','','Estreitamento',1683241200000,29700000,1683241200000,32400000,'',1683241200000,-8.644236,41.16892,29880000,1683241200000,30300000,110695,'-42891.05140000028,166766.7213000004'
'Avaria de telecomunicações','Rua do Visconde de Setúbal','Nº 45','Groupfix- José Augusto','Estacionamento',1683241200000,29700000,1683241200000,54000000,'Abrir CVP',1683241200000,-8.605249,41.16242,29640000,1683241200000,29760000,111092,'-39623.1629999997,166025.60820000034'
'Outro motivo','Rua dos Bragas','Nº 284','','Ocupação do passeio',1683241200000,33000000,1683241200000,81900000,'Reparação de Tampa Saneamento',1683241200000,-8.616947,41.1526,32880000,1683241200000,33000000,110698,'-40611.06759999974,164940.07890000017'
'Reparação de válvula','Rua de Gonçalo Cristóvão','Nº 128','','Estreitamento',1683241200000,26340000,1683241200000,81900000,'',1683241200000,-8.607423,41.15353,26220000,1683241200000,26340000,111091,'-39810.97609999957,165039.71480000022'
'Outro motivo','Travessa da Fontinha','n.48','','Estreitamento',1683241200000,27000000,1683241200000,81900000,'Reparação de coletor na via',1683241200000,-8.605292,41.155,-1200000,1683241200000,-1140000,111088,'-39631.244900000296,165201.33569999982'
'Outro motivo','Rua do Coronel Raúl Peres','sem','','Estreitamento',1683241200000,27000000,1683241200000,81900000,'Abertura de sonda no passeio',1683241200000,-8.676723,41.1505,-1500000,1683241200000,-1440000,111087,'-45630.28990000027,164737.6238999994'
'Avaria de telecomunicações','Rua dos Clérigos','18','Wondercom','Ocupação do passeio',1683241200000,32400000,1683241200000,39600000,'',1683241200000,-8.612544,41.14601,32280000,1683241200000,32400000,110697,'-40245.47159999979,164206.79629999967'
'Outro motivo','Avenida de Fernão de Magalhães','Nº 1061','','Ocupação do passeio',1683241200000,25980000,1683241200000,81900000,'Verif. Ramal 30',1683241200000,-8.593181,41.15897,26040000,1683241200000,26520000,111090,'-38612.33370000031,165637.18200000012'
'Outro motivo','Rua de Aires de Ornelas','n.161','','Estreitamento',1683241200000,27000000,1683241200000,81900000,'reparação de ramal no passeio',1683241200000,-8.596502,41.15656,-1620000,1683241200000,-1560000,111086,'-38892.473399999624,165371.49049999967'
'Outro motivo','Rua da India','Nº 236','','Estreitamento',1683241200000,27540000,1683241200000,81900000,'Subst. Ramal aos 30',1683241200000,-8.679966,41.16041,27480000,1683241200000,27540000,110692,'-45895.59130000052,165839.54939999967'
'Acidente rodoviário','Via de Cintura Interna','após viaduto amial','PSP','Estreitamento',1683241200000,29160000,1683241200000,30300000,'Embate entre 3 viaturas',1683241200000,-8.614187,41.17446,29280000,1683241200000,29820000,110694,'-40365.91299999971,167367.2649000018'
'Outro motivo','Rua da Senhora do Porto','n.913','','Estreitamento',1683241200000,27000000,1683241200000,81900000,'reparação de conduta na via',1683241200000,-8.624488,41.17951,-960000,1683241200000,-900000,111089,'-41227.15539999959,167933.2841999995'
'Reparação de boca de incêndio','Rua de Pedro Hispano','Nº 946','','Ocupação do passeio',1683241200000,41400000,1683241200000,81900000,'',1683241200000,-8.631863,41.16458,41460000,1683241200000,41520000,110702,'-41855.49440000019,166278.30240000045'
'Outro motivo','Rua de Trás','Nº 13','','Ocupação do passeio',1683241200000,39600000,1683241200000,81900000,'Reparação de Ramal',1683241200000,-8.612634,41.14574,40080000,1683241200000,40140000,110701,'-40253.2399000004,164176.32420000026'
'Avaria de telecomunicações','Alameda de Aquilino Ribeiro','c/ R. Aires de Gouveia Osório- nº 115','meo','Ocupação do passeio',1683241200000,35460000,1683241200000,39060000,'',1683241200000,-8.649447,41.1697,35640000,1683241200000,35820000,110700,'-43327.87770000001,166855.09610000072'
'Avaria de telecomunicações','Rua de Mouzinho da Silveira','249','ALTICE','Ocupação do passeio',1683241200000,35040000,1683241200000,42240000,'',1683241200000,-8.612271,41.14423,35040000,1683241200000,35100000,110699,'-40223.67250000038,164009.09520000004'
'Avaria de telecomunicações','Rua das Antas','321','meo','Estreitamento',1683241200000,44400000,1683241200000,49800000,'',1683241200000,-8.591607,41.15947,44640000,1683241200000,44700000,110704,'-38479.88619999955,165691.7184999998'
'Outro motivo','Rua de Cedofeita','103','','Ocupação do passeio',1683241200000,57600000,1683241200000,81900000,'Substituir válvula de ramal',1683241200000,-8.616774,41.14988,57780000,1683241200000,57840000,110714,'-40598.18350000033,164638.52080000003'
'Avaria de telecomunicações','Rua de Serpa Pinto','417','','Ocupação do passeio',1683241200000,53100000,1683241200000,55800000,'',1683241200000,-8.620754,41.16422,52860000,1683241200000,52920000,110713,'-40923.36820000054,166232.42909999943'
'Avaria de telecomunicações','Rua de Egas Moniz','83','PDT','Estreitamento',1683241200000,51300000,1683241200000,51600000,'',1683241200000,-8.617527,41.16247,51180000,1683241200000,51240000,110712,'-40653.631099999926,166037.46600000045'
'Outro motivo','Rua de Serralves','Nº 394','','Ocupação do passeio',1683241200000,50280000,1683241200000,81900000,'Descobrir tomada',1683241200000,-8.651398,41.1562,50220000,1683241200000,50280000,110709,'-43500.51929999982,165357.60920000033'
'Avaria de telecomunicações','Rua de Alexandre Herculano','414','wondercom','Ocupação do passeio',1683241200000,50460000,1683241200000,57600000,'',1683241200000,-8.60645,41.14461,50520000,1683241200000,50760000,110711,'-39734.75769999997,164047.86229999945'
'Avaria de telecomunicações','Rua de Gondarém','266','','Ocupação do passeio',1683241200000,48780000,1683241200000,81900000,'',1683241200000,-8.679321,41.15563,48780000,1683241200000,48840000,110708,'-45844.80489999988,165307.77710000033'
'Acidente rodoviário','Via de Cintura Interna','Após nó das Antas','','Estreitamento',1683327600000,40500000,1683327600000,44100000,'',1683327600000,-8.589858,41.16878,40680000,1683327600000,40740000,110720,'-38327.659900000275,166725.69290000005'
'Avaria de iluminação pública','Rua do Carvalho','5','','Ocupação do passeio',1683241200000,48420000,1683241200000,81900000,'Separador central',1683241200000,-8.669565,41.15266,48480000,1683241200000,48540000,110707,'-45027.86660000026,164973.59080000033'
'Outro motivo','Rua do Bonfim','Com rua de Barros Lima','','Estreitamento',1683327600000,27000000,1683327600000,81900000,'Instalar válvula de conduta',1683327600000,-8.594164,41.15082,26880000,1683327600000,27000000,110715,'-38699.58650000024,164732.25049999912'
'Aluimento','Rua de Aires de Ornelas','162','','Estreitamento',1683327600000,45000000,1683327600000,81900000,'',1683327600000,-8.596542,41.15662,45300000,1683327600000,45360000,110721,'-38895.819299999566,165377.33979999993'
'Avaria de telecomunicações','Rua de Santa Catarina','1566','GroupFix','Ocupação do passeio',1683327600000,28800000,1683327600000,36000000,'',1683327600000,-8.604515,41.16009,28560000,1683327600000,28620000,110716,'-39562.96860000029,165766.95240000056'
'Avaria de CCTV','','PMV01 - Avenida Associação Empresarial de Portugal (AEP)','','',1683327600000,34270000,'','',' ',1683327600000,-8.65116,41.17439,34270000,1683327600000,34270000,111095,'-43468.52359999996,167377.1613999991'
'Outro motivo','Rua de Ramalde do Meio','262','','Estacionamento',1683327600000,28800000,1683327600000,81900000,'rotura de ramal',1683327600000,-8.640974,41.17517,29400000,1683327600000,29460000,110717,'-42613.26460000031,167458.82480000018'
'Acidente rodoviário','Via de Cintura Interna','Mercado abastecedor','PSP','Estreitamento',1683327600000,45000000,1683327600000,48600000,'',1683327600000,-8.581576,41.16383,45180000,1683327600000,45240000,111096,'-37635.406799999975,166171.3173999992'
'Avaria de telecomunicações','Rua de Costa Cabral','2768','PDT','Ocupação do passeio',1683241200000,48180000,1683241200000,50400000,'',1683241200000,-8.583629,41.17995,48300000,1683241200000,48360000,110706,'-37798.46630000042,167962.8752999991'
'Avaria de telecomunicações','Rua de João Pedro Ribeiro','822','GroupFix','Estreitamento',1683327600000,32400000,1683327600000,43200000,'Com acompanhamento policial',1683327600000,-8.608024,41.16117,32940000,1683327600000,35700000,111094,'-39856.7657000003,165888.2614999993'
'Outro motivo','Rua de Vila Cova','464','','Estacionamento',1683327600000,36900000,1683327600000,81900000,'Verificar ramal aos 30',1683327600000,-8.567789,41.17468,36960000,1683327600000,37020000,110719,'-36472.315000000446,167370.94810000088'
'Avaria de telecomunicações','Rua do Dr. Ricardo Jorge','74','Wondercom','Ocupação do passeio',1683327600000,31500000,1683327600000,38700000,'',1683327600000,-8.611937,41.15033,31680000,1683327600000,31800000,110718,'-40191.90099999963,164686.63390000004'
'Avaria de telecomunicações','Rua de Faria Guimarães','33 e 9','GroupFix','Estreitamento',1683327600000,45900000,1683327600000,57600000,'',1683327600000,-8.609097,41.15771,45960000,1683327600000,46020000,110722,'-39949.01030000019,165504.0861000007'
'Rotura de conduta','Rua da Alegria','','','Estreitamento',1683327600000,51300000,1683327600000,81900000,'Rutura de ramal domiciliário na faixa de rodagem',1683327600000,-8.603913,41.14679,51540000,1683327600000,51780000,110723,'-39520.4044000004,164289.08649999998'
'Avaria de telecomunicações','','rua do  Marques','','Estreitamento',1683327600000,55800000,1683327600000,81900000,'Avaria ,substituição de cabo.',1683327600000,-8.60712,41.1464,56280000,1683327600000,56400000,110725,'-39789.882600000274,164247.52040000082'
'Avaria elétrica','Praça do Marquês de Pombal','','','Estacionamento',1683327600000,47700000,1683327600000,81900000,'Substituição de cabo',1683327600000,-8.604546,41.15976,55140000,1683327600000,55740000,110724,'-39565.72860000005,165729.92879999935'
'Avaria de CCTV','Praça de Mouzinho de Albuquerque','cruzamento com caldas xavier','Soltráfego','Estreitamento',1683327600000,54900000,1683327600000,60540000,'',1683327600000,-8.629395,41.15697,62340000,1683327600000,62880000,110726,'-41653.1837999998,165431.9971999994'
'Outro motivo','Rua de Antero de Quental','175','','Ocupação do passeio',1683500400000,26100000,1683500400000,81900000,'substituir válvula ramal',1683500400000,-8.611855,41.1597,26400000,1683500400000,26460000,110728,'-40179.22219999975,165726.99039999928'
'Outro motivo','Rua de Gonçalo Cristóvão','252','','Estreitamento',1683500400000,26160000,1683500400000,81900000,'substituir válvula ramal',1683500400000,-8.609687,41.1536,26340000,1683500400000,26400000,110727,'-40001.03990000026,165048.66269999946'
'Outro motivo','Praça de Guilherme Gomes Fernandes','24','','Corte total',1683500400000,26100000,1683500400000,81900000,'substituir válvula ramal',1683500400000,-8.614832,41.14744,26520000,1683500400000,26520000,110729,'-40436.668999999776,164367.00819999905'
'Outro motivo','Rua do Ouro','998','','Estreitamento',1683500400000,27000000,1683500400000,81900000,'Reparação caixa inspeção',1683500400000,-8.644686,41.14824,27060000,1683500400000,27120000,111099,'-42942.38150000015,164470.1786000003'
'Aluimento','Rua da India','366','','Estreitamento',1683500400000,29580000,1683500400000,81900000,'',1683500400000,-8.679581,41.16091,29640000,1683500400000,29700000,110734,'-45862.88310000017,165894.89900000062'
'Rotura de conduta','Rua de S. Roque da Lameira','1539','','Ocupação do passeio',1683500400000,28380000,1683500400000,81900000,'',1683500400000,-8.581134,41.15934,28500000,1683500400000,28560000,110733,'-37600.951000000365,165673.1611999997'
'Outro motivo','Rua das Berlengas','c/ R. Cidade de Vigo','','Estreitamento',1683500400000,26820000,1683500400000,81900000,'substituir SI',1683500400000,-8.612686,41.17928,26880000,1683500400000,26940000,111098,'-40236.98469999993,167901.49039999937'
'Aluimento','Rua de Serralves','394','','Ocupação do passeio',1683500400000,27000000,1683500400000,81900000,'',1683500400000,-8.651366,41.15619,27360000,1683500400000,27420000,110732,'-43497.90529999969,165355.87260000024'
'Avaria de telecomunicações','Rua do Breiner','159','','Ocupação do passeio',1683500400000,34200000,1683500400000,81900000,'',1683500400000,-8.619472,41.15109,34260000,1683500400000,34380000,110736,'-40823.95689999968,164773.51399999985'
'Outro motivo','Rua do Monte Cativo','116','','Estreitamento',1683500400000,27000000,1683500400000,81900000,'reparar ramal',1683500400000,-8.617148,41.16013,27240000,1683500400000,27300000,110731,'-40623.2137000001,165777.24459999925'
'Outro motivo','Rua de Faria Guimarães','189','','Ocupação do passeio',1683500400000,26100000,1683500400000,81900000,'substituir válvula ramal',1683500400000,-8.608481,41.15902,26580000,1683500400000,26640000,111097,'-39896.44699999972,165649.0988999996'
'Aluimento','Rua de António Aroso','115','','Estreitamento',1683500400000,36000000,1683500400000,81900000,'',1683500400000,-8.670871,41.16596,36180000,1683500400000,36240000,111101,'-45128.39740000017,166450.5406'
'Avaria de telecomunicações','Avenida da Boavista','2552','','Ocupação do passeio',1683500400000,34200000,1683500400000,39600000,'Abrir CVP',1683500400000,-8.653457,41.16208,34260000,1683500400000,34320000,110735,'-43669.49060000017,166011.12699999972'
'Aluimento','Rua de Trás','9','','Ocupação do passeio',1683500400000,27000000,1683500400000,81900000,'',1683500400000,-8.6126,41.1457,27120000,1683500400000,27180000,110730,'-40250.39130000031,164172.24760000003'
'Outro motivo','Rua de Aires de Ornelas','230','','Ocupação do passeio',1683500400000,37500000,1683500400000,81900000,'substituir válvula de ramal',1683500400000,-8.597055,41.15708,37620000,1683500400000,37680000,111500,'-38938.54370000027,165429.37819999972'
'Outro motivo','Rua do Souto de Contumil','260','','Ocupação do passeio',1683500400000,37560000,1683500400000,81900000,'desentulhar tomada',1683500400000,-8.578791,41.16665,37740000,1683500400000,37800000,111501,'-37400.11980000048,166483.8422'
'Outro motivo','Rua da Trindade','115','','Ocupação do passeio',1683500400000,37560000,1683500400000,81900000,'rotura de ramal',1683500400000,-8.609818,41.15173,37800000,1683500400000,37860000,111502,'-40013.14030000014,164840.24049999888'
'Avaria de veículo','Via de Cintura Interna','','','Estreitamento',1574899200000,25860000,1574899200000,27000000,'',1574899200000,-8.607125,41.17278,25980000,1574899200000,27300000,634,'-39774.34480000019,167177.29720000023'
'Aluimento','Rua de Ramalde do Meio','262','','Estreitamento',1683500400000,41400000,1683500400000,81900000,'',1683500400000,-8.640977,41.17519,41280000,1683500400000,41340000,111503,'-42613.4753000001,167461.29080000042'
'Anomalia de sinalização luminosa','Estrada da Circunvalação','junto ao queimódromo','Sol tráfego','Estreitamento',1683500400000,45900000,1683500400000,54000000,'',1683500400000,-8.685134,41.1735,46140000,1683500400000,46200000,111504,'-46320.07699999961,167296.40420000037'
'Outro motivo','Rua do Tejo','26','','Estreitamento',1683500400000,47100000,1683500400000,81900000,'substituir válvula de ramal',1683500400000,-8.599064,41.17204,47160000,1683500400000,47220000,111505,'-39098.305899999956,167091.27540000004'
'Avaria de telecomunicações','Rua do Cunha','192','wondercom','Ocupação do passeio',1683500400000,48480000,1683500400000,55800000,'',1683500400000,-8.601344,41.16649,48540000,1683500400000,48600000,111906,'-39292.954699999675,166475.65330000126'
'Rotura de conduta','Rua de Aurélia de Sousa','69','','Ocupação do passeio',1683500400000,49500000,1683500400000,81900000,'',1683500400000,-8.599536,41.15961,50160000,1683500400000,50160000,111907,'-39145.342600000135,165710.56360000008'
'Avaria de CCTV','','PMV07 - Avenida Fernão de Magalhães / Via Cintura Interna','','',1683500400000,51750000,'','',' ',1683500400000,-8.58837,41.16745,51750000,1683500400000,51750000,111908,'-38203.543399999886,166576.82049999974'
'Outro motivo','Rua do Engenheiro Ezequiel de Campos','Nº 103','','Estreitamento',1683586800000,3600000,1683586800000,81900000,'Reparação de câmara de inspeção',1683586800000,-8.649907,41.17074,3900000,1683586800000,3960000,113119,'-43365.82890000006,166970.76449999944'
'Avaria de veículo','Via de Cintura Interna','Após nó mercado abastecedor','IP/PSP','Estreitamento',1683500400000,52200000,1683500400000,72000000,'',1683500400000,-8.581182,41.16183,55980000,1683500400000,72300000,112315,'-37603.52070000022,165949.87340000074'
'Avaria de CCTV','','PMV05 - Rua Marques Pinto / Via Futebol Clube do Porto','','',1683500400000,57694000,'','',' ',1683500400000,-8.58262,41.15993,57694000,1683500400000,57694000,112316,'-37725.308899999545,165739.14279999948'
'Rotura de conduta','Rua de Matias de Albuquerque','nº 80','','Ocupação do passeio',1683500400000,59220000,1683500400000,81900000,'',1683500400000,-8.572535,41.16394,59280000,1683500400000,59340000,112317,'-36876.5450999998,166180.51380000077'
'Outro motivo','Rua do Cerco do Porto','Bloco 25, entrada 119','','Ocupação do passeio',1683586800000,3600000,1683586800000,81900000,'Retirar sifão',1683586800000,-8.568303,41.16168,4020000,1683586800000,4080000,112720,'-36522.681300000324,165927.192600001'
'Rotura de conduta','Rua do Professor Abílio Cardoso','46','','Estreitamento',1683500400000,54900000,1683500400000,81900000,'',1683500400000,-8.640228,41.15178,54840000,1683500400000,54960000,111911,'-42565.83310000045,164861.0451999996'
'Anomalia de sinalização luminosa','','137 - Rua Diogo Botelho / Rua Gomes Eanes Azurara','','',1681426800000,2107022000,'','',' ',1681426800000,-8.66233,41.1506,2107022000,1681426800000,2107022000,111912,'-44421.96719999982,164740.72110000084'
'Avaria de CCTV','','PMV07 - Avenida Fernão de Magalhães / Via Cintura Interna','','',1683500400000,55072000,'','',' Reiniciar ',1683500400000,-8.58837,41.16745,55072000,1683500400000,55072000,111913,'-38203.543399999886,166576.82049999974'
'Outro motivo','Rua do Pinheiro Grande','com Circunvalação','','Estreitamento',1683500400000,54000000,1683500400000,57600000,'Instalação de radar por parte da Soltrafego',1683500400000,-8.566605,41.16024,53340000,1683500400000,53520000,111910,'-36380.96150000016,165766.48799999984'
'Reparação de coletor','Rua de Faria Guimarães','Nº 189','','Ocupação do passeio',1683586800000,3600000,1683586800000,81900000,'',1683586800000,-8.608503,41.15902,3660000,1683586800000,3720000,112719,'-39898.314199999906,165649.861199999'
'Outro motivo','Rua de João das Regras','Nº 96','','Ocupação do passeio',1683500400000,60660000,1683500400000,81900000,'Rotura de ramal',1683500400000,-8.608848,41.15519,60720000,1683500400000,60780000,112715,'-39929.59059999968,165224.61160000035'
'Acidente rodoviário','Rotunda do Bessa','','','Estreitamento',1683500400000,61200000,1683500400000,64800000,'Embate entre ligeiro e Pesado',1683500400000,-8.639657,41.16539,61440000,1683500400000,61440000,112716,'-42509.09059999976,166371.7401000006'
'Outro motivo','Rua do Professor José Valente','Nº 58','','Ocupação do passeio',1683500400000,51960000,1683500400000,81900000,'Descobrir Tomada',1683500400000,-8.640761,41.15181,52080000,1683500400000,52140000,111909,'-42610.59549999985,164864.50559999896'
'Aluimento','Rua de Martim Moniz','Nº 1055','','Estreitamento',1683586800000,3600000,1683586800000,81900000,'',1683586800000,-8.661105,41.17532,3600000,1683586800000,3660000,112718,'-44302.40099999959,167485.86360000013'
'Outro motivo','Rua da Póvoa','Nº 335','','Estreitamento',1683586800000,3600000,1683586800000,81900000,'Reparação de câmara de inspeção',1683586800000,-8.59897,41.15441,3780000,1683586800000,3900000,113118,'-39100.95260000046,165132.8172999996'
'Aluimento','Rua Direita de Francos','903','','Estreitamento',1683500400000,63000000,1683500400000,81900000,'',1683500400000,-8.637609,41.1667,63180000,1683500400000,63240000,112717,'-42336.36589999966,166515.96179999938'
'Reparação de coletor','Travessa da Fontinha','Nº 48','','Corte total',1683586800000,3600000,1683586800000,81900000,'',1683586800000,-8.605292,41.15501,4140000,1683586800000,4200000,113120,'-39631.22470000017,165202.44439999913'
'Rotura de conduta','Rua de S. Roque da Lameira','Nº 1539','','Estreitamento',1683586800000,3600000,1683586800000,81900000,'Reparação de conduta',1683586800000,-8.581644,41.15926,4440000,1683586800000,4560000,112721,'-37643.769500000366,165664.8597999995'
'Outro motivo','Rua de Ciríaco Cardoso','Nº 431','','Estreitamento',1683586800000,3600000,1683586800000,81900000,'Reparação de aqueduto',1683586800000,-8.65075,41.16055,4260000,1683586800000,4320000,113121,'-43443.25800000041,165839.4368999988'
'Outro motivo','Rua de José Gomes Ferreira','186','','Estreitamento',1683586800000,23400000,1683586800000,81900000,'',1683586800000,-8.666627,41.16266,23520000,1683586800000,23580000,113122,'-44774.40400000003,166082.7524999996'
'Outro motivo','Rua de João Pedro Ribeiro','931','','Ocupação do passeio',1683586800000,23400000,1683586800000,81900000,'',1683586800000,-8.60929,41.16144,23640000,1683586800000,23700000,112723,'-39962.86029999979,165918.67109999913'
'Aluimento','Rua de Gonçalo Cristóvão','128','','Ocupação do passeio',1683586800000,25200000,1683586800000,81900000,'',1683586800000,-8.607408,41.15355,25920000,1683586800000,25980000,112726,'-39809.69479999966,165041.78250000026'
'Outro motivo','Rua do Professor Abílio Cardoso','46','','Estreitamento',1683586800000,23400000,1683586800000,81900000,'',1683586800000,-8.63982,41.15198,23700000,1683586800000,23880000,112724,'-42531.48120000044,164882.82619999908'
'Outro motivo','Rua de António Carneiro','363','','Estreitamento',1683586800000,27120000,1683586800000,81900000,'reparação ramal',1683586800000,-8.593792,41.14969,27120000,1683586800000,27180000,112729,'-38669.078999999816,164606.59529999987'
'Aluimento','Rua de Antero de Quental','175','','Estreitamento',1683586800000,26100000,1683586800000,81900000,'',1683586800000,-8.611838,41.15972,26100000,1683586800000,26280000,112728,'-40177.80370000011,165728.42899999986'
'Aluimento','Praça de Parada Leitão','13','','Estacionamento',1683586800000,26100000,1683586800000,81900000,'',1683586800000,-8.616262,41.14641,26040000,1683586800000,26100000,112727,'-40557.3290999998,164252.52539999952'
'Avaria de telecomunicações','Avenida de Fernão de Magalhães','1862','Visabeira','Ocupação do passeio',1683586800000,35100000,1683586800000,38700000,'',1683586800000,-8.588786,41.16539,35160000,1683586800000,35220000,112733,'-38239.66370000036,166347.80590000004'
'Outro motivo','Rua de Pedro Homem de Mello','85/214','','Ocupação do passeio',1683586800000,32400000,1683586800000,81900000,'Rotura de ramal',1683586800000,-8.664461,41.16298,32340000,1683586800000,32700000,112731,'-44592.45590000039,166117.28170000017'
'Outro motivo','Rua de Honório de Lima','411','','Ocupação do passeio',1683586800000,32400000,1683586800000,81900000,'Abertura de sonda',1683586800000,-8.592208,41.17358,32460000,1683586800000,32640000,112732,'-38522.07760000037,167259.28070000056'
'Outro motivo','Rua do Paraíso','331','','Ocupação do passeio',1683586800000,28800000,1683586800000,81900000,'substituir válvula de ramal',1683586800000,-8.611057,41.15707,28860000,1683586800000,28920000,112730,'-40113.846699999754,165434.28389999986'
'Reparação de grelha / boca de lobo','Rua do Campo Alegre','no viaduto','','Estreitamento',1683586800000,43800000,1683586800000,81900000,'',1683586800000,-8.64506,41.15442,43860000,1683586800000,43920000,112736,'-42969.7581000002,165156.10009999978'
'Outro motivo','Rua de Ramalde do Meio','82','','Ocupação do passeio',1683586800000,35280000,1683586800000,81900000,'endireitar tomada',1683586800000,-8.640362,41.17361,35400000,1683586800000,35460000,113123,'-42562.933699999914,167285.0237000013'
'Outro motivo','Rua do Dr. José de Figueiredo','175','','Estreitamento',1683586800000,43800000,1683586800000,81900000,'abertura de sonda',1683586800000,-8.63975,41.15544,43980000,1683586800000,44040000,113125,'-42523.30449999963,165267.41860000035'
'Acidente rodoviário','Travessa de Antero de Quental','C/ R. Faria Guimarães','PM/PSP','Estreitamento',1683586800000,44700000,1683586800000,48600000,'',1683586800000,-8.607908,41.16013,44700000,1683586800000,44700000,113525,'-39847.6934000002,165772.62619999994'
'Avaria de iluminação pública','Avenida do Marechal Gomes da Costa','282','','Ocupação do passeio',1683586800000,48780000,1683586800000,81900000,'',1683586800000,-8.65846,41.16081,48720000,'','',114329,'-44090.249099999615,165873.06990000015'
'Outro motivo','Rua de Honório de Lima','Nº 157','','Ocupação do passeio',1683586800000,58260000,1683586800000,81900000,'Verificar Ramal 30',1683586800000,-8.603617,41.20119,58200000,1683586800000,58260000,114335,'-39462.83370000013,170330.65690000003'
'Outro motivo','Alameda Basilio Teles','152','','Ocupação do passeio',1683586800000,47520000,1683586800000,81900000,'verificar águas pluviais',1683586800000,-8.632333,41.14677,47460000,1683586800000,47520000,114328,'-41906.27699999985,164300.12490000023'
'Avaria de telecomunicações','Rua da Areosa','c/ Travessa da Areosa','','Estreitamento',1683586800000,46800000,1683586800000,55800000,'',1683586800000,-8.586805,41.17844,47220000,1683586800000,47280000,114327,'-38065.79439999995,167797.2180000006'
'Acidente rodoviário','Via de Cintura Interna','junto ao nó da via norte','','Estreitamento',1683586800000,61200000,1683586800000,63780000,'corte de via esquerda',1683586800000,-8.628197,41.17272,60720000,1683586800000,60900000,114336,'-41542.6518000003,167179.89679999973'
'Avaria de telecomunicações','Rua de Costa Cabral','2768','','Ocupação do passeio',1683586800000,46800000,1683586800000,50400000,'',1683586800000,-8.583664,41.17996,46860000,1683586800000,46920000,113925,'-37801.369900000245,167964.4464'
'Outro motivo','Rua de João de Deus','262','','Ocupação do passeio',1683586800000,50100000,1683586800000,81900000,'Tamponar ramal domiciliário',1683586800000,-8.637052,41.16109,50040000,1683586800000,50160000,114731,'-42298.17459999962,165906.66279999862'
'Acidente rodoviário','Avenida da Associação Empresarial de Portugal','','PSP','Estreitamento',1683586800000,61200000,1683586800000,65340000,'Via central',1683586800000,-8.646343,41.17064,60840000,1683586800000,65340000,114732,'-43066.74050000032,166957.98990000004'
'Acidente rodoviário','Via de Cintura Interna','','','Estreitamento',1683586800000,60600000,1683586800000,63960000,'Embate entre 4 viaturas ligeiras',1683586800000,-8.619108,41.17381,63960000,1683586800000,64020000,114338,'-40779.28450000003,167296.7688999995'
'Outro motivo','Rua do Dr. Maurício Esteves Pereira Pinto','Nº 238','','Ocupação do passeio',1683586800000,56100000,1683586800000,81900000,'Tamponar ramal',1683586800000,-8.581499,41.15473,56040000,1683586800000,56100000,114333,'-37634.18530000001,165161.11740000034'
'Outro motivo','Rua de Nicolau Marques Guedes','Nº 89','','Ocupação do passeio',1683586800000,56340000,1683586800000,81900000,'Tamponar Ramal',1683586800000,-8.615455,41.17156,56340000,1683586800000,56340000,114334,'-40474.05360000017,167045.42180000083'
'Outro motivo','Rua de Paula Vicente','24','','Ocupação do passeio',1683586800000,51300000,1683586800000,81900000,'Substituir CRL',1683586800000,-8.624067,41.15911,51780000,1683586800000,51840000,114332,'-41204.65600000042,165666.6297999992'
'Acidente rodoviário','Via de Cintura Interna','junto a saída para Antas','','Estreitamento',1683586800000,65880000,1683586800000,70740000,'Embate entre 2 ligeiros',1683586800000,-8.594379,41.17161,65820000,1683586800000,67860000,114339,'-38705.3975,167041.12419999955'
'Outro motivo','Rua dos Mártires da Liberdade','','','Corte total',1578096000000,27000000,1578096000000,43200000,'',1577923200000,-8.613849,41.15171,68460000,1577923200000,68700000,899,'-40351.56209999979,164839.86619999984'
'Outro motivo','Rua da Póvoa','Nº 335','','Estreitamento',1683673200000,-900000,1683673200000,81900000,'Reparação de CI',1683673200000,-8.598969,41.15434,1440000,1683673200000,1500000,114738,'-39100.899799999745,165125.61849999975'
'Aluimento','Rua de Cedofeita','Nº 103','','Ocupação do passeio',1683673200000,-900000,1683673200000,81900000,'Reparação do aluimento',1683673200000,-8.616791,41.14985,-60000,1683673200000,-2209161600000,114734,'-40599.66519999975,164635.27830000035'
'Reparação de coletor','Travessa da Fontinha','Nº 48','','Corte total',1683673200000,-900000,1683673200000,81900000,'',1683673200000,-8.605294,41.15501,1560000,1683673200000,1620000,114344,'-39631.39090000004,165202.9516'
'Rotura de conduta','Rua de S. Roque da Lameira','Nº 1569','','Estreitamento',1683673200000,-900000,1683673200000,81900000,'Reparação da conduta - com policiamento',1683673200000,-8.581823,41.15919,-180000,1683673200000,-120000,114733,'-37658.856300000174,165656.8584000002'
'Rotura de conduta','Rua de Faria Guimarães','193','','Ocupação do passeio',1683673200000,27900000,1683673200000,81900000,'',1683673200000,-8.608431,41.15906,27300000,1683673200000,27300000,114740,'-39892.24149999942,165654.54919999972'
'Reparação de válvula','Rua da Constituição','813','','Ocupação do passeio',1683673200000,27000000,1683673200000,81900000,'',1683673200000,-8.607882,41.16229,27000000,1683673200000,27060000,114346,'-39844.20370000028,166012.37399999998'
'Avaria de telecomunicações','Rua de Sá da Bandeira','139','telcabo','Ocupação do passeio',1683673200000,33600000,1683673200000,37200000,'',1683673200000,-8.608786,41.14728,33720000,1683673200000,33780000,114350,'-39929.20089999973,164346.04519999967'
'Rotura de conduta','Rua do Engenheiro Ferreira Dias','840','','Ocupação do passeio',1683673200000,27000000,1683673200000,81900000,'',1683673200000,-8.646753,41.17567,27120000,1683673200000,27180000,114739,'-43097.88999999964,167516.64389999976'
'Reparação de grelha / boca de lobo','Rua do Mestre Guilherme Camarinha','Nº 202','','Ocupação do passeio',1683673200000,1800000,1683673200000,81900000,'Colocação de grelha',1683673200000,-8.603031,41.18484,1860000,1683673200000,1920000,114345,'-39423.53510000015,168515.11250000042'
'Outro motivo','Rua de Santo António de Contumil','Nº 233','','Estreitamento',1683673200000,-900000,1683673200000,81900000,'Reparação do corpo de CI',1683673200000,-8.58155,41.17079,480000,1683673200000,540000,114736,'-37629.24419999964,166944.66749999975'
'Aluimento','Praça de Guilherme Gomes Fernandes','Nº 24','','Ocupação do passeio',1683673200000,-900000,1683673200000,81900000,'Reparação do aluimento',1683673200000,-8.615169,41.14775,300000,1683673200000,360000,114342,'-40464.790699999816,164400.71429999906'
'Aluimento','Rua de Matias de Albuquerque','nº 80','','Ocupação do passeio',1683673200000,-900000,1683673200000,81900000,'Reparação do aluimento',1683673200000,-8.572473,41.16391,-300000,1683673200000,-240000,114340,'-36871.3984000003,166177.17190000004'
'Outro motivo','Rua de Santa Catarina','Nº 646','','Estreitamento',1683673200000,-900000,1683673200000,81900000,'Reparação de CI',1683673200000,-8.605009,41.15184,660000,1683673200000,720000,114343,'-39609.400899999775,164850.16829999906'
'Aluimento','Rua de Aires de Ornelas','Nº 230','','Estreitamento',1683673200000,-900000,1683673200000,81900000,'Reparação do aluimento',1683673200000,-8.597065,41.15705,180000,1683673200000,240000,114341,'-38939.46229999981,165426.01880000017'
'Outro motivo','Rua do Dr. José de Figueiredo','Nº 171/175','','Estreitamento',1683673200000,-900000,1683673200000,81900000,'Reparação do corpo de CI',1683673200000,-8.639785,41.15546,840000,1683673200000,900000,114737,'-42526.276600000434,165268.7252999993'
'Aluimento','Rua de Vila Cova','Nº 464','','Estreitamento',1683673200000,-900000,1683673200000,81900000,'Reparação do aluimento',1683673200000,-8.567813,41.17467,60000,1683673200000,120000,114735,'-36474.34860000021,167369.38869999908'
'Reparação de boca de incêndio','Avenida de Vasco da Gama','','','Ocupação do passeio',1683673200000,27000000,1683673200000,81900000,'',1683673200000,-8.656022,41.17059,27420000,1683673200000,27600000,114348,'-43879.09949999957,166957.07139999978'
'Avaria de CCTV','','PMV07 - Avenida Fernão de Magalhães / Via Cintura Interna','','',1683673200000,30356000,'','',' ',1683673200000,-8.58837,41.16745,30356000,1683673200000,30356000,114349,'-38203.543399999886,166576.82049999974'
'Avaria de telecomunicações','Rua do Campo Lindo','79','PDT','Ocupação do passeio',1683673200000,35100000,1683673200000,36000000,'',1683673200000,-8.608915,41.16909,35340000,1683673200000,35400000,114352,'-39926.75420000025,166768.34330000015'
'Outro motivo','Rua de Coutinho de Azevedo','245','','Estreitamento',1683673200000,34260000,1683673200000,81900000,'Reparação de pavimento',1683673200000,-8.596687,41.15815,34320000,1683673200000,34380000,114351,'-38907.058899999705,165547.82000000024'
'Avaria de telecomunicações','Rua de Fonseca Cardoso','106','','Ocupação do passeio',1683673200000,36000000,1683673200000,81900000,'',1683673200000,-8.609184,41.1561,36000000,1683673200000,42060000,114353,'-39957.227400000214,165325.98029999994'
'Avaria de iluminação pública','Rua de Afonso de Paiva','Junto à entrada Norte do Parque da Pasteleira','','Ocupação do passeio',1683673200000,36000000,1683673200000,81900000,'',1683673200000,-8.659123,41.15255,36120000,1683673200000,36180000,114354,'-44151.40730000007,164955.6501000003'
'Outro motivo','Rua de Camões','Nº 664','','Ocupação do passeio',1683673200000,57000000,1683673200000,81900000,'Descobrir tomada',1683673200000,-8.609965,41.15786,57000000,1683673200000,57060000,115543,'-40021.77170000045,165521.6557999996'
'Avaria de veículo','Avenida da Associação Empresarial de Portugal','acesso rotunda de Francos','','Estreitamento',1683673200000,53400000,1683673200000,55800000,'',1683673200000,-8.639847,41.16531,53580000,1683673200000,55380000,114741,'-42525.126899999734,166362.63930000045'
'Rotura de conduta','Travessa da Senhora da Conceição','Nº 158','','Corte total',1683759600000,25200000,1683759600000,39600000,'Com policiamento',1683759600000,-8.60932,41.15872,-1500000,1683759600000,-1380000,115950,'-39967.079199999556,165616.63460000025'
'Avaria de veículo','Via de Cintura Interna','','IP','Estreitamento',1683673200000,63600000,1683673200000,66600000,'',1683673200000,-8.60187,41.17123,64140000,1683673200000,64200000,115548,'-39334.28509999994,167002.48980000053'
'Avaria de veículo','Rua de Ceuta','','PM','Estreitamento',1683673200000,52800000,1683673200000,56700000,'',1683673200000,-8.612792,41.14823,53040000,1683673200000,56340000,114361,'-40264.975599999714,164453.53889999946'
'Outro motivo','Rua de Santa Catarina','Nº 646','','Estreitamento',1683759600000,-1800000,1683759600000,81900000,'Reparação de corpo de CI',1683759600000,-8.604974,41.15192,-1740000,1683759600000,-1680000,115948,'-39606.4106000001,164859.3408000004'
'Outro motivo','Rua do Dr. José de Figueiredo','Nº 171','','Estreitamento',1683759600000,-1800000,1683759600000,81900000,'Reparação de corpo de CI',1683759600000,-8.639839,41.15545,-1860000,1683759600000,-1800000,115947,'-42530.784699999705,165267.8544999994'
'Outro motivo','Rua de Santo António de Contumil','Nº 136','','Estacionamento',1683673200000,63600000,1683673200000,81900000,'Rotura de ramal domiciliário',1683673200000,-8.580407,41.17054,63600000,1683673200000,63840000,115547,'-37533.52070000016,166916.2938000003'
'Outro motivo','Rua de Frederico Ozanam','235','','Estreitamento',1683673200000,51600000,1683673200000,81900000,'abertura válvula ramal',1683673200000,-8.63843,41.16708,51660000,1683673200000,51840000,114358,'-42405.0244000004,166558.92799999902'
'Acidente rodoviário','Túnel das Antas I','','','Estreitamento',1683673200000,60480000,1683673200000,61560000,'Acidente entre duas viaturas ligeiras',1683673200000,-8.589393,41.16386,60600000,1683673200000,61560000,115546,'-38291.47319999991,166178.9453999993'
'Outro motivo','Rua de Santo António de Contumil','c/ R. Dr. Corino de Andrade','','Estreitamento',1683673200000,45900000,1683673200000,81900000,'desencravar grelha',1683673200000,-8.582344,41.17142,45960000,1683673200000,46080000,114355,'-37695.50879999994,167014.9721000008'
'Aluimento','Travessa Nova da Estação','2','','Ocupação do passeio',1683759600000,43200000,1683759600000,81900000,'',1683759600000,-8.58567,41.15164,43200000,1683759600000,43260000,117160,'-37986.13960000027,164819.67290000035'
'Avaria de CCTV','','PMV07 - Avenida Fernão de Magalhães / Via Cintura Interna','','',1683673200000,48150000,'','',' ',1683673200000,-8.58837,41.16745,48150000,1683673200000,48150000,114356,'-38203.543399999886,166576.82049999974'
'Avaria de CCTV','','PMV06 - Rua dos Luzares / Alameda das Antas','','',1683673200000,48320000,'','',' Status Warning',1683673200000,-8.58837,41.1635,48320000,1683673200000,48320000,114357,'-38205.84420000021,166138.1377000008'
'Avaria de iluminação pública','Rua do Infante D. Henrique','c/ R. Reboleira','','Ocupação do passeio',1683673200000,51840000,1683673200000,81900000,'',1683673200000,-8.616104,41.1405,51900000,1683673200000,52140000,114359,'-40547.77280000042,163596.15829999972'
'Avaria de CCTV','','PMV09 - Avenida Fernão de Magalhães / Travessa Fernão de Magalhães','','',1683673200000,52201000,'','',' Disconnected',1683673200000,-8.59737,41.15143,52201000,1683673200000,52201000,114360,'-38968.38140000035,164801.66129999992'
'Avaria de telecomunicações','Rua de Afonso Lopes Vieira','Nº 138','Visabeira-PDT','Estacionamento',1683673200000,57600000,1683673200000,61200000,'Abrir CVP',1683673200000,-8.647311,41.16302,58080000,1683673200000,58140000,115544,'-43152.992800000124,166112.30639999884'
'Reparação de válvula','Rua de Gonçalo Cristóvão','Nº 14','','Estreitamento',1683673200000,57000000,1683673200000,81900000,'',1683673200000,-8.605357,41.15351,56940000,1683673200000,57120000,115542,'-39637.62249999966,165035.98540000053'
'Avaria de CCTV','','PMV10 - Rua do Coronel Raúl Peres / Esplanada do Castelo','','',1683673200000,58359000,'','',' ',1683673200000,-8.67589,41.1497,58359000,1683673200000,58359000,115545,'-45560.8941000002,164647.80859999903'
'Rotura de conduta','Rua de S. Roque da Lameira','Nº 1539','','Estreitamento',1683759600000,-1800000,1683759600000,81900000,'',1683759600000,-8.581655,41.15926,-1620000,1683759600000,-1560000,116347,'-37644.66999999988,165664.86449999933'
'Outro motivo','Travessa de Santo Isidro','71','','Estreitamento',1683759600000,-1800000,1683759600000,81900000,'Reparação de sumidouro',1683759600000,-8.600624,41.15859,-1320000,1683759600000,-1200000,115951,'-39237.278800000415,165598.3112999998'
'Reparação de grelha / boca de lobo','Rua Particular de Santo Isídro','Nº 71','','Estreitamento',1683759600000,-1800000,1683759600000,81900000,'Construção de boca de lobo',1683759600000,-8.600276,41.15771,-1080000,1683759600000,-1020000,115952,'-39208.53579999966,165500.81830000004'
'Outro motivo','Rua de Santo António de Contumil','Nº 182','','Estreitamento',1683759600000,-1800000,1683759600000,81900000,'Substituição de tampa CI',1683759600000,-8.581067,41.17063,-960000,1683759600000,-900000,116348,'-37588.82060000023,166926.51969999995'
'Acidente rodoviário','Via de Cintura Interna','Antas','IP','Estreitamento',1683673200000,68400000,1683673200000,68700000,'',1683673200000,-8.590162,41.16895,68400000,1683673200000,68460000,115946,'-38353.09059999972,166744.12930000015'
'Avaria de veículo','Via de Cintura Interna','Após o Nó A3','IP','Estreitamento',1683673200000,66000000,1683673200000,68400000,'',1683673200000,-8.5976,41.17155,66180000,1683673200000,66300000,115945,'-38975.75150000007,167036.43859999967'
'Avaria de telecomunicações','Rua Chã','128','meo','Ocupação do passeio',1683759600000,25740000,1683759600000,29340000,'',1683759600000,-8.60952,41.14412,25800000,1683759600000,25980000,116349,'-39992.78619999992,163994.8029999998'
'Rotura de conduta','Rua do Engenheiro Ferreira Dias','836','','Estreitamento',1683759600000,25200000,1683759600000,81900000,'',1683759600000,-8.646678,41.1756,25380000,1683759600000,25380000,115953,'-43091.633100000145,167508.98310000106'
'Avaria de CCTV','Rua das Fontainhas','Saída da Ponte do Infante','Soltrafego','Estreitamento',1683673200000,54000000,1683673200000,61200000,'',1683673200000,-8.60212,41.14318,54540000,1683673200000,54660000,115143,'-39372.045300000485,163887.42530000024'
'Avaria de CCTV','','PMV07 - Avenida Fernão de Magalhães / Via Cintura Interna','','',1683759600000,29604000,'','',' ',1683759600000,-8.58837,41.16745,29604000,1683759600000,29604000,115954,'-38203.543399999886,166576.82049999974'
'Outro motivo','Travessa da Fontinha','9','','Estreitamento',1683759600000,37800000,1683759600000,81900000,'Inspeção vídeo',1683759600000,-8.604879,41.1549,37920000,1683759600000,38040000,117157,'-39596.6398999998,165190.71709999998'
'Outro motivo','Rua de João das Regras','106','','Estreitamento',1683759600000,33300000,1683759600000,81900000,'Rotura de ramal geral',1683759600000,-8.608985,41.15523,33420000,1683759600000,33480000,116754,'-39941.12189999962,165228.57550000036'
'Avaria de telecomunicações','Rua Diamantina','356','Bysat','Ocupação do passeio',1683759600000,31500000,1683759600000,33300000,'',1683759600000,-8.581584,41.18006,31620000,1683759600000,31680000,116753,'-37626.76680000032,167974.42060000103'
'Aluimento','Rua do Dr. Aíres de Gouveia Osório','78','','Estreitamento',1683759600000,31320000,1683759600000,81900000,'',1683759600000,-8.649899,41.16935,31500000,1683759600000,31620000,116752,'-43366.03830000008,166816.3049999998'
'Avaria de telecomunicações','Rua do Engenheiro Ezequiel de Campos','14','wondercom','Ocupação do passeio',1683759600000,34200000,1683759600000,41400000,'',1683759600000,-8.649065,41.17015,34200000,1683759600000,34260000,116755,'-43295.54000000004,166904.86649999928'
'Acidente rodoviário','Praça de Mouzinho de Albuquerque','','PM/PSP','Estreitamento',1683759600000,30780000,1683759600000,34200000,'',1683759600000,-8.62981,41.15711,30900000,1683759600000,30960000,116351,'-41687.90639999992,165447.78749999983'
'Avaria de telecomunicações','Rua do Montebelo','C/ R. da Alegria','','Ocupação do passeio',1683759600000,35100000,1683759600000,81900000,'altice',1683759600000,-8.667547,41.15053,35220000,1683759600000,35280000,116756,'-44859.98649999969,164735.63289999997'
'Avaria de telecomunicações','Rua do Falcão','c/ R. Ceuta','meo','Ocupação do passeio',1683759600000,29820000,1683759600000,81900000,'',1683759600000,-8.614314,41.14841,29820000,1683759600000,30120000,116350,'-40392.624800000354,164473.80039999966'
'Aluimento','Alameda de 25 de Abril','275','','Ocupação do passeio',1683759600000,38040000,1683759600000,81900000,'',1683759600000,-8.612628,41.17831,37980000,1683759600000,38040000,117158,'-40232.71789999958,167793.47519999897'
'Avaria de CCTV','','PSP064 - Campo 24 de Agosto / Rua do Duque de Saldanha','','',1683759600000,42037000,'','',' Orientação de cv.',1683759600000,-8.59832,41.1483,42037000,1683759600000,42037000,117159,'-39049.992899999925,164454.47479999988'
'Outro motivo','Rua da Firmeza','329','','Ocupação do passeio',1683759600000,37800000,1683759600000,81900000,'rotura de ramal domiciliário',1683759600000,-8.604598,41.1509,37860000,1683759600000,37980000,117156,'-39575.42540000009,164745.54830000026'
'Outro motivo','Rua dos Mártires da Liberdade','308','','Ocupação do passeio',1683759600000,45300000,1683759600000,81900000,'reparação crl',1683759600000,-8.613467,41.15324,45420000,1683759600000,45480000,117161,'-40318.482499999955,165010.26850000062'
'Outro motivo','Rua do Montebelo','190','','Ocupação do passeio',1683759600000,45300000,1683759600000,81900000,'abertura de sonda',1683759600000,-8.667962,41.15147,45480000,1683759600000,45600000,117561,'-44894.12899999967,164840.4455999995'
'Avaria de telecomunicações','Rua da Piedade','67','','Ocupação do passeio',1683759600000,46260000,1683759600000,50400000,'',1683759600000,-8.627585,41.15195,46080000,1683759600000,46380000,117562,'-41504.4420999998,164873.02030000088'
'Avaria de telecomunicações','Rua das Antas','Nº 403','GROUPFIX-José Santana','Estacionamento',1683759600000,54600000,1683759600000,58200000,'Abrir CVP',1683759600000,-8.591769,41.16017,54480000,1683759600000,54600000,117967,'-38493.05520000026,165769.81519999937'
'Outro motivo','Rua de Duarte de Almeida','n.20','','Estreitamento',1683759600000,50400000,1683759600000,81900000,'Instalação de ramal no passeio',1683759600000,-8.665821,41.17246,50820000,1683759600000,50940000,117964,'-44700.13850000034,167169.83309999984'
'Outro motivo','Rua dos Mártires da Liberdade','Nº 308','','Ocupação do passeio',1683846000000,-1800000,1683846000000,81900000,'Reparação de CRL',1683846000000,-8.613442,41.15321,-1020000,1683846000000,-960000,118373,'-40316.47719999964,165006.44429999925'
'Acidente rodoviário','Avenida da Associação Empresarial de Portugal','','PSP','Estreitamento',1683759600000,60300000,1683759600000,63000000,'Embate entre 2 ligeiros.',1683759600000,-8.651537,41.17487,60840000,1683759600000,60900000,118370,'-43499.81859999988,167430.49530000045'
'Avaria de iluminação pública','Rua de S. Victor','324','','Ocupação do passeio',1683759600000,49860000,1683759600000,81900000,'',1683759600000,-8.601753,41.14564,49800000,1683759600000,49860000,117963,'-39339.770800000064,164160.98839999945'
'Reparação de grelha / boca de lobo','Travessa de Santo Isidro','Nº 73','','Estacionamento',1683846000000,-1800000,1683846000000,81900000,'',1683846000000,-8.600673,41.15862,-1260000,1683846000000,-1200000,118371,'-39241.34999999956,165602.0199999994'
'Rotura de conduta','Rua de S. Roque da Lameira','Nº 1539','','Estreitamento',1683846000000,-1800000,1683846000000,81900000,'',1683846000000,-8.581637,41.15928,-780000,1683846000000,-600000,118774,'-37643.17490000003,165666.82820000037'
'Avaria de telecomunicações','Rua de Camões','nº 387','Meo- Vitor Portela','Ocupação do passeio',1683759600000,53100000,1683759600000,59400000,'abrir buraco',1683759600000,-8.610043,41.15538,53100000,1683759600000,53220000,117965,'-40029.83449999988,165245.88070000015'
'Outro motivo','Rua do Monte Alegre','Nº 192','','Ocupação do passeio',1683846000000,-1800000,1683846000000,81900000,'Abertura de sonda',1683846000000,-8.617597,41.16507,-1140000,1683846000000,-1140000,118372,'-40657.84999999967,166325.73599999998'
'Outro motivo','Rua de Santiago','67','RSB/PM/PSP/DMEVGI','Corte total',1683759600000,45900000,1683759600000,52200000,'Queda de árvore',1683759600000,-8.61032,41.18062,46860000,1683759600000,46920000,117962,'-40037.668299999976,168049.5386999996'
'Rotura de conduta','Travessa da Senhora da Conceição','Nº 332','','Corte total',1683846000000,25200000,1683846000000,39600000,'Com policiamento',1683846000000,-8.60866,41.16015,-480000,1683846000000,-420000,118375,'-39910.823800000326,165775.56289999894'
'Outro motivo','Rua do Dr. José de Figueiredo','Nº 171','','Estreitamento',1683846000000,-1800000,1683846000000,81900000,'Reparação de CI',1683846000000,-8.639849,41.15546,-960000,1683846000000,-840000,118374,'-42531.67999999975,165268.75689999966'
'Avaria de telecomunicações','Rua de D. Manuel II','Rua de Júlio Dinis','','Ocupação do passeio',1683759600000,58500000,1683759600000,62100000,'',1683759600000,-8.625523,41.14868,58440000,1683759600000,58500000,117970,'-41333.383999999576,164508.81130000067'
'Acidente rodoviário','Túnel das Antas I','','PSP','Corte total',1683759600000,57000000,1683759600000,60540000,'Embate entre pesado e ligeiro',1683759600000,-8.585294,41.16263,57480000,1683759600000,57540000,117968,'-37948.215699999586,166039.9000000003'
'Avaria de telecomunicações','Rua do Clube Fluvial Portuense','Nº 2','MEO','Ocupação do passeio',1683846000000,18000000,1683846000000,27000000,'',1683846000000,-8.610178,41.14095,18180000,1683846000000,18420000,118376,'-40049.980299999894,163643.80590000039'
'Anomalia de sinalização luminosa','','245 - Rua Alexandre Herculano / Rua Fontainhas / Ponte Infante','','',1682463600000,1298849000,'','','  Fora de PC ',1682463600000,-8.60221,41.14322,1298849000,1682463600000,1298849000,117969,'-39379.60410000018,163892.05540000083'
'Avaria de telecomunicações','Avenida de Rodrigues de Freitas','Nº 14','MEO','Ocupação do passeio',1683846000000,21600000,1683846000000,22500000,'',1683846000000,-8.596474,41.14605,21300000,1683846000000,21420000,118775,'-38896.38949999961,164203.71150000038'
'Reparação de válvula','Rua da Alegria','159','','Estreitamento',1683846000000,26100000,1683846000000,81900000,'',1683846000000,-8.604073,41.1489,26280000,1683846000000,26340000,118377,'-39532.58280000002,164524.1544000008'
'Reparação de válvula','Rua de Gondarém','657','','Estreitamento',1683846000000,26100000,1683846000000,81900000,'',1683846000000,-8.681928,41.15861,26340000,1683846000000,26400000,118776,'-46061.543499999745,165641.0938000004'
'Outro motivo','Rua de Ramalde do Meio','82','','Estreitamento',1683846000000,26100000,1683846000000,81900000,'',1683846000000,-8.640389,41.17361,26400000,1683846000000,26520000,118777,'-42565.184500000396,167285.03690000094'
'Rotura de conduta','Travessa Nova da Estação','30','','Estreitamento',1683846000000,26100000,1683846000000,81900000,'',1683846000000,-8.585939,41.15147,26580000,1683846000000,26640000,118378,'-38008.752199999944,164801.19499999954'
'Avaria de telecomunicações','Rua do Dr. Pedro de Sousa','695','','Estreitamento',1683846000000,30600000,1683846000000,31200000,'',1683846000000,-8.65432,41.17281,30540000,1683846000000,30540000,118380,'-43734.783800000325,167202.8954000009'
'Avaria de iluminação pública','Rua de Pelagio','241','','Ocupação do passeio',1683846000000,30000000,1683846000000,81900000,'',1683846000000,-8.66646,41.17481,30060000,1683846000000,30120000,118379,'-44752.14020000024,167431.52939999974'
'Avaria de telecomunicações','Rua do Cristelo','89','wondercom','Ocupação do passeio',1683846000000,30600000,1683846000000,37800000,'',1683846000000,-8.630135,41.14607,30720000,1683846000000,30900000,118381,'-41722.222900000444,164221.10349999904'
'Outro motivo','Rua do Rosário','120','','Ocupação do passeio',1683846000000,36000000,1683846000000,81900000,'endireitar tomada',1683846000000,-8.620754,41.14938,36360000,1683846000000,36420000,119187,'-40932.628600000426,164584.74910000002'
'Avaria elétrica','Passeio das Fontainhas','318','','Ocupação do passeio',1683846000000,33300000,1683846000000,81900000,'',1683846000000,-8.606224,41.14213,33180000,1683846000000,33240000,119582,'-39717.29160000006,163773.27160000012'
'Aluimento','Rua de Camões','664','','Ocupação do passeio',1683846000000,32400000,1683846000000,81900000,'',1683846000000,-8.609929,41.15791,33120000,1683846000000,33180000,119581,'-40018.655799999855,165527.26449999973'
'Outro motivo','Rua de Fernandes Tomás','628-714','','Estreitamento',1683846000000,43200000,1683846000000,81900000,'reparaçao tampa',1683846000000,-8.605975,41.14983,36420000,1683846000000,36600000,119188,'-39691.70779999991,164627.67669999987'
'Avaria de telecomunicações','Rua de Pelagio','170','CME','Ocupação do passeio',1683846000000,34200000,1683846000000,37800000,'',1683846000000,-8.666356,41.17411,34380000,1683846000000,34440000,119184,'-44743.923999999686,167353.25989999983'
'Aluimento','Rua do Bonjardim','1090','','Ocupação do passeio',1683846000000,34620000,1683846000000,81900000,'',1683846000000,-8.605747,41.15982,34740000,1683846000000,34860000,119185,'-39666.53100000044,165737.11700000084'
'Avaria elétrica','Rua de Augusto Gil','67','','Ocupação do passeio',1683846000000,33300000,1683846000000,81900000,'',1683846000000,-8.63473,41.16102,33060000,1683846000000,33120000,119180,'-42098.42430000003,165884.19070000006'
'Avaria de telecomunicações','Rua de Costa Cabral','1886','CME','Ocupação do passeio',1683846000000,30780000,1683846000000,41580000,'',1683846000000,-8.587424,41.17254,30960000,1683846000000,31020000,118778,'-38121.20739999985,167141.90000000154'
'Outro motivo','Rua de Santos Pousada','854-850','','Ocupação do passeio',1683846000000,36000000,1683846000000,81900000,'substituir cabeca movel',1683846000000,-8.599119,41.1564,36300000,1683846000000,36360000,119186,'-39112.24679999982,165353.89170000024'
'Avaria elétrica','Rua de S. Roque da Lameira','649','','Ocupação do passeio',1683846000000,33300000,1683846000000,81900000,'',1683846000000,-8.572207,41.16346,32880000,1683846000000,33000000,119179,'-36849.33079999971,166126.953400001'
'Avaria de iluminação pública','Rua de Fernão Lopes','405','','Ocupação do passeio',1683846000000,38100000,1683846000000,81900000,'',1683846000000,-8.666112,41.15134,38220000,1683846000000,38220000,119189,'-44738.90539999945,164824.48670000024'
'Rotura de conduta','Rua do Campo Alegre','442','','Estreitamento',1683846000000,44100000,1683846000000,81900000,'',1683846000000,-8.633765,41.15259,44820000,1683846000000,44820000,119191,'-42022.783599999755,164947.72379999963'
'Outro motivo','Rua de Santos Pousada','29','','Ocupação do passeio',1683846000000,42000000,1683846000000,81900000,'verifica ramal aos 30',1683846000000,-8.600546,41.149,42000000,1683846000000,42060000,119190,'-39236.463000000425,164532.84190000047'
'Outro motivo','Rua do Montebelo','','','Estreitamento',1683846000000,44100000,1683846000000,81900000,'',1683846000000,-8.667487,41.15051,44880000,1683846000000,44940000,119584,'-44854.936599999724,164732.9840999993'
'Avaria de telecomunicações','Rua das Andrezas','','','Estreitamento',1576627200000,72000000,1576713600000,0,'',1576540800000,-8.649493,41.16754,77160000,1576540800000,77220000,1210,'-43333.152300000176,166615.0260000007'
'Acidente rodoviário','Via de Cintura Interna','após nó N14','IP','Estreitamento',1683846000000,61200000,1683846000000,63000000,'Embate entre 3 viaturas ligeiras',1683846000000,-8.620996,41.17349,61440000,1683846000000,61560000,119206,'-40937.8530999999,167262.58359999943'
'Avaria de telecomunicações','Rua de Antero de Quental','453','wondercom','Ocupação do passeio',1683846000000,48120000,1683846000000,55320000,'',1683846000000,-8.611313,41.16216,48180000,1683846000000,48240000,119194,'-40132.22900000021,166000.07330000028'
'Avaria de iluminação pública','Rua de Delfim Ferreira','421','','Ocupação do passeio',1683846000000,46800000,1683846000000,81900000,'',1683846000000,-8.651823,41.17122,46740000,1683846000000,47400000,119193,'-43526.275399999766,167025.90929999977'
'Avaria elétrica','Rua do Molhe','672','','Ocupação do passeio',1691103600000,24300000,1691103600000,81900000,'',1691103600000,-8.676825,41.16242,21120000,1691103600000,21180000,284051,'-45630.56400000023,166060.9428000005'
'Acidente rodoviário','Rua da Estação','C/ Justino Teixeira','PSP','Estreitamento',1683846000000,59280000,1683846000000,61200000,'Embate entre 2 ligeiros',1683846000000,-8.586197,41.14899,61140000,1683846000000,61260000,119205,'-38031.86409999991,164525.5147999986'
'Outro motivo','Estrada da Circunvalação','viaduto Areosa','','Estreitamento',1683846000000,57600000,1683846000000,61200000,'Queda de àrvore',1683846000000,-8.570316,41.17931,59460000,1683846000000,59520000,119203,'-36681.74619999994,167886.19270000057'
'Acidente rodoviário','Avenida da Associação Empresarial de Portugal','','','Estreitamento',1683846000000,56100000,1683846000000,59400000,'Embate entre 2 ligeiros.','',-8.651818,41.17493,'',1683846000000,56280000,119200,'-43523.34179999961,167437.8136999996'
'Reparação de válvula','Rua do Alto do Mato','Nº 56','','Estacionamento',1683846000000,53400000,1683846000000,81900000,'',1683846000000,-8.662781,41.14819,53460000,1683846000000,53580000,119199,'-44461.45909999956,164473.50159999888'
'Outro motivo','Rua das Doze Casas','n.20','','Estreitamento',1683846000000,56700000,1683846000000,81900000,'Verificar ramal aos 30 no passeio',1683846000000,-8.602324,41.15725,57120000,1683846000000,57240000,119202,'-39380.76480000002,165450.29280000023'
'Avaria de veículo','Via de Cintura Interna','Após o acesso da Fernão Magalhães','IP','Estreitamento',1683846000000,66600000,1683846000000,70200000,'',1683846000000,-8.587779,41.16758,66780000,1683846000000,66900000,119208,'-38153.8864000002,166591.32719999956'
'Avaria de telecomunicações','Travessa da Bainharia','Nº 10','Groupfix- André','Ocupação do passeio',1684105200000,36360000,1684105200000,38760000,'Abrir CVP',1684105200000,-8.613968,41.14271,36300000,1684105200000,36420000,119602,'-40367.03440000027,163841.26740000042'
'Avaria elétrica','Rua do Gólgota','C/ Campo Alegre','','Ocupação do passeio',1684105200000,31440000,1684105200000,81900000,'Iluminação pública',1684105200000,-8.6347,41.14966,31500000,1684105200000,31620000,119220,'-42103.158400000044,164622.04959999956'
'Outro motivo','Rua das Doze Casas','18','','Ocupação do passeio',1683932400000,30600000,1683932400000,81900000,'',1683932400000,-8.602955,41.15777,30180000,1683932400000,30540000,119209,'-39433.412999999724,165508.13279999964'
'Avaria de telecomunicações','Rua de Monsanto','Nº 232','PDT- António Fonseca','Ocupação do passeio',1684105200000,30420000,1684105200000,81900000,'Abrir CVP',1684105200000,-8.621605,41.16985,30360000,1684105200000,30480000,119219,'-40991.28619999998,166858.35830000046'
'Outro motivo','Rua do Engenheiro Ferreira Dias','836 a 908','','Estreitamento',1684105200000,22500000,1684105200000,81900000,'',1684105200000,-8.6467,41.17557,24120000,1684105200000,24180000,119213,'-43093.48610000037,167506.08379999918'
'Outro motivo','Rua de Santo António de Contumil','136','','Estacionamento',1684105200000,21600000,1684105200000,81900000,'Reparação de pavimento',1684105200000,-8.582435,41.17136,24000000,1684105200000,24060000,119212,'-37703.21810000013,167008.21059999973'
'Outro motivo','Rua de Miguel de Sousa Guedes','4','','Estreitamento',1684105200000,22500000,1684105200000,81900000,'Abrir sonda',1684105200000,-8.673268,41.15009,24480000,1684105200000,24540000,119214,'-45340.51989999967,164689.41449999984'
'Outro motivo','Rua de Santos Pousada','883','','Estreitamento',1683932400000,47220000,1683932400000,81900000,'',1683932400000,-8.599142,41.15666,47160000,1683932400000,47280000,119593,'-39114.01059999973,165383.11350000097'
'Outro motivo','Rua de S. Roque da Lameira','1539','','Estreitamento',1684105200000,22500000,1684105200000,81900000,'Reparação de conduta; Com acompanhamento policial',1684105200000,-8.581652,41.15927,24660000,1684105200000,25020000,119215,'-37644.4431999996,165665.19969999982'
'Outro motivo','Rua de Cedofeita','88','','Ocupação do passeio',1683932400000,46800000,1683932400000,81900000,'',1683932400000,-8.616544,41.14955,47100000,1683932400000,47160000,119211,'-40579.1103999997,164601.37480000054'
'Outro motivo','Rua de Santos Pousada','Nº 799','','Ocupação do passeio',1684105200000,32700000,1684105200000,81900000,'Verificar Ramal 30',1684105200000,-8.599284,41.15589,32640000,1684105200000,32760000,119222,'-39126.35699999999,165298.28429999945'
'Outro motivo','Rua das Doze Casas','18','','Estreitamento',1683932400000,30300000,1683932400000,81900000,'',1683932400000,-8.639305,41.15197,30240000,1683932400000,30300000,119592,'-42488.26229999968,164881.3621000002'
'Outro motivo','Rua do Dr. Alves da Veiga','98','','Ocupação do passeio',1683932400000,36000000,1683932400000,81900000,'',1683932400000,-8.602907,41.1485,36000000,1683932400000,36060000,119210,'-39434.90579999984,164478.96380000032'
'Outro motivo','Rua de Egas Moniz','233','','Estacionamento',1683846000000,51000000,1683846000000,81900000,'Abertura de Sonda',1683846000000,-8.619361,41.16263,50940000,1683846000000,51060000,119587,'-40807.45129999976,166055.71260000076'
'Rotura de conduta','Rua de 14 de Agosto','151','','Ocupação do passeio',1684105200000,26100000,1684105200000,81900000,'',1684105200000,-8.639865,41.18118,26040000,1684105200000,26100000,119216,'-42516.296299999594,168126.11800000086'
'Avaria de telecomunicações','Praça das Flores','Nº 42','Altice- Hélder Pereira','Ocupação do passeio',1684105200000,34020000,1684105200000,39600000,'Abrir CVP',1684105200000,-8.591056,41.15555,33960000,1684105200000,34080000,119601,'-38435.95390000005,165255.87979999962'
'Avaria de telecomunicações','Rua do Padre Rebelo da Costa','Nº 59','PDT- Vasco Bacelar','Estacionamento',1684105200000,38640000,1684105200000,40440000,'Abrir CVP',1684105200000,-8.626702,41.1756,38580000,1684105200000,38640000,119223,'-41415.345400000006,167499.4147000006'
'Outro motivo','Calçada da Arrábida','113','','Estreitamento',1684105200000,22500000,1684105200000,81900000,'Abrir sonda',1684105200000,-8.638234,41.14898,24360000,1684105200000,24420000,119596,'-42400.286199999966,164549.0781999996'
'Outro motivo','Rua de Duarte Pacheco Pereira','c/ R. de Rui Faleiro','','Ocupação do passeio',1684105200000,32400000,1684105200000,81900000,'Reparação de válvula de empanque',1684105200000,-8.66263,41.1616,32400000,1684105200000,32520000,119600,'-44439.71920000021,165962.79189999925'
'Outro motivo','Rua da Firmeza','Com rua D. João IV','','Estreitamento',1684105200000,22500000,1684105200000,81900000,'Reparação tampa CI',1684105200000,-8.602245,41.15099,24300000,1684105200000,24360000,119595,'-39377.90189999979,164755.46859999985'
'Reparação de válvula','Rua de Gondarém','Nº 397','','Ocupação do passeio',1684105200000,27420000,1684105200000,81900000,'',1684105200000,-8.68022,41.15663,27480000,1684105200000,27540000,119217,'-45919.49629999964,165419.20309999943'
'Rotura de conduta','Rua Particular Diamantina','14','','Ocupação do passeio',1684105200000,40500000,1684105200000,81900000,'',1684105200000,-8.575286,41.17959,40620000,1684105200000,40740000,119607,'-37098.62040000031,167918.95159999983'
'Outro motivo','Rua de Faria Guimarães','193','','Ocupação do passeio',1684105200000,22500000,1684105200000,81900000,'Reparação de ramal',1684105200000,-8.608425,41.15906,24180000,1684105200000,24240000,119594,'-39891.77520000007,165654.27050000086'
'Outro motivo','Largo dos Arcos da Ribeira','34','','Ocupação do passeio',1684105200000,26100000,1684105200000,81900000,'',1684105200000,-8.611082,41.14096,26160000,1684105200000,26220000,119599,'-40125.84779999969,163645.676100001'
'Outro motivo','Rua do Monte Alegre','190','','Ocupação do passeio',1684105200000,22500000,1684105200000,81900000,'Reparação de ramal',1684105200000,-8.617637,41.1651,24540000,1684105200000,24600000,119597,'-40661.20529999951,166329.567199999'
'Outro motivo','Rua do Ouro','Frente antiga EDP','','Estreitamento',1684105200000,22500000,1684105200000,81900000,'Reparação de caixa CI',1684105200000,-8.647223,41.14847,24720000,1684105200000,25080000,119598,'-43155.240600000165,164496.5610000006'
'Avaria de telecomunicações','Rua da Prelada','101','Wondercom','Ocupação do passeio',1684105200000,29400000,1684105200000,37800000,'',1684105200000,-8.626484,41.16686,29340000,1684105200000,29400000,119218,'-41402.59169999981,166528.89220000035'
'Outro motivo','','34','','Estreitamento',1684191600000,-420000,1684191600000,81900000,'Reparação de pavimento pedonal.',1684191600000,-8.611338,41.14098,-660000,1684191600000,10620000,120401,'-40147.31639999996,163647.00489999936'
'Avaria de telecomunicações','Largo da Lapa','17','','Ocupação do passeio',1684105200000,51000000,1684105200000,59400000,'',1684105200000,-8.612639,41.15752,50700000,1684105200000,51120000,119614,'-40246.391800000376,165485.41919999954'
'Outro motivo','Rua do Pinheiro de Campanhã','673','','Ocupação do passeio',1684105200000,53100000,1684105200000,81900000,'tamponar ramal',1684105200000,-8.58091,41.151,53160000,1684105200000,53160000,119226,'-37586.94039999975,164746.58539999957'
'Aluimento','Rua de Egas Moniz','Nº 233','','Estreitamento',1684105200000,50340000,1684105200000,81900000,'',1684105200000,-8.619345,41.16263,50220000,1684105200000,50340000,119612,'-40806.100599999714,166055.70499999952'
'Aluimento','Rua de Timor','Nº 6','','Estreitamento',1684105200000,50400000,1684105200000,81900000,'Com policiamento',1684105200000,-8.685439,41.16617,50700000,1684105200000,50820000,119613,'-46350.8387000002,166482.1000999991'
'Aluimento','Rua do Rosário','Nº 120','','Ocupação do passeio',1684105200000,48000000,1684105200000,81900000,'',1684105200000,-8.62077,41.14902,47820000,1684105200000,48060000,119610,'-40934.201399999736,164545.27889999966'
'Outro motivo','Rua de Fez','Nº 1112/1118','','Ocupação do passeio',1684105200000,47940000,1684105200000,81900000,'Abrir sonda/ Rep. válvula',1684105200000,-8.663535,41.16185,47880000,1684105200000,48120000,119611,'-44515.4857000001,165990.4492000004'
'Aluimento','Rua do Dr. Nunes da Ponte','82','','Estreitamento',1684105200000,43200000,1684105200000,81900000,'',1684105200000,-8.674173,41.15543,43260000,1684105200000,43260000,119608,'-45412.80510000039,165283.2224000003'
'Aluimento','Rua do Dr. Alves da Veiga','98','','Ocupação do passeio',1684105200000,56220000,1684105200000,81900000,'',1684105200000,-8.602918,41.14849,56280000,1684105200000,56340000,119230,'-39435.90500000029,164477.67049999937'
'Avaria de telecomunicações','Largo dos Lóios','nº71','Groupfix- Agostinho','Ocupação do passeio',1684105200000,51000000,1684105200000,54000000,'Abrir CVP',1684105200000,-8.612111,41.14537,51000000,1684105200000,51120000,119225,'-40209.48929999957,164135.87560000073'
'Outro motivo','','147','','Ocupação do passeio',1684191600000,1380000,1684191600000,81900000,'Reparação de tampa (CRL)',1684191600000,-8.598721,41.14594,1320000,1684191600000,1560000,119235,'-39085.036899999686,164192.93439999927'
'Outro motivo','','397','','Ocupação do passeio',1684191600000,840000,1684191600000,81900000,'Reparação de pavimentos no passeio',1684191600000,-8.680142,41.15656,660000,1684191600000,780000,119234,'-45913.04229999982,165412.27910000057'
'Avaria de telecomunicações','Rua do Professor Duarte Leite','n.312','','Estreitamento',1684105200000,79200000,1684191600000,-2209161600000,'Cvp em passeio',1684105200000,-8.585028,41.17553,79200000,1684105200000,79320000,119232,'-37918.41110000014,167473.15960000022'
'Aluimento','Travessa da Senhora da Conceição','382','','Estreitamento',1684105200000,52440000,1684105200000,81900000,'',1684105200000,-8.60866,41.16044,52560000,1684105200000,52620000,119617,'-39923.43209999985,165734.36529999948'
'Incêndio urbano','Avenida de Fernão de Magalhães','Nº 715','','Estreitamento',1684105200000,58260000,1684105200000,60300000,'',1684105200000,-8.594807,41.15608,60900000,1684105200000,60960000,119231,'-38750.458599999554,165316.74880000012'
'Outro motivo','','51','','Ocupação do passeio',1684191600000,-180000,1684191600000,81900000,'Reparação pavimento no passeio',1684191600000,-8.639273,41.18109,-300000,1684191600000,-180000,120402,'-42466.68219999983,168115.01170000032'
'Avaria de telecomunicações','Avenida da Boavista','3523','meo','Ocupação do passeio',1684105200000,54480000,1684105200000,61680000,'',1684105200000,-8.664939,41.16379,54660000,1684105200000,54720000,119229,'-44631.9819,166206.39560000002'
'Outro motivo','','181','','Estreitamento',1684191600000,-2209161600000,1684191600000,81900000,'Reparação Pavimento na via',1684191600000,-8.590807,41.17473,-60000,1684191600000,-2209161600000,120403,'-38403.78959999982,167386.9521999994'
'Outro motivo','','55','','Estreitamento',1684191600000,1080000,1684191600000,81900000,'Reparação de tampa - Câmara intervenção',1684191600000,-8.672948,41.16351,960000,1684191600000,1080000,120404,'-45304.421599999914,166179.53280000007'
'Outro motivo','','1279','','Ocupação do passeio',1684191600000,1800000,1684191600000,81900000,'Reparação de tampa no passeio',1684191600000,-8.61329,41.16297,1680000,1684191600000,1800000,120405,'-40297.66949999978,166090.1806000007'
'Outro motivo','','778','','Estreitamento',1684191600000,1980000,1684191600000,81900000,'Abertura de sonda na via',1684191600000,-8.604806,41.153,1860000,1684191600000,2040000,119236,'-39591.647800000435,164979.80749999906'
'Rotura de conduta','','82','','Estreitamento',1684191600000,-900000,1684191600000,81900000,'Reparação de pavimento na via.',1684191600000,-8.640436,41.17362,-1200000,1684191600000,-840000,119233,'-42569.08789999965,167286.30739999915'
'Reparação de grelha / boca de lobo','Rua de Oliveira Monteiro','758','','Ocupação do passeio',1684105200000,44100000,1684105200000,81900000,'',1684105200000,-8.624731,41.16194,44280000,1684105200000,44280000,119609,'-41258.599600000365,165981.64430000074'
'Avaria de telecomunicações','Rua de Santos Pousada','1037','','Ocupação do passeio',1684105200000,53100000,1684105200000,56700000,'',1684105200000,-8.598942,41.15795,53460000,1684105200000,53520000,119227,'-39096.43049999979,165526.16960000055'
'Rotura de conduta','','1539','','Estreitamento',1684191600000,-900000,1684191600000,81900000,'Reparação de conduta na via com apoio Policial',1684191600000,-8.582785,41.15885,2760000,1684191600000,11400000,119237,'-37739.77900000008,165619.33249999952'
'Outro motivo','','82','','Estreitamento',1684191600000,3600000,1684191600000,81900000,'Rutura de ramal, com apoio Policial',1684191600000,-8.611052,41.15892,3480000,1684191600000,11520000,119238,'-40112.29980000016,165639.71610000046'
'Rotura de conduta','Rua das Taipas','72','','Estreitamento',1684191600000,27000000,1684191600000,81900000,'',1684191600000,-8.617394,41.1435,27000000,1684191600000,27180000,119239,'-40654.23330000046,163930.5856000002'
'Acidente rodoviário','Avenida da Associação Empresarial de Portugal','','IP/PSP','Estreitamento',1684191600000,27720000,1684191600000,30600000,'embate entre 2 viaturas ligeiras',1684191600000,-8.643222,41.16818,28080000,1684191600000,28260000,119241,'-42806.45010000016,166683.69910000113'
'Outro motivo','Rua de Fernandes Tomás','c/ R. de Santa Catarina','','Ocupação do passeio',1684191600000,27000000,1684191600000,81900000,'Substituir válvula de ramal',1684191600000,-8.60578,41.14981,27000000,1684191600000,27120000,119240,'-39675.326000000394,164625.88089999944'
'Outro motivo','','Em frente á antiga EDP','','Estreitamento',1684191600000,28800000,1684191600000,43200000,'Reparação de caixa de injetor',1684191600000,-8.637031,41.14848,3180000,1684191600000,3420000,120408,'-42299.6043999996,164492.43539999996'
'Outro motivo','','113','','Estreitamento',1684191600000,2700000,1684191600000,81900000,'Abertura de sonda na via',1684191600000,-8.638261,41.14899,2220000,1684191600000,2340000,120406,'-42402.53660000027,164549.3156'
'Outro motivo','','4','','Estreitamento',1684191600000,2700000,1684191600000,81900000,'Abertura de sonda na via',1684191600000,-8.673213,41.15011,2460000,1684191600000,2580000,120407,'-45335.91920000039,164691.48259999964'
'Reparação de grelha / boca de lobo','Rua da Senhora da Luz','nº 256','','Ocupação do passeio',1684191600000,33480000,1684191600000,81900000,'Colocação de grelha',1684191600000,-8.676735,41.1513,33420000,1684191600000,33600000,119247,'-45630.747800000005,164825.70460000102'
'Outro motivo','Rua da Firmeza','','soltrafego','Ocupação do passeio',1684191600000,30600000,1684191600000,81900000,'',1684191600000,-8.605298,41.15098,30780000,1684191600000,30840000,119244,'-39634.14180000035,164755.0640999995'
'Outro motivo','Rua do Dr. Maurício Esteves Pereira Pinto','Nº 238','','Ocupação do passeio',1684191600000,39180000,1684191600000,81900000,'desempenar tomada',1684191600000,-8.582148,41.15494,38760000,1684191600000,39180000,120410,'-37688.55179999958,165184.2761999999'
'Outro motivo','Rua do Amial','Com estrada da Circunvalação','Soltrafego;PM','Estreitamento',1684191600000,28800000,1684191600000,61200000,'Execução de espiras (Com autorização superior)',1684191600000,-8.613462,41.18313,29040000,1684191600000,31860000,119242,'-40299.736700000205,168329.69669999898'
'Avaria de telecomunicações','Rua do Bonfim','Nº 334','PDT-António Fonseca','Ocupação do passeio',1684191600000,34380000,1684191600000,36300000,'Abrir CVP',1684191600000,-8.595198,41.15028,34320000,1684191600000,34440000,119248,'-38786.71970000029,164672.55309999923'
'Avaria de telecomunicações','Rua de Vale Formoso','446','','Ocupação do passeio',1684191600000,32400000,1684191600000,35100000,'Abrir CVP',1684191600000,-8.61269,41.16928,32760000,1684191600000,32820000,120409,'-40243.46059999989,166791.0770999998'
'Avaria elétrica','Rua do Bonfim','Nº 370','','Ocupação do passeio',1684191600000,30300000,1684191600000,81900000,'baixa tensão',1684191600000,-8.594174,41.15082,30360000,1684191600000,30480000,119243,'-38700.48589999981,164732.4795999992'
'Avaria de telecomunicações','Rua de Ramalde do Meio','14','','Estacionamento',1684191600000,41400000,1684191600000,45900000,'',1684191600000,-8.640012,41.17314,41760000,1684191600000,41820000,120812,'-42533.877299999804,167233.07359999977'
'Avaria de telecomunicações','Rua de Camões','356','Visabeira','Ocupação do passeio',1684191600000,35100000,1684191600000,81900000,'PSP no local',1684191600000,-8.609982,41.1551,35400000,1684191600000,35460000,119249,'-40024.811200000186,165215.10859999983'
'Avaria de telecomunicações','Largo da Alfândega','Nº 20','Wondercom','Ocupação do passeio',1684191600000,40440000,1684191600000,47640000,'Abrir CVP',1684191600000,-8.62195,41.14388,40380000,1684191600000,40500000,120811,'-41036.4367000004,163974.38030000025'
'Avaria de telecomunicações','Avenida de Fernão de Magalhães','Nº 1777','','Ocupação do passeio',1684191600000,35880000,1684191600000,39480000,'Abrir CVP',1684191600000,-8.589255,41.16473,35820000,1684191600000,35940000,119250,'-38279.3832999998,166275.32049999936'
'Outro motivo','Rua da Vilarinha','Nº 1234','','Ocupação do passeio',1684191600000,32700000,1684191600000,81900000,'Abertura de Sonda',1684191600000,-8.672617,41.17169,32700000,1684191600000,32880000,119245,'-45270.98099999964,167087.77400000038'
'Outro motivo','Rua do Passeio Alegre','Nº 118','','Ocupação do passeio',1684191600000,32700000,1684191600000,81900000,'Reparação Hidrante',1684191600000,-8.662733,41.14781,32700000,1684191600000,32820000,119246,'-44457.66810000029,164430.5470000005'
'Avaria de veículo','Avenida de Sidónio Pais','','PSP','Estreitamento',1684191600000,42000000,1684191600000,44400000,'',1684191600000,-8.634137,41.16355,42180000,1684191600000,42300000,120813,'-42046.99569999988,166164.47680000018'
'Avaria de veículo','Via de Cintura Interna','Após Nó Bonjoia','IP','Estreitamento',1684191600000,39600000,1684191600000,43200000,'',1684191600000,-8.583025,41.15594,39840000,1684191600000,39900000,120411,'-37761.60460000019,165296.40990000032'
'Avaria de telecomunicações','Rua do Almada','Nº 180','Telcabo- José Ribeiro','Ocupação do passeio',1684191600000,46500000,1684191600000,48600000,'Abrir CVP',1684191600000,-8.612166,41.14781,46380000,1684191600000,46680000,120814,'-40212.66600000025,164406.8171'
'Avaria de telecomunicações','Rua de Belém','Nº 204','Groupfix','Ocupação do passeio',1684191600000,46560000,1684191600000,61200000,'substituir Poste telecomunicações',1684191600000,-8.584592,41.17039,46560000,1684191600000,46620000,120815,'-37884.752899999796,166901.3039999996'
'Aluimento','Rua de Fez','nº 1112','','Ocupação do passeio',1684191600000,48120000,1684191600000,81900000,'',1684191600000,-8.663626,41.16184,48060000,1684191600000,48120000,120817,'-44523.088600000374,165990.2400999997'
'Outro motivo','Rua do Professor Abílio Cardoso','Nº 47','','Ocupação do passeio',1684191600000,48600000,1684191600000,81900000,'Rotura de ramal domiciliário',1684191600000,-8.641319,41.15117,48600000,1684191600000,48840000,121611,'-42657.83169999999,164793.38479999962'
'Outro motivo','Avenida do Dr. Antunes Guimarães','Nº 268','','Estreitamento',1684191600000,47700000,1684191600000,81900000,'Abertura de sonda',1684191600000,-8.662031,41.1662,47880000,1684191600000,48780000,120816,'-44315.02950000015,166424.51860000065'
'Reparação de válvula','Rua do Campo Alegre','Nº 1048','','Estacionamento',1684191600000,49740000,1684191600000,81900000,'',1684191600000,-8.640681,41.15358,49680000,1684191600000,49740000,120820,'-42602.69469999993,165060.45410000003'
'Reparação de válvula','Rua Júlio Lourenço Pinto','Nº 146','','Ocupação do passeio',1684191600000,48600000,1684191600000,81900000,'Subst. Válvula de Ramal',1684191600000,-8.646568,41.15333,48540000,1684191600000,49140000,121211,'-43097.0423999996,165036.2021999994'
'Outro motivo','Rua de Gil Eanes','','','Ocupação do passeio',1684191600000,48600000,1684191600000,81900000,'Rotura de Ramal',1684191600000,-8.659502,41.15631,48480000,1684191600000,49200000,120818,'-44180.75239999969,165373.2026000006'
'Outro motivo','Rua de João Corregedor da Fonseca','Nº 11','','Ocupação do passeio',1684191600000,48600000,1684191600000,81900000,'Reparação de ramal',1684191600000,-8.57663,41.17868,48660000,1684191600000,48780000,121212,'-37211.8816999998,167819.02529999966'
'Avaria de CCTV','','CA012P002 - Santa Catarina / Formosa (saída)','','',1682550000000,1694956000,'','',' ',1682550000000,-8.606379,41.148191,1694956000,1682550000000,1694956000,120822,'-39726.59999999957,164446.02780000056'
'Avaria de telecomunicações','Rua de Nossa Senhora de Fátima','Nº 462','MEO','Ocupação do passeio',1684191600000,50400000,1684191600000,61200000,'',1684191600000,-8.627323,41.15877,50880000,1684191600000,50940000,121612,'-41478.12040000036,165630.79410000052'
'Outro motivo','Rua de Júlio Dinis','Zona da Galiza Norte','Ferrovial - ACA','Estreitamento',1684278000000,32400000,1684278000000,46800000,'Linha Circular do Metro do Porto - tampas de marcas de superfície danificadas',1684191600000,-8.6264,41.15318,53280000,1684191600000,53640000,120823,'-41404.20449999997,165009.53839999976'
'Outro motivo','Rua do Dr. Alfredo de Magalhães','36','','Ocupação do passeio',1684191600000,54180000,1684191600000,81900000,'substituir válvula ramal',1684191600000,-8.609491,41.15435,54300000,1684191600000,54360000,121613,'-39984.10039999988,165131.95020000095'
'Outro motivo','Rua de José de Carvalho','26','','Ocupação do passeio',1684191600000,54180000,1684191600000,81900000,'substituir válvula ramal',1684191600000,-8.676529,41.15532,54420000,1684191600000,54480000,122013,'-45610.63140000032,165272.7466000007'
'Outro motivo','Rua de Aires de Ornelas','15','','Ocupação do passeio',1684191600000,54180000,1684191600000,81900000,'verificar ramal aos 30',1684191600000,-8.595359,41.1556,54480000,1684191600000,54540000,122014,'-38797.13779999971,165263.32359999968'
'Avaria de telecomunicações','Rua de D. Agostinho de Jesus e Sousa','Nº 30','Altice','Ocupação do passeio',1684191600000,54900000,1684191600000,56700000,'',1684191600000,-8.596539,41.15383,54840000,1684191600000,55020000,122015,'-38897.228400000306,165067.511499999'
'Outro motivo','Rua do Paraíso','331','','Estreitamento',1684278000000,26100000,1684278000000,81900000,'Substituir válvula de ramal',1684278000000,-8.611092,41.15708,26160000,1684278000000,26640000,122027,'-40116.77489999963,165435.3270999993'
'Outro motivo','Rua de Serpa Pinto','C/ Constituição','PM','Estreitamento',1684278000000,28200000,1684278000000,29400000,'Descarga de pesado.',1684278000000,-8.620658,41.16383,28320000,1684278000000,28380000,122031,'-40915.51499999965,166189.62570000076'
'Outro motivo','Rua do Conde de Avranches','688','','Ocupação do passeio',1684191600000,57300000,1684191600000,81900000,'rotura de ramal',1684191600000,-8.611894,41.17673,57360000,1684191600000,57420000,122017,'-40172.10159999979,167618.49389999942'
'Outro motivo','','1539, frente a antiga EDP','Com apoio policial','Estreitamento',1684278000000,27000000,1684278000000,81900000,'Rutura de conduta ,com apoio Policial',1684278000000,-8.583075,41.15887,4080000,1684278000000,9780000,122026,'-37764.079099999784,165622.1498000011'
'Outro motivo','','','','Ocupação do passeio',1684278000000,27000000,1684278000000,81900000,'Passeio',1684278000000,-8.628845,41.16899,2880000,1684278000000,2940000,122023,'-41599.36749999969,166766.4634000006'
'Avaria de telecomunicações','Rua de Cimo de Vila','Nº 25','Groupfix','Ocupação do passeio',1684278000000,29640000,1684278000000,43200000,'Abrir CVP',1684278000000,-8.608949,41.14435,29580000,1684278000000,29640000,122032,'-39944.670900000274,164020.8800000007'
'Outro motivo','','120','','Ocupação do passeio',1684278000000,27000000,1684278000000,81900000,'Reparação de boca de lobo',1684278000000,-8.623282,41.13564,3300000,1684278000000,3540000,122024,'-41153.42709999995,163059.45969999942'
'Outro motivo','','169','','Ocupação do passeio',1684278000000,27000000,1684278000000,81900000,'Passeio',1684278000000,-8.596526,41.15663,2700000,1684278000000,2820000,122022,'-38894.47769999971,165378.23420000082'
'Avaria de telecomunicações','Rua de Ferreira Cardoso','202','PDT','Ocupação do passeio',1684191600000,55440000,1684191600000,57600000,'','',-8.597473,41.14763,'',1684191600000,55440000,122016,'-38979.26269999985,164379.34119999962'
'Outro motivo','','799','','Ocupação do passeio',1684278000000,27000000,1684278000000,81900000,'Passeio',1684278000000,-8.599332,41.1559,2580000,1684278000000,2640000,122021,'-39130.404699999955,165299.20319999914'
'Outro motivo','Rua do Lagarteiro','','','Estreitamento',1684278000000,27000000,1684278000000,81900000,'Estreitamento de via',1684278000000,-8.568473,41.15164,1800000,1684278000000,2040000,122020,'-36542.53280000015,164811.8737000002'
'Outro motivo','','','','Ocupação do passeio',1684278000000,27000000,1684278000000,81900000,'Colocação de tampa de boca de lobo',1684278000000,-8.637334,41.1488,3540000,1684278000000,3660000,122025,'-42324.80289999958,164528.75290000017'
'Outro motivo','','','','Estreitamento',1684278000000,27000000,1684278000000,81900000,'Faixa de rodagem/ estreitamento de via',1684278000000,-8.589822,41.1685,1380000,1684278000000,1680000,122019,'-38324.74739999989,166694.07269999926'
'Avaria de telecomunicações','Rua do Bonjardim','623','PDT','Ocupação do passeio',1684191600000,69780000,1684191600000,72000000,'',1684191600000,-8.607957,41.15369,69840000,1684191600000,69840000,122018,'-39855.76379999985,165057.21700000006'
'Outro motivo','Travessa da Senhora da Conceição','418','','Estreitamento',1684278000000,26100000,1684278000000,81900000,'Substituir Válvula de ramal',1684278000000,-8.608677,41.16095,26220000,1684278000000,26400000,122029,'-39911.78270000034,165863.74249999985'
'Rotura de conduta','Rua de S. João de Brito','c/r. Arquitecto Cassiano Barbosa','','Estreitamento',1684278000000,26100000,1684278000000,81900000,'',1684278000000,-8.649826,41.16631,26160000,1684278000000,26580000,122028,'-43361.914800000384,166478.62509999986'
'Outro motivo','Rua do Cunha','379','','Estreitamento',1684278000000,27900000,1684278000000,81900000,'Substituir CRL',1684278000000,-8.603501,41.16698,28020000,1684278000000,28080000,122030,'-39473.68010000035,166531.64069999984'
'Outro motivo','','','','Estreitamento',1684278000000,28800000,1684278000000,43200000,'Verificação de injetores',1684278000000,-8.636897,41.14858,7500000,1684278000000,9540000,122423,'-42288.278400000185,164504.03399999964'
'Outro motivo','','673','','Estreitamento',1684278000000,27000000,1684278000000,81900000,'Estreitamento de via',1684278000000,-8.580916,41.15095,2400000,1684278000000,2460000,122420,'-37587.42080000044,164740.7558999995'
'Aluimento','Rua das Taipas','Nº 72','','Estreitamento',1684278000000,30480000,1684278000000,81900000,'',1684278000000,-8.617422,41.14352,30420000,1684278000000,30480000,122825,'-40656.539300000324,163932.8715'
'Outro motivo','Rua de Diu','Fonte da Luz','','Estreitamento',1684278000000,28800000,1684278000000,43200000,'Corte de via ,apoio Policial',1684278000000,-8.677035,41.15369,7560000,1684278000000,8640000,122424,'-45654.21609999988,165092.01860000083'
'Aluimento','Rua de Fernandes Tomás','C/ Santa Catarina','','Ocupação do passeio',1684278000000,30480000,1684278000000,81900000,'',1684278000000,-8.605779,41.14979,30420000,1684278000000,30540000,122425,'-39675.22989999964,164622.85399999993'
'Outro motivo','','','','Estreitamento',1684278000000,27000000,1684278000000,81900000,'Estreitamento de via',1684278000000,-8.576,41.17998,2160000,1684278000000,2280000,122419,'-37158.316300000115,167962.8966000005'
'Outro motivo','','268','','Estreitamento',1684278000000,27000000,1684278000000,81900000,'Estreitamento de via , abertura de sonda',1684278000000,-8.661119,41.16583,3900000,1684278000000,4020000,122422,'-44310.03210000037,166431.88859999957'
'Outro motivo','Rua de Belomonte','','','Estreitamento',1684278000000,27000000,1684278000000,81900000,'Reparação de faixa de rodagem',1684278000000,-8.617026,41.14254,3060000,1684278000000,3180000,122421,'-40623.86969999973,163823.07469999974'
'Avaria de telecomunicações','Rua de Cândida Sá de Albergaria','Nº 174','Wondercom- Vodafone','Ocupação do passeio',1684278000000,32520000,1684278000000,39720000,'Abrir CVP',1684278000000,-8.675915,41.1537,32580000,1684278000000,32700000,122826,'-45560.19379999949,165091.66300000096'
'Avaria elétrica','Rua dos Mercadores','3','','Ocupação do passeio',1684278000000,31800000,1684278000000,61200000,'',1684278000000,-8.613018,41.14097,32040000,1684278000000,32100000,122427,'-40288.388399999596,163647.5691999997'
'Avaria de telecomunicações','Rua do Monte dos Burgos','608','Altice','Ocupação do passeio',1684278000000,31500000,1684278000000,44100000,'',1684278000000,-8.627543,41.17488,31860000,1684278000000,31860000,122426,'-41486.36230000018,167419.7004000004'
'Avaria de veículo','Via de Cintura Interna','após nó de Bonjoia','IP','Estreitamento',1684278000000,34200000,1684278000000,36000000,'',1684278000000,-8.582891,41.15531,34440000,1684278000000,34500000,123227,'-37750.72580000019,165226.14169999916'
'Outro motivo','Travessa da Maceda','100','','Ocupação do passeio',1684278000000,53580000,1684278000000,81900000,'rotura ramal',1684278000000,-8.572286,41.16233,53700000,1684278000000,53820000,123241,'-36856.60039999984,166000.79740000024'
'Outro motivo','Rua do Bonfim','Nº 361','','Estreitamento',1684278000000,38160000,1684278000000,81900000,'Subst. Cabeça Móvel',1684278000000,-8.59418,41.15085,38220000,1684278000000,38280000,123231,'-38700.91880000006,164735.7525999996'
'Avaria de CCTV','','PSP050 - Rua da Lada (Ponte D. Luis)','','',1684278000000,80063000,'','',' ',1684278000000,-8.61023,41.14078,80063000,1684278000000,80063000,124443,'-40054.41409999971,163624.74340000056'
'Avaria de CCTV','','PSP061 - Rua das Carmelitas / Rua Cândido dos Reis','','',1684364400000,-2829000,'','',' Ligar a CCTV ,ligações de swiths ',1684364400000,-8.614,41.14619,-2829000,1684364400000,-2829000,124044,'-40367.60309999991,164227.31719999952'
'Outro motivo','Rua de Pedro Hispano','Nº 937','','Estreitamento',1684278000000,61200000,1684278000000,61200000,'Rotura de ramal',1684278000000,-8.632062,41.16458,61200000,1684278000000,61260000,124038,'-41872.19010000018,166278.59200000027'
'Avaria de telecomunicações','Rua de Sá da Bandeira','Nº 304','PDT','Ocupação do passeio',1684278000000,37200000,1684278000000,39600000,'Abrir CVP',1684278000000,-8.607682,41.14909,37200000,1684278000000,37320000,123230,'-39835.435600000535,164546.72039999993'
'Aluimento','Rua da Vilarinha','Nº 1234','','Ocupação do passeio',1684278000000,52200000,1684278000000,81900000,'',1684278000000,-8.672558,41.17173,52200000,1684278000000,52260000,123239,'-45266.001199999795,167092.2277000009'
'Avaria de CCTV','','PMV01 - Avenida Associação Empresarial de Portugal (AEP)','','',1684278000000,56133000,'','',' Status Warning',1684278000000,-8.65116,41.17439,56133000,1684278000000,56133000,124037,'-43468.52359999996,167377.1613999991'
'Outro motivo','Rua do Conde de Avranches','650','','Estreitamento',1684278000000,53580000,1684278000000,81900000,'rotura ramal',1684278000000,-8.611572,41.17679,53640000,1684278000000,53700000,123240,'-40145.05989999973,167624.39849999873'
'Outro motivo','Alameda do Arquitecto Carlos Ramos','Bloco 13','','Ocupação do passeio',1684278000000,61200000,1684278000000,81900000,'Rotura de ramal domiciliário',1684278000000,-8.568745,41.15362,61320000,1684278000000,61500000,124039,'-36564.25000000004,165032.460000001'
'Avaria de telecomunicações','Praça de Mouzinho de Albuquerque','Nº 41','Altice','Ocupação do passeio',1684278000000,55800000,1684278000000,59400000,'',1684278000000,-8.628665,41.15894,56040000,1684278000000,56220000,123637,'-41590.66640000038,165650.25209999998'
'Avaria de telecomunicações','Rua do Conde da Covilhã','Nº 1256','Wondercom- Márcia','Ocupação do passeio',1684278000000,50400000,1684278000000,57600000,'Abrir CVP',1684278000000,-8.654804,41.17342,50400000,1684278000000,50520000,123235,'-43774.978600000104,167271.5777000003'
'Avaria de telecomunicações','Rua da Boavista','Nº 723','Wondercom- Márcia','Ocupação do passeio',1684278000000,34920000,1684278000000,42120000,'Abrir CVP',1684278000000,-8.621786,41.15669,34860000,1684278000000,34920000,123229,'-41014.6690999997,165396.6949999999'
'Avaria de telecomunicações','Rua de Cervantes','605','Meo','Estacionamento',1684278000000,48900000,1684278000000,51300000,'',1684278000000,-8.61302,41.16134,48960000,1684278000000,49020000,123234,'-40276.053100000165,165909.14349999998'
'Avaria de telecomunicações','Rua de Costa Cabral','231','Wondercom','Ocupação do passeio',1684278000000,47700000,1684278000000,81900000,'',1684278000000,-8.601982,41.16354,47820000,1684278000000,47880000,123232,'-39348.23550000035,166149.1364999986'
'Outro motivo','Travessa de Cartes','Nº 4A','','Estacionamento',1684278000000,48000000,1684278000000,81900000,'Rotura de ramal geral',1684278000000,-8.572793,41.16215,48060000,1684278000000,48180000,123233,'-36899.242399999705,165981.67410000035'
'Avaria elétrica','Rua do Freixo','Nº 1697','','Ocupação do passeio',1684278000000,52200000,1684278000000,81900000,'Média Tensão',1684278000000,-8.587213,41.14734,52140000,1684278000000,52200000,123238,'-38118.1309000004,164343.02089999977'
'Outro motivo','Rua de João Corregedor da Fonseca','Nº 23','','Estreitamento',1684278000000,61200000,1684278000000,81900000,'Substituição de válvula de ramal',1684278000000,-8.576533,41.17863,61560000,1684278000000,61680000,124042,'-37203.80580000021,167813.82719999916'
'Avaria de CCTV','','PSP051 - Rua Reboleira / Rua do Infante D. Henrique','','',1684278000000,79373000,'','',' ',1684278000000,-8.61601,41.14044,79373000,1684278000000,79373000,124043,'-40539.900200000004,163589.66789999945'
'Outro motivo','Rua de Azevedo de Albuquerque','c/ Largo Viriato','PM/PSP/INEM/DMPC','Corte total',1684278000000,61200000,1684278000000,68400000,'Corte total de peões e viaturas em consequência de esfaqueamento',1684278000000,-8.618214,41.14469,61380000,1684278000000,61440000,124041,'-40722.2916000001,164062.36390000067'
'Outro motivo','','128','','Estreitamento',1684364400000,27000000,1684364400000,81900000,'Reparação de Somidouro',1684364400000,-8.613296,41.14411,-1080000,1684364400000,-960000,124045,'-40309.81130000023,163995.55230000024'
'Outro motivo','','Frente a escola','','Estreitamento',1684364400000,27000000,1684364400000,81900000,'Reparação de Somidouro na faixa',1684364400000,-8.629169,41.1691,-840000,1684364400000,-720000,124046,'-41626.53619999998,166778.50379999902'
'Avaria de telecomunicações','Rua do Dr. Júlio de Matos','225/113','','Estreitamento',1684278000000,50400000,1684278000000,64800000,'c/ acompanhamento policial',1684278000000,-8.59004,41.17332,50760000,1684278000000,50940000,123236,'-38340.24909999975,167229.2681000008'
'Outro motivo','Rua de S. Roque da Lameira','646','','Ocupação do passeio',1684364400000,26100000,1684364400000,81900000,'Substituir válvula de ramal',1684364400000,-8.572177,41.16355,25860000,1684364400000,26040000,124053,'-36846.73089999989,166136.46969999943'
'Outro motivo','Rua de Belomonte','','','Estreitamento',1684364400000,27000000,1684364400000,81900000,'Reparação de CI na faixa de rodagem',1684364400000,-8.616977,41.14253,60000,1684364400000,120000,124049,'-40619.82380000054,163821.70609999946'
'Outro motivo','','268','','Estreitamento',1684364400000,27000000,1684364400000,81900000,'Abertura de sonda na via',1684364400000,-8.661147,41.16581,-180000,1684364400000,-60000,124444,'-44312.416899999575,166429.00060000096'
'Outro motivo','','Zona Pedonal','','Ocupação do passeio',1684364400000,27000000,1684364400000,81900000,'Reparação de boca do lobo',1684364400000,-8.637564,41.14885,-420000,1684364400000,-300000,124048,'-42344.13580000034,164534.24889999957'
'Outro motivo','','164/224','','Ocupação do passeio',1684364400000,27000000,1684364400000,81900000,'Reparação de ramal na faixa/ passeio',1684364400000,-8.595554,41.14878,-660000,1684364400000,-480000,124047,'-38817.52759999966,164506.01029999965'
'Outro motivo','','160','','Ocupação do passeio',1684364400000,27000000,1684364400000,81900000,'Reparação de ramal',1684364400000,-8.595462,41.1488,1680000,1684364400000,2040000,124446,'-38809.79009999985,164509.26219999944'
'Outro motivo','','1539','','Estreitamento',1684364400000,27000000,1684364400000,81900000,'Reparação de conduta  e estreitamento de via com apoio policial',1684364400000,-8.581684,41.15926,360000,1684364400000,480000,124445,'-37647.10460000014,165664.80780000068'
'Outro motivo','','Frente a antiga EDP','','Estreitamento',1684364400000,28800000,1684364400000,43200000,'Verificação de injetores',1684364400000,-8.636972,41.14847,540000,1684364400000,2400000,124052,'-42294.65600000041,164491.50929999913'
'Aluimento','Rua de Salgueiros','','','Estreitamento',1577923200000,54000000,1577923200000,81900000,'',1577923200000,-8.616511,41.1601,54600000,1577923200000,54660000,1669,'-40569.82390000019,165773.27079999965'
'Outro motivo','Rua dos Castelos','248','','Estacionamento',1684364400000,26100000,1684364400000,81900000,'Verificar ramal aos 30',1684364400000,-8.629818,41.1681,25860000,1684364400000,25920000,124054,'-41681.59150000008,166667.69190000003'
'Avaria de telecomunicações','Rua do Heroísmo','205','','Ocupação do passeio',1683846000000,29700000,1683846000000,31500000,'',1684364400000,-8.592799,41.14652,30360000,1684364400000,30420000,124056,'-38587.53290000003,164254.6567000001'
'Outro motivo','Rua de Manuel Bandeira','183','','Estreitamento',1684364400000,29700000,1684364400000,81900000,'Reparar sargeta',1684364400000,-8.642361,41.15898,30060000,1684364400000,30120000,124447,'-42740.17179999968,165660.91249999937'
'Outro motivo','Rua de Pinto Bessa','Toda extensão','','Ocupação do passeio',1684364400000,30000000,1684364400000,81900000,'Levantar Tampas',1684364400000,-8.59177,41.15034,29880000,1684364400000,30480000,124055,'-38498.974999999606,164677.83290000123'
'Avaria de veículo','Praça de Mouzinho de Albuquerque','Com 5 Outubro','','Estreitamento',1684364400000,30600000,1684364400000,34200000,'',1684364400000,-8.629902,41.15864,30720000,1684364400000,30780000,124057,'-41694.67789999955,165616.9726'
'Acidente rodoviário','Via de Cintura Interna','Após viaduto do Amial','','Estreitamento',1684364400000,30600000,1684364400000,34200000,'',1684364400000,-8.615895,41.17418,30960000,1684364400000,31020000,125248,'-40509.4363000001,167336.9707999993'
'Outro motivo','Rua da Constituição','nº 813','','Ocupação do passeio',1684364400000,31740000,1684364400000,81900000,'Tamponar Ramal',1684364400000,-8.607812,41.16232,31680000,1684364400000,31740000,124856,'-39838.328499999814,166016.3786999993'
'Aluimento','Rua do Dr. Alfredo de Magalhães','36','','Ocupação do passeio',1684364400000,31200000,1684364400000,81900000,'',1684364400000,-8.609504,41.15445,31140000,1684364400000,31200000,124455,'-39985.10379999974,165142.69979999945'
'Avaria de CCTV','','PSP003 - Rua de Santa Catarina / Rua de Gonçalo Cristóvão','','',1684364400000,31328000,'','',' Abrir buraco para maciço para instalar CCTV',1684364400000,-8.604819,41.153381,31328000,1684364400000,31328000,124855,'-39592.5060999999,165021.7094999997'
'Avaria de telecomunicações','Rua de Júlio Dinis','386','','Estacionamento',1684364400000,35100000,1684364400000,37800000,'',1684364400000,-8.626179,41.15241,35220000,1684364400000,35220000,124456,'-41386.09929999998,164924.28659999976'
'Outro motivo','Rua Formosa','Nº 186','','Ocupação do passeio',1684278000000,36000000,1684364400000,81900000,'Tamponar Ramal',1684364400000,-8.604618,41.14785,36000000,1684364400000,36180000,124857,'-39578.9795000004,164406.8479999992'
'Avaria de telecomunicações','Rua do Amial','1134','Wondercom','Ocupação do passeio',1684364400000,37800000,1684364400000,46800000,'',1684364400000,-8.613461,41.1829,38160000,1684364400000,38220000,124859,'-40299.791299999684,168303.93150000108'
'Avaria de CCTV','','PSP002 - Rua de Santa Catarina / Rua Da Escola Normal','','',1684364400000,47933000,'','',' Abrir buraco para maciço para instalar CCTV',1684364400000,-8.604621,41.154841,47933000,1684364400000,47933000,124862,'-39575.004300000175,165183.76490000085'
'Outro motivo','Rua da Fonte do Outeiro','163','','Ocupação do passeio',1684364400000,36900000,1684364400000,81900000,'',1684364400000,-8.593228,41.17233,36540000,1684364400000,36780000,124858,'-38608.40259999971,167120.46220000065'
'Anomalia de sinalização luminosa','Praça de Mouzinho de Albuquerque','#165A - Praça Mouzinho Albuquerque / Rua Cinco Outubro / Caldas Xavier / Meditação / Av. Boavista / 5 Outubro','SolTráfego','Estreitamento',1684364400000,48600000,1684364400000,57600000,'',1684364400000,-8.629427,41.15884,48540000,1695855600000,71940000,125251,'-41654.67019999959,165638.95560000054'
'Outro motivo','Avenida de Sidónio Pais','116','','Ocupação do passeio',1684364400000,57600000,1684364400000,81900000,'endireitar tomada',1684364400000,-8.635097,41.16395,58080000,1684364400000,58200000,125651,'-42127.329800000465,166209.34620000058'
'Avaria de telecomunicações','Rua da Natária','C/ R. S. Dinís','Groupfix- António Gomes','Estreitamento',1684364400000,49200000,1684364400000,51000000,'Abrir CVP',1684364400000,-8.623159,41.16752,49260000,1684364400000,49440000,124865,'-41123.10450000022,166600.85849999986'
'Rotura de conduta','Rua de Aurélia de Sousa','69','','Ocupação do passeio',1684364400000,57600000,1684364400000,81900000,'',1684364400000,-8.599476,41.15939,57840000,1684364400000,57900000,124866,'-39140.41839999985,165686.89389999933'
'Outro motivo','Rua de Estevão Gomes','92','','Ocupação do passeio',1684450800000,27000000,1684450800000,81900000,'Substituição de tampa CRL',1684450800000,-8.659466,41.14934,-360000,1684450800000,2700000,124873,'-44182.37090000044,164598.82980000039'
'Outro motivo','Rua de Ramalde do Meio','137','','Ocupação do passeio',1684364400000,57600000,1684364400000,81900000,'desentulhar tomada',1684364400000,-8.640741,41.17413,57960000,1684364400000,58020000,124867,'-42594.39869999989,167343.59029999963'
'Avaria elétrica','Rua de Arnaldo Leite','','','Ocupação do passeio',1684364400000,36420000,1684364400000,81900000,'Iluminação Publica',1684364400000,-8.647509,41.15122,36240000,1684364400000,36420000,124457,'-43177.41270000025,164802.38389999964'
'Outro motivo','Rua do Capitão Pombeiro','161','','Ocupação do passeio',1684450800000,27000000,1684450800000,81900000,'Substituição de tampa CRL',1684450800000,-8.612033,41.16583,-120000,1684450800000,60000,124874,'-40190.38929999996,166407.88829999985'
'Outro motivo','Rua da Constituição','813','','Ocupação do passeio',1684364400000,57600000,1684364400000,81900000,'',1684364400000,-8.607918,41.16228,58020000,1684364400000,58080000,124868,'-39847.25690000039,166011.74860000098'
'Avaria de CCTV','','PSP052 - Rua da Alfandega / Rua do Infante D. Henrique','','',1684450800000,-2539000,'','',' Ligar a camara da PSP ao Switch',1684450800000,-8.61472,41.1409,-2539000,1684450800000,-2539000,124872,'-40431.3103999998,163640.1528999995'
'Outro motivo','Rua Direita de Francos','1123','','Estreitamento',1684364400000,48300000,1684364400000,81900000,'Substituir válvula de ramal',1684364400000,-8.635106,41.16708,48360000,1684364400000,48420000,124863,'-42126.01410000022,166557.8436999991'
'Outro motivo','Rua de S. Roque da Lameira','1539','','Estreitamento',1684450800000,27000000,1684450800000,81900000,'Reparação de boca do lobo',1684450800000,-8.583033,41.15888,1320000,1684450800000,1440000,125655,'-37760.60749999991,165622.8516000011'
'Outro motivo','Largo de José Moreira da Silva','junto a fonte','','Estreitamento',1684450800000,27000000,1684450800000,81900000,'Reparação de boca  do lobo',1684450800000,-8.603809,41.15472,480000,1684450800000,2580000,124875,'-39506.91490000016,165169.69339999926'
'Outro motivo','Rua dos Plátanos','23','','Estreitamento',1684450800000,27000000,1684450800000,81900000,'Reparação de CI',1684450800000,-8.659201,41.17312,180000,1684450800000,240000,125652,'-44144.12920000032,167240.58530000044'
'Outro motivo','Avenida do Dr. Antunes Guimarães','128','','Estreitamento',1684450800000,27000000,1684450800000,81900000,'Reparação de somidouro',1684450800000,-8.661153,41.16581,1080000,1684450800000,1140000,124876,'-44312.925400000124,166429.23800000048'
'Outro motivo','Rua das Flores','128','','Estreitamento',1684450800000,27000000,1684450800000,81900000,'Reparação de somidouro',1684450800000,-8.611821,41.18643,840000,1684450800000,960000,125654,'-40160.01109999975,168695.05059999926'
'Outro motivo','Rua do Ouro','','','Estreitamento',1684450800000,27000000,1684450800000,81900000,'Reparação de injetores',1684450800000,-8.637069,41.14847,1500000,1684450800000,1560000,124877,'-42302.75930000001,164492.00510000094'
'Outro motivo','Rua de Barbosa du Bocage','Rua do Arquiteto Marques da Silva/ Rua do Bom Sucesso','','Estreitamento',1684450800000,27000000,1684450800000,81900000,'Inspeção de coletores com apoio  Policial',1684450800000,-8.629538,41.15352,1860000,1684450800000,2160000,124878,'-41667.37729999994,165048.47359999994'
'Outro motivo','Rua de Malaca','Avenida da Boavista','Soltrafego','Estreitamento',1684364400000,40500000,1684364400000,54000000,'CV82',1684364400000,-8.684909,41.16715,40320000,1684364400000,40500000,125250,'-46305.72020000032,166591.1224000007'
'Outro motivo','Rua do Conde de Avranches','598','RSB','Ocupação do passeio',1684364400000,64800000,1684364400000,68400000,'+ Estacionamento, devido a queda de ramo',1684364400000,-8.613772,41.17754,66000000,1684364400000,66060000,124869,'-40329.1522000003,167709.27480000074'
'Reparação de válvula','Rua de Cedofeita','Nº 282','','Ocupação do passeio',1684450800000,27600000,1684450800000,81900000,'',1684450800000,-8.61747,41.15131,27300000,1684450800000,27600000,124883,'-40655.717600000076,164797.9848000001'
'Outro motivo','Rua de Requezende','382','','Ocupação do passeio',1684450800000,27000000,1684450800000,81900000,'',1684450800000,-8.636887,41.17586,26700000,1684450800000,26760000,124882,'-42269.89099999982,167533.44380000036'
'Outro motivo','Rua das Andorinhas','124','','Estreitamento',1684450800000,27000000,1684450800000,81900000,'',1684450800000,-8.638084,41.18027,26640000,1684450800000,26700000,124881,'-42367.42619999965,168023.2513000001'
'Outro motivo','Largo de S. Domingos','80','','Ocupação do passeio',1684450800000,18900000,1684450800000,81900000,'CVP na fachada',1684450800000,-8.614695,41.14318,18540000,1684450800000,21120000,124879,'-40427.76449999959,163893.49290000089'
'Outro motivo','Avenida de Sidónio Pais','98','','Ocupação do passeio',1684450800000,27000000,1684450800000,81900000,'',1684450800000,-8.634798,41.16393,26580000,1684450800000,26640000,124880,'-42102.224000000475,166207.74589999983'
'Outro motivo','Rua Chã','Nº38','','Ocupação do passeio',1684450800000,27480000,1684450800000,81900000,'Tamponar ramal domiciliário',1684450800000,-8.610307,41.14361,27360000,1684450800000,27480000,125658,'-40059.130599999786,163938.5360999998'
'Outro motivo','Travessa de Requezende','Rua Maria Sousa','','Ocupação do passeio',1684450800000,27000000,1684450800000,81900000,'',1684450800000,-8.640675,41.17719,26820000,1684450800000,26880000,125657,'-42586.8322000001,167682.38399999903'
'Avaria de telecomunicações','Rua da Alegria','Nº 93','Groupfix- Pedro Azevedo','Estacionamento',1684450800000,32160000,1684450800000,43200000,'Abrir CVP',1684450800000,-8.603982,41.14824,32100000,1684450800000,32160000,126062,'-39525.360000000284,164450.85649999976'
'Reparação de válvula','Travessa da Lomba','Nº 29','PM','Estreitamento',1684450800000,28200000,1684450800000,81900000,'',1684450800000,-8.590889,41.14851,28140000,1684450800000,48360000,125659,'-38426.04619999978,164474.89450000034'
'Avaria de telecomunicações','Rua de D. Manuel II','Rua Adolfo Casais Monteiro','','Ocupação do passeio',1684450800000,26100000,1684450800000,29700000,'',1684450800000,-8.622739,41.14784,25860000,1684450800000,25980000,125656,'-41100.18369999987,164415.0733000005'
'Avaria de telecomunicações','Rua da Bandeirinha','94','GroupFix','Estacionamento',1684450800000,28800000,1684450800000,31500000,'',1684450800000,-8.620201,41.14558,29340000,1684450800000,29400000,125660,'-40888.597599999965,164162.8359999993'
'Avaria de telecomunicações','Rua de S. Tomé','C/ Azenha','PDT-Jorge Barbosa','Estreitamento',1684450800000,30180000,1684450800000,32400000,'Abrir CVP C/Policiamento',1684450800000,-8.609384,41.18133,30060000,1684450800000,30240000,126060,'-39958.69699999964,168127.5200999997'
'Avaria de telecomunicações','Rua de Alberto Aires de Gouveia','Nº 77','Groupfix- José Santana','Ocupação do passeio',1684450800000,27780000,1684450800000,29580000,'Abrir CVP',1684450800000,-8.620482,41.14724,27720000,1684450800000,27840000,124884,'-40911.1091999998,164346.97730000003'
'Outro motivo','Via do Castelo do Queijo','frente edifício transparente','','Ocupação do passeio',1684450800000,33300000,1684450800000,40500000,'Passagem de fibra',1684450800000,-8.688064,41.17229,33720000,1684450800000,33780000,126063,'-46566.80769999977,167162.85830000052'
'Avaria de telecomunicações','Avenida da Boavista','Rua Primeirto de Janeiro/João grave','visabeira','Ocupação do passeio',1684450800000,33900000,1684450800000,41400000,'com policiamento',1684450800000,-8.643895,41.16044,33720000,1684450800000,33960000,126463,'-42867.970200000316,165823.9049999997'
'Avaria de telecomunicações','Rua de Camões','651','','Ocupação do passeio',1684450800000,34200000,1684450800000,36900000,'',1684450800000,-8.610044,41.15777,34140000,1684450800000,34200000,126064,'-40028.4584999997,165511.5332'
'Outro motivo','Rua da Fábrica','Nº 73','','Ocupação do passeio',1684450800000,35100000,1684450800000,81900000,'Retirar CRL',1684450800000,-8.613378,41.14756,35220000,1684450800000,35340000,126066,'-40314.5268000001,164378.7236000006'
'Rotura de conduta','Rua de Aleixo Mota','Nº 132','','Estreitamento',1684450800000,35400000,1684450800000,81900000,'',1684450800000,-8.654482,41.14974,35340000,1684450800000,35400000,126466,'-43763.75920000021,164641.1625999992'
'Outro motivo','Rua de João Ramalho','nº 397','','Ocupação do passeio',1684450800000,34920000,1684450800000,81900000,'Rep. CRL',1684450800000,-8.597085,41.1618,34860000,1684450800000,34920000,126465,'-38938.31030000003,165953.05589999983'
'Avaria de CCTV','','PSP004 - Rua do Bonjardim / Rua Gonçalo Cristóvão','','',1684450800000,37104000,'','',' Instalação de armário',1684450800000,-8.60808,41.15339,37104000,1684450800000,37104000,126067,'-39866.23579999994,165024.2022999997'
'Avaria de telecomunicações','Rua de Vilar','nº 17','Groupfix- José Pinto','Estacionamento',1684450800000,49440000,1684450800000,53040000,'Abrir cvp',1684450800000,-8.627395,41.1494,49380000,1684450800000,49500000,126879,'-41490.067599999704,164590.62289999975'
'Outro motivo','Campo de Vinte e Quatro de Agosto','Nº 10','','Ocupação do passeio',1684450800000,54000000,1684450800000,81900000,'',1684450800000,-8.598736,41.14855,60900000,1684450800000,61860000,127683,'-39084.7792999996,164482.18219999954'
'Outro motivo','Rua Formosa','n.186','','Estreitamento',1684710000000,27000000,1684710000000,81900000,'Aluimento no passeio',1684537200000,-8.604631,41.14785,-1380000,1684537200000,-1320000,127286,'-39580.08590000026,164407.84449999998'
'Outro motivo','Rua de D. João IV','n.792','','Estreitamento',1684710000000,27000000,1684710000000,81900000,'Aluimento no passeio',1684537200000,-8.602421,41.15366,-1320000,1684537200000,-1200000,127684,'-39391.05690000025,165051.92520000107'
'Outro motivo','Rua do Dr. Alves da Veiga','Nº 3','','Ocupação do passeio',1684450800000,49500000,1684450800000,81900000,'Rotura de ramal domiciliário',1684450800000,-8.60272,41.14742,49560000,1684450800000,50040000,126880,'-39419.88860000012,164358.24770000027'
'Reparação de grelha / boca de lobo','Rua da Escola Normal','114','','Estacionamento',1684450800000,45000000,1684450800000,81900000,'reparação de sarjeta',1684450800000,-8.604405,41.15481,44700000,1684450800000,44760000,126472,'-39556.896499999835,165180.45900000102'
'Avaria de telecomunicações','Rua de Cândido dos Reis','Nº 96','Groupfix- Mário Rodrigues','Ocupação do passeio',1684450800000,39000000,1684450800000,40800000,'Abrir CVP',1684450800000,-8.614026,41.1464,39060000,1684450800000,39180000,126470,'-40369.69699999976,164250.7602999992'
'Acidente rodoviário','Via de Cintura Interna','Junto a Prelada','IP/PSP','Estreitamento',1684450800000,38700000,1684450800000,39600000,'Embate entre 2 ligeiros',1684450800000,-8.632855,41.17191,38880000,1684450800000,38940000,126469,'-41934.0758999996,167092.48839999945'
'Outro motivo','Rua de D. João IV','Nº 792','','Ocupação do passeio',1684450800000,40800000,1684450800000,81900000,'Substituir Cabeça Movél',1684450800000,-8.602445,41.15362,40680000,1684450800000,40860000,126471,'-39393.11330000033,165047.67449999988'
'Outro motivo','Rua de João de Lisboa','C/ R. Afonso Baldaia','','Ocupação do passeio',1684450800000,37200000,1684450800000,81900000,'Descobrir Tomada',1684450800000,-8.669454,41.15756,37080000,1684450800000,37260000,126068,'-45015.24480000048,165517.74010000002'
'Rotura de conduta','Rua de João Pedro Ribeiro','873','','Ocupação do passeio',1684450800000,54000000,1684450800000,81900000,'',1684450800000,-8.608519,41.1613,60720000,1684450800000,61860000,127283,'-39898.23919999965,165902.33410000015'
'Reparação de grelha / boca de lobo','Rua do Pinheiro Grande','Nº 90','','Estacionamento',1684450800000,47280000,1684450800000,81900000,'',1684450800000,-8.571031,41.16315,47220000,1684450800000,47280000,126875,'-36750.75559999988,166092.2500999995'
'Avaria de telecomunicações','Rua de Miragaia','Nº 140','Wondercom','Ocupação do passeio',1684450800000,57600000,1684450800000,64800000,'',1684450800000,-8.622543,41.14408,62100000,1684450800000,62220000,127284,'-41086.15459999996,163996.74929999912'
'Avaria elétrica','Rua de Miragaia','nº 161','','Ocupação do passeio',1684450800000,48600000,1684450800000,81900000,'baixa tensão',1684450800000,-8.623044,41.1442,48540000,1684450800000,48600000,126876,'-41128.11550000032,164010.7193000001'
'Outro motivo','Rua de Vale Formoso','n.122','','Estreitamento',1684710000000,32400000,1684710000000,81900000,'Desobstrução de CRL na faixa',1684537200000,-8.611543,41.16653,-900000,1684537200000,-780000,127288,'-40148.918600000485,166484.56880000053'
'Outro motivo','Rua de Cedofeita','n.282','','Estreitamento',1684710000000,27000000,1684710000000,81900000,'Aluimento no passeio',1684537200000,-8.617464,41.15131,-1560000,1684537200000,-1380000,127285,'-40655.222500000185,164797.9758000002'
'Outro motivo','Rua do Ouro','Frente a antiga EDP','','Estreitamento',1684710000000,32400000,1684710000000,81900000,'Reparação de caixa injetora na faixa',1684537200000,-8.644854,41.14826,-1020000,1684537200000,-960000,127685,'-42956.47549999975,164472.0576000007'
'Outro motivo','Rua Central de Francos','n,58','','Estreitamento',1684710000000,27000000,1684710000000,81900000,'Reparação de CRL no passeio',1684537200000,-8.634824,41.16765,-1200000,1684537200000,-1080000,127287,'-42101.99710000025,166620.63220000084'
'Avaria de telecomunicações','Rua de Santo Ildefonso','362','groupfix','Ocupação do passeio',1684537200000,25200000,1684537200000,81900000,'',1684537200000,-8.601649,41.14725,25200000,1684537200000,25440000,127289,'-39330.088000000425,164339.47920000053'
'Outro motivo','Avenida de Fernão de Magalhães','1072','','Estreitamento',1684537200000,27000000,1684537200000,81900000,'',1684537200000,-8.593047,41.15895,26640000,1684537200000,26760000,127686,'-38601.03739999974,165635.32789999945'
'Reparação de válvula','Rua do Padre António Coutinho','192','','Estreitamento',1684537200000,48600000,1684537200000,81900000,'',1684537200000,-8.637366,41.16809,48420000,1684537200000,48480000,127297,'-42315.071499999656,166671.00300000026'
'Avaria de telecomunicações','Rua de Damião de Góis','377','','Estreitamento',1684537200000,47700000,1684537200000,51300000,'',1684537200000,-8.614059,41.16205,47820000,1684537200000,47880000,127296,'-40362.78409999984,165989.09339999975'
'Outro motivo','Avenida de Fernão de Magalhães','981','','Estreitamento',1684537200000,27000000,1684537200000,81900000,'',1684537200000,-8.593562,41.15831,26820000,1684537200000,26940000,127687,'-38644.64360000005,165563.78979999942'
'Avaria de telecomunicações','Rua de Justino Teixeira','Nº 7','Groupfix- Santana','Estreitamento',1684450800000,46800000,1684450800000,48600000,'Abrir CVP',1684450800000,-8.586379,41.14909,46920000,1684450800000,47100000,126874,'-38047.074400000245,164536.8137999991'
'Outro motivo','Avenida de Fernão de Magalhães','Rua dos Navegantes','','Estreitamento',1684537200000,27000000,1684537200000,81900000,'',1684537200000,-8.593385,41.15869,26760000,1684537200000,26820000,127290,'-38629.56099999974,165605.87439999927'
'Anomalia de sinalização luminosa','Rua do Ouro','136','Soltrafego','Estreitamento',1684537200000,53100000,1684537200000,75600000,'',1684537200000,-8.645949,41.14843,53340000,1684537200000,53400000,127298,'-43048.31190000005,164491.66579999973'
'Incêndio urbano','Rua de S. Victor','207','','Corte total',1684623600000,74700000,1684623600000,76500000,'',1684623600000,-8.601802,41.14564,76200000,1684623600000,76260000,127300,'-39343.88329999999,164160.8234999996'
'Aluimento','Praça da Galiza','Rua de Júlio Dinis','','Estreitamento',1684537200000,34200000,1684537200000,81900000,'',1684537200000,-8.626156,41.15231,34380000,1684537200000,36720000,127293,'-41384.285500000165,164912.2493999993'
'Rotura de conduta','Rua de Maria Lamas','58','','Estacionamento',1684710000000,23400000,1684710000000,81900000,'',1684710000000,-8.635887,41.17164,24000000,1684710000000,24000000,127304,'-42188.63489999977,167063.99090000035'
'Acidente rodoviário','Via de Cintura Interna','','','Estreitamento',1684623600000,57300000,1684623600000,60300000,'',1684623600000,-8.593715,41.17123,58080000,1684623600000,80820000,127299,'-38649.909099999866,166999.32100000026'
'Outro motivo','Rua do Coronel Almeida Valente','21','','Ocupação do passeio',1684537200000,27000000,1684537200000,81900000,'',1684537200000,-8.60781,41.17525,28380000,1684537200000,28980000,127291,'-39830.28579999986,167452.30859999853'
'Outro motivo','Rua do Dr. Alves da Veiga','3','','Estreitamento',1684710000000,33300000,1684710000000,81900000,'Reposição de pavimento',1684710000000,-8.602653,41.14743,33180000,1684710000000,33300000,127309,'-39414.25079999953,164359.78749999945'
'Avaria de veículo','Via de Cintura Interna','acesso a Fernão Magalhães','IP','Estreitamento',1682550000000,50400000,1682550000000,54000000,'',1682550000000,-8.588939,41.16798,51120000,1684623600000,81180000,103017,'-38251.01169999973,166635.95429999896'
'Outro motivo','Rua dos Plátanos','61','','Estreitamento',1684710000000,23400000,1684710000000,81900000,'Rep. Corpo CI',1684710000000,-8.658883,41.17332,23520000,1684710000000,23520000,127301,'-44117.309500000454,167262.70119999995'
'Outro motivo','Rua dos Castelos','248','','Estreitamento',1684537200000,45000000,1684537200000,81900000,'',1684537200000,-8.629806,41.16813,41700000,1684537200000,41760000,127295,'-41680.55489999982,166671.8364000003'
'Avaria de telecomunicações','Rua de Manuel Bandeira','C/ R. António Bessa Leite','Visabeira- Bruno Ribeiro','Estreitamento',1684710000000,33780000,1684710000000,37380000,'Abrir CVP C/ policiemento',1684710000000,-8.643029,41.15947,33720000,1684710000000,33840000,127694,'-42795.94959999989,165716.0206000006'
'Outro motivo','Rua de Cimo de Vila','72','','Ocupação do passeio',1684710000000,23400000,1684710000000,81900000,'Substituição de válvula de ramal',1684710000000,-8.607821,41.14519,23700000,1684710000000,23760000,127302,'-39849.444299999814,164113.51390000075'
'Reparação de coletor','Rua da Igreja da Areosa','C/ R. Eduardo Santos Silva','','Estreitamento',1684710000000,28020000,1684710000000,81900000,'C/ policiamento',1684710000000,-8.58786,41.17629,28140000,1684710000000,28860000,127306,'-38155.579499999934,167558.88179999942'
'Reparação de grelha / boca de lobo','Alameda das Antas','junto ao metro','','Estacionamento',1684537200000,37800000,1684537200000,81900000,'',1684537200000,-8.582622,41.16001,37800000,1684537200000,37860000,127294,'-37725.41139999957,165747.895199999'
'Acidente rodoviário','Rua da Alegria','Com Aurélia de Sousa','INEM; PSP','Estreitamento',1684710000000,24900000,1684710000000,26400000,'',1684710000000,-8.600873,41.15993,25080000,1684710000000,26220000,127305,'-39257.39039999998,165746.95690000034'
'Avaria elétrica','Rua da Paz','28','E-Redes','Ocupação do passeio',1684537200000,28800000,1684537200000,57600000,'',1684537200000,-8.625476,41.15401,28860000,1684537200000,28920000,127292,'-41326.05879999975,165101.65269999907'
'Outro motivo','Avenida de Vímara Peres','75','','Ocupação do passeio',1684710000000,24300000,1684710000000,81900000,'Substituição de válvula de ramal',1684710000000,-8.610294,41.14297,23760000,1684710000000,23880000,127303,'-40058.46659999986,163867.70309999905'
'Outro motivo','Rua de Costa Cabral','Nº 125','','Ocupação do passeio',1684710000000,32160000,1684710000000,81900000,'Reparação de Ramal',1684710000000,-8.602853,41.16284,32100000,1684710000000,32220000,127308,'-39421.80989999977,166070.8828999997'
'Avaria elétrica','Rua do Engenheiro Ezequiel de Campos','Nº 463','','Ocupação do passeio',1684710000000,33600000,1684710000000,81900000,'Média tensão',1684710000000,-8.652688,41.17307,33360000,1684710000000,33900000,127693,'-43597.5888,167231.46850000005'
'Outro motivo','Rua de João Pedro Ribeiro','Nº 867','','Ocupação do passeio',1684710000000,37200000,1684710000000,81900000,'Subst Cabeça Móvel',1684710000000,-8.608383,41.16123,37200000,1684710000000,37380000,127311,'-39886.89680000027,165894.89350000053'
'Acidente rodoviário','Avenida da Associação Empresarial de Portugal','Direção Av. Sidónio Pais','PSP','Estreitamento',1684710000000,33540000,1684710000000,39000000,'',1684710000000,-8.644532,41.16901,33900000,1684710000000,34020000,127310,'-42915.87770000005,166776.589099999'
'Outro motivo','Rua de Sacadura Cabral','nº 867','','Ocupação do passeio',1684710000000,37320000,1684710000000,81900000,'Passar Broca',1684710000000,-8.61932,41.15531,37200000,1684710000000,37320000,127695,'-40808.565299999966,165243.05920000045'
'Outro motivo','Rua da Corujeira de Baixo','Nº 66','','Estreitamento',1684710000000,28020000,1684710000000,81900000,'Reparação Ramal C/ policiamento',1684710000000,-8.574797,41.15549,28260000,1684710000000,28680000,127691,'-37071.17389999987,165242.9427999998'
'Outro motivo','Rua de Pedro Homem de Mello','234','','Ocupação do passeio',1684710000000,23400000,1684710000000,81900000,'Abrir sonda',1684710000000,-8.666324,41.16335,23880000,1684710000000,23940000,127689,'-44748.5492000002,166158.9472999999'
'Outro motivo','','Rua Dr. João Sá Peixoto','','Estreitamento',1684710000000,28500000,1684710000000,81900000,'Reparação Ramal C/ Policiamento',1684710000000,-8.633904,41.17924,28320000,1684710000000,28560000,127692,'-42017.37530000033,167907.23049999925'
'Outro motivo','Rua de Pelagio','3','','Estreitamento',1684710000000,23400000,1684710000000,81900000,'Rep. CI',1684710000000,-8.667882,41.17191,23580000,1684710000000,23640000,127688,'-44873.4219000004,167110.59090000033'
'Reparação de válvula','Rua de António Bessa Leite','Nº 1608','','Estreitamento',1684710000000,28020000,1684710000000,81900000,'C/ policiamento',1684710000000,-8.642988,41.15954,28200000,1684710000000,28740000,127690,'-42792.48149999971,165723.72120000055'
'Rotura de conduta','Rua de D. Estevão da Gama','Nº 58/59','','Estreitamento',1684710000000,29400000,1684710000000,81900000,'',1684710000000,-8.653176,41.17005,29460000,1684710000000,29520000,127307,'-43640.554100000285,166896.12499999997'
'Outro motivo','Rua dos Plátanos','65','','Estreitamento',1684796400000,25200000,1684796400000,81900000,'Reparação de corpo de CI',1684796400000,-8.658923,41.1733,-1200000,1684796400000,-1140000,128496,'-44120.68620000029,167259.4954'
'Avaria de telecomunicações','Rua das Oliveiras','c/ Tv. Cedofeita','meo','Ocupação do passeio',1684710000000,55140000,1684710000000,61200000,'',1684710000000,-8.614833,41.1499,55200000,1684710000000,55380000,127316,'-40435.21910000034,164639.59710000097'
'Aluimento','Rua das Carmelitas','132','','Ocupação do passeio',1684796400000,25200000,1684796400000,81900000,'',1684796400000,-8.61482,41.14667,-1980000,1684796400000,-1920000,127322,'-40436.15139999983,164281.52300000028'
'Outro motivo','Rua Central de Francos','58','','Estreitamento',1684796400000,25200000,1684796400000,81900000,'Reparação de CRL .',1684796400000,-8.634813,41.16765,-1080000,1684796400000,-960000,128497,'-42101.13250000031,166620.51639999988'
'Outro motivo','Rua de Pinto Bessa','Entre Vera Cruz e rua da Lomba','','Estreitamento',1684710000000,45000000,1684710000000,81900000,'Levantamento de tampas',1684710000000,-8.590451,41.14996,44760000,1684710000000,44820000,127313,'-38388.416000000216,164635.5280000008'
'Avaria de CCTV','','PSP002 - Rua de Santa Catarina / Rua Da Escola Normal','','',1684710000000,46995000,'','',' Instalação de equipamentos.',1684710000000,-8.604621,41.154841,46995000,1684710000000,46995000,127314,'-39575.004300000175,165183.76490000085'
'Outro motivo','Rua da Senhora do Porto','687','','Ocupação do passeio',1684710000000,57000000,1684710000000,81900000,'verificar ramal aos 30',1684710000000,-8.626908,41.1788,57060000,1684710000000,58200000,127317,'-41430.610899999745,167855.0701000002'
'Outro motivo','Rua do Monte dos Burgos','1114','','Estreitamento',1684710000000,60960000,1684710000000,81900000,'Varejamento coletor',1684710000000,-8.629568,41.17934,60900000,1684710000000,60960000,127318,'-41653.529000000126,167916.43280000114'
'Outro motivo','Rua de Mouzinho da Silveira','65','','Estreitamento',1684796400000,25200000,1684796400000,81900000,'Abertura de sonda',1684796400000,-8.614083,41.14285,-1380000,1684796400000,-1320000,127324,'-40376.63190000057,163856.7234000012'
'Avaria de telecomunicações','Praça de Mouzinho de Albuquerque','Nº 136','Telcabo','Estreitamento',1684710000000,72000000,1684710000000,75600000,'',1684710000000,-8.628459,41.15714,71580000,1684710000000,72060000,127320,'-41574.53689999963,165450.684499999'
'Avaria elétrica','Rua de Arnaldo Leite','','','Ocupação do passeio',1684710000000,38820000,1684710000000,81900000,'Abrir buraco',1684710000000,-8.647493,41.15086,38760000,1684710000000,38820000,127312,'-43176.30099999993,164762.00180000073'
'Avaria de telecomunicações','Rua de Tânger','','','Ocupação do passeio',1579737600000,36000000,1579737600000,38700000,'',1579737600000,-8.659265,41.16133,43200000,1579737600000,43260000,2114,'-44157.46169999991,165930.4047000002'
'Outro motivo','Rua do Ouro','Frente à EDP','','Estreitamento',1684796400000,32400000,1684796400000,43200000,'Acesso a caixa de injetores . Trabalhos das 13H às 13H',1684796400000,-8.652289,41.14824,-840000,1684796400000,-780000,127325,'-43580.64919999972,164473.9746'
'Rotura de conduta','Rua de D. Estevão da Gama','Entre o n.º 59 e 89','','Estreitamento',1684796400000,25200000,1684796400000,81900000,'Reparação de conduta',1684796400000,-8.653345,41.17035,-600000,1684796400000,-540000,128498,'-43654.53729999994,166929.23329999996'
'Outro motivo','Rua Alberto José Guimarães','56','','Ocupação do passeio',1684796400000,25200000,1684796400000,81900000,'Substituição de CRL',1684796400000,-8.639519,41.16554,-1800000,1684796400000,-1560000,127323,'-42497.43560000048,166388.91259999966'
'Avaria de telecomunicações','Praça do General Humberto Delgado','Nº 309','Groupfix- Bruno Pereira','Ocupação do passeio',1684710000000,51000000,1684710000000,52800000,'Abrir cvp',1684710000000,-8.611229,41.1498,50940000,1684710000000,51060000,127315,'-40132.77079999994,164626.5053'
'Aluimento','Avenida de Vímara Peres','75','','Ocupação do passeio',1684796400000,25200000,1684796400000,81900000,'Reparação de aluimento',1684796400000,-8.610298,41.14294,-2100000,1684796400000,-2040000,127321,'-40058.79179999971,163864.8817000004'
'Outro motivo','Rua de Maria Pia','71 a 77','','Estacionamento',1684796400000,27000000,1684796400000,81900000,'Substituir cabeça móvel e tamponar ramal',1684796400000,-8.601454,41.16553,27420000,1684796400000,27480000,127328,'-39302.79179999983,166369.53700000056'
'Outro motivo','Rua de António Carneiro','363','','Estacionamento',1684796400000,27000000,1684796400000,81900000,'Substituir válvula de ramal',1684796400000,-8.593824,41.14971,27300000,1684796400000,27360000,127327,'-38671.77020000009,164608.62839999993'
'Outro motivo','Rua dos Castelos','50','','Estreitamento',1684796400000,27000000,1684796400000,81900000,'Reparação de ramal',1684796400000,-8.627783,41.16721,27120000,1684796400000,27180000,127326,'-41511.398799999675,166568.78979999945'
'Avaria de telecomunicações','Rua de Pinto Bessa','Nº 29','Groupfix- João Costa','Estreitamento',1684796400000,29700000,1684796400000,32400000,'Abrir CVP C/ Policiamento',1684796400000,-8.586514,41.14894,29640000,1684796400000,29760000,128501,'-38058.499300000185,164519.7873999999'
'Avaria de telecomunicações','Rua de Monsanto','C/ Jardim arca agua','Groupfix- Alberto Varandas','Ocupação do passeio',1684796400000,28800000,1684796400000,30600000,'abrir CVP em jardim',1684796400000,-8.613994,41.17213,28800000,1684796400000,28860000,128500,'-40351.097000000256,167108.0910000001'
'Aluimento','Rua das Motas','88','','Estreitamento',1684969200000,25200000,1684969200000,81900000,'',1684969200000,-8.670915,41.14972,4620000,1684969200000,4680000,130137,'-45143.23429999964,164647.64129999973'
'Reparação de coletor','Rua de Anselmo Braamcamp','entre a Rua do Moreira','PM','Corte total',1684796400000,27840000,1684796400000,81900000,'C/ policiamento',1684796400000,-8.599968,41.15744,28080000,1684796400000,28140000,128499,'-39182.90909999979,165469.96560000113'
'Avaria elétrica','Calçada dos Ingleses','Nº 27','','Ocupação do passeio',1684796400000,30600000,1684796400000,81900000,'Abrir buraco/ baixa tensão',1684796400000,-8.669726,41.15009,30720000,1684796400000,30780000,128903,'-45032.077600000404,164693.08819999985'
'Avaria de telecomunicações','Rua de Damião de Góis','Nº 239','Groupfix','Estreitamento',1684796400000,33000000,1684796400000,34800000,'Abrir CVP C/ Policiamento',1684796400000,-8.612541,41.16188,33300000,1684796400000,33540000,128507,'-40235.49380000041,165968.9324999992'
'Avaria elétrica','Rua de Francos','Nº 436','','Ocupação do passeio',1684796400000,30600000,1684796400000,81900000,'Abrir buraco/ Baixa tensão',1684796400000,-8.629555,41.16683,30660000,1684796400000,30900000,128504,'-41660.31300000009,166527.44480000003'
'Avaria de telecomunicações','Rua Formosa','Nº 200','Visabeira- Bruno Silva','Ocupação do passeio',1684796400000,30360000,1684796400000,33960000,'Abrir CVP',1684796400000,-8.604864,41.14792,30300000,1684796400000,30420000,128502,'-39599.5927999997,164415.41990000004'
'Avaria de telecomunicações','Rua de Justino Teixeira','Nº 117','Groupfix Alberto Varandas','Corte total',1684796400000,49800000,1684796400000,49800000,'Abrir CVP C/ policiamento',1684796400000,-8.58625,41.15008,49920000,1684796400000,49980000,128911,'-38035.69529999984,164646.77690000087'
'Avaria de telecomunicações','Rua de Antero de Quental','C/ R. António Candido','Groupfix-Alberto Varandas','Estreitamento',1684796400000,37080000,1684796400000,42480000,'Abrir CVP c/ policiamento',1684796400000,-8.610985,41.16456,36900000,1684796400000,37140000,128907,'-40103.26240000033,166266.19470000095'
'Avaria de telecomunicações','Rua do Monte dos Burgos','578','GroupFix','Ocupação do passeio',1684796400000,43200000,1684796400000,54000000,'',1684796400000,-8.627441,41.17468,43740000,1684796400000,43860000,128908,'-41477.961299999595,167397.92830000067'
'Avaria elétrica','Rua do Bonfim','Nº 336','','Ocupação do passeio',1684796400000,30600000,1684796400000,81900000,'Abrir buraco/ Baixa tensão',1684796400000,-8.594516,41.15066,30600000,1684796400000,30840000,128503,'-38729.217899999414,164714.84730000037'
'Avaria de telecomunicações','Rua de Passos Manuel','Nº 61','Groupfix- João Costa','Estreitamento',1684796400000,35400000,1684796400000,37200000,'Abrir CVP C/ policiamento',1684796400000,-8.607455,41.14719,35400000,1684796400000,35520000,128905,'-39817.5004000003,164335.09239999927'
'Outro motivo','Rua do Falcão','683','','Ocupação do passeio',1684710000000,61200000,1684710000000,81900000,'',1684710000000,-8.575369,41.15873,61680000,1684710000000,61740000,128096,'-37117.39489999962,165602.5221000001'
'Outro motivo','Largo de José Moreira da Silva','junto à fonte','','Ocupação do passeio',1684796400000,33300000,1684796400000,81900000,'Abrir sonda',1684796400000,-8.602929,41.15463,33540000,1684796400000,33600000,128509,'-39433.12060000005,165159.42450000026'
'Avaria de telecomunicações','Rua do Heroísmo','C/ R. António Granjo','Groupfix','Estreitamento',1684796400000,32400000,1684796400000,34200000,'Abrir CVP C/ policiamento',1684796400000,-8.595215,41.14602,32880000,1684796400000,33000000,128506,'-38784.39250000013,164202.53810000073'
'Outro motivo','Rua da Alegria','Entre Fernandes Tomás e Formosa','RSB;PSP','Corte total',1684796400000,35100000,1684796400000,35400000,'Simulacro RSB',1684796400000,-8.604097,41.14937,35100000,1684796400000,35520000,128510,'-39534.30269999994,164576.10409999968'
'Outro motivo','Rua do Campo Alegre','Com Via Panorâmica','Soltrafego','Estreitamento',1684796400000,36000000,1684796400000,81900000,'Instalação de cctv',1684796400000,-8.637516,41.15281,36060000,1684796400000,36480000,128906,'-42337.51510000043,164974.22150000025'
'Avaria de telecomunicações','Rua do Bonfim','C/ António Carneiro','Groupfix- Alberto Varandas','Estreitamento',1684796400000,48300000,1684796400000,48300000,'Abrir CVP C/ Policiamento sem condições',1684796400000,-8.594173,41.15081,48420000,1684796400000,48480000,128910,'-38700.38680000048,164731.92540000004'
'Outro motivo','','Rua do Cónego Ferreira Pinto, 209','','Estacionamento',1684796400000,52200000,1684796400000,81900000,'Verificar ramal',1684796400000,-8.626346,41.16149,52200000,1684796400000,52440000,128915,'-41394.36949999999,165932.69199999946'
'Avaria de telecomunicações','','Rua de primeiro de Janeiro, 107','','Ocupação do passeio',1684796400000,53100000,1684796400000,59400000,'',1684796400000,-8.644048,41.16153,52740000,1684796400000,52860000,128916,'-42880.15649999952,165945.01420000033'
'Outro motivo','','rua Dr. Alberto Macedo ,166','','Estreitamento',1684796400000,47700000,1684796400000,81900000,'Substituição de cabo com policiamento',1684796400000,-8.65556,41.16512,54780000,1684796400000,55080000,128917,'-43843.94510000007,166350.3893999991'
'Outro motivo','Rua de Cândida Sá de Albergaria','248','','Ocupação do passeio',1684796400000,57000000,1684796400000,81900000,'substituir válvula ramal',1684796400000,-8.67642,41.15424,56940000,1684796400000,57060000,128918,'-45602.25310000038,165152.82379999934'
'Outro motivo','Avenida da Boavista','1025','','Estreitamento',1684796400000,60420000,1684796400000,71220000,'Avaria da fibra ótica, não passa cabo',1684796400000,-8.635756,41.15905,60240000,1684796400000,60480000,128919,'-42185.78949999996,165666.0947999987'
'Outro motivo','Rua de Santa Catarina','429','','Ocupação do passeio',1684796400000,60300000,1684796400000,81900000,'',1684796400000,-8.605823,41.14995,60240000,1684796400000,60360000,128920,'-39678.83629999964,164640.9010000003'
'Acidente rodoviário','Ponte da Arrábida','','IP','Estreitamento',1684796400000,63000000,1684796400000,66600000,'',1684796400000,-8.640441,41.14739,63000000,1684796400000,63000000,128921,'-42586.53739999976,164373.51609999998'
'Outro motivo','Rua do Amial','Rua da Telheira','Soltrafego','Estreitamento',1684882800000,29700000,1684882800000,43200000,'Montagem cctv',1684882800000,-8.614096,41.17763,30060000,1684882800000,30060000,129731,'-40356.27929999958,167719.03669999962'
'Outro motivo','Avenida da Boavista','Nº 237','','Ocupação do passeio',1684882800000,27420000,1684882800000,81900000,'Descobrir tomada',1684882800000,-8.626529,41.1575,27480000,1684882800000,27660000,128927,'-41412.32469999973,165488.95319999976'
'Outro motivo','Rua do Ouro','Frente à antiga EDP','','Estreitamento',1684882800000,28800000,1684882800000,43200000,'Reparação de acesso a caixa de visita . Das 10 H às 13H',1684882800000,-8.652561,41.14826,3720000,1684882800000,3840000,128924,'-43603.46399999964,164475.45600000065'
'Outro motivo','Largo de José Moreira da Silva','LO 545','','Estreitamento',1684882800000,25200000,1684882800000,81900000,'Abertura de sonda',1684882800000,-8.602751,41.15521,3600000,1684882800000,3720000,128923,'-39417.79989999996,165223.71350000025'
'Avaria elétrica','Travessa da Ferreira','76','','Ocupação do passeio',1684882800000,30600000,1684882800000,81900000,'Abertura de vala no passeio',1684882800000,-8.60826,41.17174,30720000,1684882800000,30900000,129732,'-39870.21920000019,167062.48399999837'
'Avaria de CCTV','','PSP005 - Rua de Santa Catarina / Rua da Firmeza','','',1684882800000,31071000,'','',' abertura buraco para maciço',1684882800000,-8.605388,41.151028,31071000,1684882800000,31071000,129733,'-39641.69180000015,164760.6480999989'
'Outro motivo','Rua de João Sá Peixoto','nº 31','','Estreitamento',1684882800000,28380000,1684882800000,81900000,'Rep. ramal',1684882800000,-8.633899,41.17925,28200000,1684882800000,28440000,129726,'-42016.978900000446,167908.88759999882'
'Outro motivo','Travessa dos Campos','nº 208','','Estreitamento',1684882800000,28320000,1684882800000,81900000,'rep. ramal',1684882800000,-8.607063,41.16015,28260000,1684882800000,28320000,129727,'-39776.76370000003,165774.78020000114'
'Acidente rodoviário','Avenida de Fernão de Magalhães','Navegantes','iNEM','Estreitamento',1684882800000,28800000,1684882800000,32400000,'',1684882800000,-8.593351,41.15868,29220000,1684882800000,29280000,129730,'-38626.71669999978,165604.91649999985'
'Outro motivo','Rua do Professor Agostinho da Silva','363','','Ocupação do passeio',1684882800000,25200000,1684882800000,81900000,'Colocação de grelha',1684882800000,-8.623805,41.17489,2940000,1684882800000,3000000,128922,'-41172.69739999996,167419.29079999987'
'Outro motivo','Rua das Motas','88','','Corte total',1684882800000,25200000,1684882800000,57600000,'Reparação de conduta , com apoio da PM',1684882800000,-8.670918,41.14972,3960000,1684882800000,4080000,128925,'-45143.23979999968,164646.74400000085'
'Reparação de coletor','Rua de Vale Formoso','1','','Estreitamento',1684882800000,30300000,1684882800000,81900000,'C/ acompanhamento policial. Oc. passeio e parte da faixa de rodagem',1684882800000,-8.611146,41.1654,30240000,1684882800000,30480000,130131,'-40116.2921000002,166359.25429999997'
'Rotura de conduta','Rua do Barão de Nova Sintra','Nº 285','','Ocupação do passeio',1684882800000,27420000,1684882800000,81900000,'',1684882800000,-8.590703,41.14527,27480000,1684882800000,27780000,128926,'-38412.315999999606,164114.39760000078'
'Avaria de CCTV','','PMV06 - Rua dos Luzares / Alameda das Antas','','',1684882800000,27900000,'','','sem ligação',1684882800000,-8.58837,41.1635,27900000,1684882800000,27900000,128928,'-38205.84420000021,166138.1377000008'
'Outro motivo','Rua de António Cândido','Joaquim Kopke','Soltrafego','Estreitamento',1684882800000,28800000,1684882800000,64800000,'Selagem de espiras; Com policiamento',1684882800000,-8.608519,41.16445,28800000,1684882800000,48960000,129728,'-39896.32330000027,166253.17530000067'
'Aluimento','Rua da Póvoa','','','Estreitamento',1684882800000,29100000,1684882800000,81900000,'',1684882800000,-8.598517,41.15366,29040000,1684882800000,29100000,129729,'-39063.36340000035,165049.40420000118'
'Avaria elétrica','Rua da Agra','Nº97','','Ocupação do passeio',1684882800000,27900000,1684882800000,81900000,'Baixa tensão',1684882800000,-8.678811,41.15534,28020000,1684882800000,28080000,129725,'-45802.185299999954,165275.2007999997'
'Outro motivo','Rua de Afonso Baldaia','c/ Rua João de Lisboa','','Ocupação do passeio',1684882800000,31980000,1684882800000,81900000,'Descoberta de tomada',1684882800000,-8.669435,41.15757,32040000,1684882800000,32100000,130132,'-45013.59289999941,165518.39370000004'
'Outro motivo','Rua de D. Estevão da Gama','59','','Estreitamento',1684882800000,25200000,1684882800000,81900000,'Reparação de conduta',1684882800000,-8.653151,41.1702,3840000,1684882800000,3960000,129324,'-43638.428799999754,166912.76679999908'
'Outro motivo','Rua de Rocha Peixoto','bloco 8 ent. 147','','Ocupação do passeio',1684882800000,31980000,1684882800000,81900000,'Descobrir tomada',1684882800000,-8.657539,41.16569,31860000,1684882800000,31980000,129734,'-44009.6558999996,166414.23770000073'
'Outro motivo','Praça do Cávado','SN','','Ocupação do passeio',1684882800000,25200000,1684882800000,81900000,'Reparação de tampa',1684882800000,-8.600148,41.17234,3420000,1684882800000,3480000,129323,'-39189.06940000044,167125.57630000118'
'Outro motivo','Rua de S. Dinis','736','','Ocupação do passeio',1684882800000,25200000,1684882800000,81900000,'Reparação de corpo de CRL',1684882800000,-8.614609,41.16712,3120000,1684882800000,3180000,129322,'-40405.82980000045,166552.56470000028'
'Avaria de telecomunicações','Rua de S. Dinis','336','CME','Ocupação do passeio',1684882800000,72300000,1684882800000,74100000,'',1684882800000,-8.618715,41.1675,72480000,1684882800000,72600000,129746,'-40750.18039999999,166595.96500000003'
'Avaria elétrica','Rua de Aníbal Cunha','85','','Ocupação do passeio',1684882800000,51300000,1684882800000,57600000,'',1684882800000,-8.621094,41.1537,51120000,1684882800000,51900000,129742,'-40958.48859999983,165065.1317999999'
'Acidente rodoviário','Via de Cintura Interna','Caixa Dragão','IP/ PSP','Estreitamento',1684882800000,37500000,1684882800000,39600000,'',1684882800000,-8.581522,41.16087,38220000,1684882800000,38280000,130133,'-37632.605999999636,165843.42500000086'
'Outro motivo','Rua de Santa Catarina','1179','','Ocupação do passeio',1684882800000,52200000,1684882800000,81900000,'Reparação de ramal no passeio',1684882800000,-8.604602,41.15663,52320000,1684882800000,52500000,129743,'-39572.30279999977,165382.86600000045'
'Outro motivo','Rua de Miguel Bombarda','com Rua Diogo Brandão','','Corte total',1684969200000,3000000,1684969200000,7200000,'',1684969200000,-8.617952,41.14846,3660000,1684969200000,3720000,129748,'-40697.938000000126,164481.48340000096'
'Outro motivo','Rua do Teatro','224','','Ocupação do passeio',1684882800000,54900000,1684882800000,81900000,'Reparação de avaria',1684882800000,-8.677269,41.15388,54900000,1684882800000,55080000,129744,'-45673.764399999745,165112.49569999942'
'Acidente rodoviário','Avenida de Fernão de Magalhães','Nº 1941','PSP','Estreitamento',1684882800000,49080000,1684882800000,52200000,'',1684882800000,-8.588591,41.16623,49380000,1684882800000,51120000,129741,'-38222.76169999968,166441.1791999995'
'Aluimento','Rua de Cândida Sá de Albergaria','248','','Ocupação do passeio',1684969200000,25200000,1684969200000,81900000,'',1684969200000,-8.676406,41.1542,5220000,1684969200000,5280000,129751,'-45601.108500000126,165147.93120000005'
'Avaria de telecomunicações','Rua de Mouzinho da Silveira','Nº 298','Wondercom- Márcia','Ocupação do passeio',1684882800000,32940000,1684882800000,40140000,'Abrir cvp',1684882800000,-8.611544,41.14471,32940000,1684882800000,33000000,129735,'-40162.36539999949,164061.33689999988'
'Avaria de CCTV','','PMV06 - Rua dos Luzares / Alameda das Antas','','',1684882800000,36543000,'','','Efetuar troca de switch',1684882800000,-8.58837,41.1635,36543000,1684882800000,36543000,129736,'-38205.84420000021,166138.1377000008'
'Avaria de CCTV','','PSP036 - Rua Sá da Bandeira / Rua Guedes de Azevedo','','',1684882800000,37305000,'','','Abrir buraco para maciço- Poste cctv',1684882800000,-8.605932,41.15214,37305000,1684882800000,37305000,129737,'-39686.68479999989,164884.394099999'
'Aluimento','Avenida da Boavista','237','','Ocupação do passeio',1684969200000,25200000,1684969200000,81900000,'',1684969200000,-8.626364,41.1575,4380000,1684969200000,4440000,130136,'-41398.4554000004,165488.67919999958'
'Avaria de telecomunicações','Rua do Duque de Saldanha','676','CME','Ocupação do passeio',1684882800000,69900000,1684882800000,81900000,'',1684882800000,-8.597885,41.14766,70020000,1684882800000,70260000,129745,'-39013.82139999976,164383.70560000112'
'Outro motivo','Avenida de Paiva Couceiro','Frente à CEPSA','','Estreitamento',1684969200000,32400000,1684969200000,54000000,'Reparação de tampa na faixa',1684969200000,-8.589982,41.14042,5520000,1684969200000,5580000,130138,'-38354.667100000224,163575.73889999994'
'Outro motivo','Rua de António Granjo','86','','Ocupação do passeio',1684969200000,25200000,1684969200000,81900000,'Reparação de CRL no passeio',1684969200000,-8.595376,41.14724,5820000,1684969200000,5880000,130139,'-38795.85419999991,164289.9864000004'
'Outro motivo','Rua do Actor Ferreira da Silva','Com a Rua Actor Eduardo Brazão .','','Estreitamento',1684969200000,25200000,1684969200000,81900000,'Reparação de CI na faixa',1684969200000,-8.598958,41.17477,7080000,1684969200000,7200000,130142,'-39087.79899999969,167395.02989999994'
'Outro motivo','Rua do Ouro','Frente à antiga EDP','','Estreitamento',1684969200000,28800000,1684969200000,43200000,'Reparação de caixa de acesso a injetores . Trabalhos a realizar entre as 9H e as 13H . Não foi dada indicação de acompanhamento pela PM',1684969200000,-8.65195,41.14821,7500000,1684969200000,7620000,129754,'-43551.75519999952,164465.94119999962'
'Outro motivo','Avenida da França','Com Rua da Constituição','','Estreitamento',1684969200000,28800000,1684969200000,43200000,'Substituição de tampa na faixa . das 9H às13H , com PM',1684969200000,-8.627097,41.16471,6420000,1684969200000,6600000,129753,'-41455.3623000001,166290.34559999948'
'Outro motivo','Rua de D. Estevão da Gama','59','','Estreitamento',1684969200000,25200000,1684969200000,81900000,'Reparação de conduta',1684969200000,-8.653652,41.1704,7980000,1684969200000,8100000,129755,'-43680.27249999999,166935.66679999986'
'Outro motivo','Travessa de S. Dinis','n.115','','Estreitamento',1684969200000,27000000,1684969200000,81900000,'Substituição de grelha na via',1684969200000,-8.621196,41.16686,25980000,1684969200000,26100000,130143,'-40958.840300000265,166526.78020000117'
'Avaria de CCTV','','PSP037 - Campo 24 de Agosto (CMP Balneário)','','',1684969200000,30781000,'','',' Colocação de maciço e poste',1684969200000,-8.59954,41.149517,30781000,1684969200000,30781000,129767,'-39151.68340000048,164590.18300000043'
'Outro motivo','Rua do Barão de Nova Sintra','n.285','','Estreitamento',1684969200000,27000000,1684969200000,81900000,'rotura de conduta na faixa',1684969200000,-8.590743,41.14529,27420000,1684969200000,27480000,129760,'-38415.66530000046,164116.29050000003'
'Outro motivo','Praça da República','n.157','','Estreitamento',1684969200000,27000000,1684969200000,81900000,'Verificar ramal no passeio',1684969200000,-8.611982,41.15413,27240000,1684969200000,27360000,129759,'-40193.287700000204,165107.91269999958'
'Outro motivo','Rua de Pinto Bessa','','','Estreitamento',1684969200000,28200000,1684969200000,81900000,'Manutenção rede saneamento',1684969200000,-8.591776,41.15033,27900000,1684969200000,28260000,129762,'-38499.42769999984,164677.3867000008'
'Outro motivo','Rua do Professor Antão de Almeida Garret','n.172','','Estreitamento',1684969200000,27000000,1684969200000,81900000,'Reparação de conduta na faixa com policiamento',1684969200000,-8.636128,41.17274,26940000,1684969200000,27060000,129758,'-42208.145600000236,167186.92620000057'
'Avaria de veículo','Ponte do Infante','','','Estreitamento',1684882800000,43800000,1684882800000,48000000,'',1684882800000,-8.601844,41.14182,46860000,1684882800000,46920000,129740,'-39349.68450000045,163736.10139999908'
'Outro motivo','Rua de Sabrosa','115','','Estreitamento',1684969200000,27000000,1684969200000,81900000,'Substituição de grelha na faixa',1684969200000,-8.586587,41.14374,26280000,1684969200000,26640000,129757,'-38067.71229999981,163942.8401999992'
'Avaria de telecomunicações','Rua do Carmo','20','','Ocupação do passeio',1684969200000,28920000,1684969200000,32520000,'',1684969200000,-8.616854,41.14725,28980000,1684969200000,29040000,129764,'-40606.53010000007,164346.085200001'
'Aluimento','Rua de João Sá Peixoto','68','','Ocupação do passeio',1684969200000,30300000,1684969200000,81900000,'',1684969200000,-8.633492,41.17909,30240000,1684969200000,30300000,129765,'-41982.87579999954,167890.30499999915'
'Outro motivo','Rua do Aleixo','n132','','Estreitamento',1684969200000,27000000,1684969200000,81900000,'Abertura de sonda na faixa',1684969200000,-8.649018,41.15047,27600000,1684969200000,27660000,130145,'-43304.547500000415,164719.89689999982'
'Avaria de telecomunicações','Rua dos Bragas','147','Wo','Ocupação do passeio',1684969200000,31500000,1684969200000,38700000,'',1684969200000,-8.615315,41.15272,31440000,1684969200000,31560000,130149,'-40473.98319999963,164952.97340000057'
'Outro motivo','Rua do Campo Alegre','Com Via panorâmica','Soltrafego','Estreitamento',1684969200000,28800000,1684969200000,61200000,'Alteração fisica do cruzamento; Com policiamento',1684969200000,-8.637541,41.15282,31200000,1684969200000,31380000,130148,'-42339.648799999646,164975.1311000009'
'Aluimento','Rua de Passos Manuel','80','','Ocupação do passeio',1684969200000,30600000,1684969200000,81900000,'',1684969200000,-8.665637,41.19964,30660000,1684969200000,30780000,130147,'-44666.15900000003,170189.06579999966'
'Avaria de telecomunicações','Travessa da Bainharia','8','','Ocupação do passeio',1684969200000,32100000,1684969200000,33300000,'',1684969200000,-8.614015,41.14275,31980000,1684969200000,32100000,130952,'-40371.009399999864,163845.27140000087'
'Avaria de telecomunicações','Rua da Igreja de Paranhos','29','CME','Ocupação do passeio',1684969200000,32700000,1684969200000,34500000,'',1684969200000,-8.607672,41.17006,32820000,1684969200000,32940000,131356,'-39821.85350000019,166874.99999999997'
'Outro motivo','Rua de Júlio Dinis','n.193','Metro do Porto','Estreitamento',1684969200000,32400000,1685055600000,54000000,'verificação/manutenção dos extensómetros,  bem como de todos os prismas de via instalados',1684969200000,-8.625885,41.15036,32520000,1684969200000,32700000,131355,'-41367.622299999995,164727.07540000082'
'Avaria de telecomunicações','Rua de António Bessa Leite','Nº 1633','Groupfix','Ocupação do passeio',1684969200000,35100000,1684969200000,38700000,'Substituir Poste',1684969200000,-8.642703,41.15968,35220000,1684969200000,35340000,131357,'-42768.47119999952,165738.97780000043'
'Avaria elétrica','Rua de Tânger','nº 1333','','Ocupação do passeio',1684969200000,31920000,1684969200000,81900000,'substituir coluna inclinada',1684969200000,-8.659727,41.16161,31860000,1684969200000,31920000,130948,'-44196.060300000034,165962.48919999972'
'Outro motivo','Rua do Conde de Vizela','Nº 16','','Ocupação do passeio',1684969200000,42600000,1684969200000,81900000,'Reparação de Galeria',1684969200000,-8.61357,41.14616,42480000,1684969200000,42780000,131751,'-40331.505400000075,164223.24880000026'
'Avaria de telecomunicações','Rua do Dr. Roberto Frias','','CME- Miguel Monteiro','Ocupação do passeio',1684969200000,35400000,1684969200000,37200000,'Abrir CVP',1684969200000,-8.600149,41.17615,35340000,1684969200000,35400000,130956,'-39186.89599999975,167547.90369999938'
'Avaria de telecomunicações','Rua do Dr. Manuel Laranjeira','93','MEO','Ocupação do passeio',1684969200000,32400000,1684969200000,37800000,'',1684969200000,-8.597597,41.1711,32340000,1684969200000,32460000,130954,'-38975.78500000021,166986.12729999935'
'Avaria de telecomunicações','Rua de D. João IV','184','Groupfix- Agostinho','Ocupação do passeio',1684969200000,36180000,1684969200000,46800000,'Substituir CVP',1684969200000,-8.60202,41.14815,36180000,1684969200000,36240000,131358,'-39360.66889999992,164439.9255000002'
'Avaria de CCTV','','PSP038 - Rua de D. João IV / Rua Fernandes Tomás','','',1684969200000,38030000,'','',' Colocação de aranha',1684969200000,-8.602051,41.148936,38030000,1684969200000,38030000,131359,'-39362.82299999991,164526.7939999993'
'Avaria de veículo','Rua de Pedro Hispano','','','Estreitamento',1684969200000,40800000,1684969200000,43200000,'',1684969200000,-8.633199,41.16395,41100000,1684969200000,41160000,131750,'-41967.97969999999,166208.72269999972'
'Outro motivo','Praça da Galiza','n.106','','Estreitamento',1684969200000,45000000,1684969200000,81900000,'Rotura de ramal no passeio',1684969200000,-8.627146,41.15225,44580000,1684969200000,44700000,132151,'-41467.374999999935,164906.99379999965'
'Reparação de grelha / boca de lobo','Rua de Damião de Góis','Nº 502','','Estreitamento',1684969200000,48780000,1684969200000,81900000,'',1684969200000,-8.615506,41.16229,48720000,1684969200000,48780000,132553,'-40484.066200000176,166015.67500000072'
'Avaria de CCTV','','PSP006 - Rua de Camões / Rua Gonçalo Cristóvão ','','',1684969200000,49593000,'','','Abertura de vala, colocação de maciço, poste e armário',1684969200000,-8.610052,41.153477,49593000,1684969200000,49593000,132554,'-40031.71630000039,165034.77250000104'
'Avaria de telecomunicações','Rua do Moreira','Nº 247','Groupfix- José Santana','Estreitamento',1684969200000,50040000,1684969200000,51840000,'Abrir CVP',1684969200000,-8.600556,41.1533,49980000,1684969200000,50040000,132555,'-39234.695899999766,165010.95969999928'
'Avaria de telecomunicações','Rua de Santos Pousada','Nº 123','Groupfix- José Santana','Estacionamento',1684969200000,48180000,1684969200000,49980000,'Abrir CVP',1684969200000,-8.600336,41.14985,48120000,1684969200000,48240000,132153,'-39218.29949999986,164627.2917999996'
'Avaria de telecomunicações','Rua do Engenheiro Ferreira Dias','345','CME','Ocupação do passeio',1684969200000,47100000,1684969200000,50700000,'',1684969200000,-8.642708,41.17237,46980000,1684969200000,47220000,132152,'-42760.632000000245,167148.2592999989'
'Acidente rodoviário','Rua do Amial','Nº 162','PSP','Estreitamento',1684969200000,50220000,1684969200000,54000000,'Embate entre 2 ligeiros',1684969200000,-8.613523,41.17432,50280000,1684969200000,50400000,132955,'-40310.2670000001,167351.37619999927'
'Avaria de telecomunicações','Avenida de Fernão de Magalhães','1217','wondercom','Ocupação do passeio',1684969200000,50400000,1684969200000,57600000,'abrir cvp',1684969200000,-8.592431,41.16026,50460000,1684969200000,50520000,133355,'-38548.56879999956,165779.64479999972'
'Avaria de telecomunicações','Rua do Moreira','C/ R. D. João IV','Groupfix- José Santana','Estacionamento',1684969200000,51540000,1684969200000,53340000,'abrir CVP',1684969200000,-8.60242,41.15331,51480000,1684969200000,51540000,133357,'-39391.181900000396,165013.2161999996'
'Avaria de telecomunicações','Travessa do Poeta','130- edifício Ageas','Visabeira','Ocupação do passeio',1684969200000,53160000,1684969200000,63900000,'c/ policiamento',1684969200000,-8.647287,41.16928,53700000,1684969200000,53820000,133359,'-43146.8509,166807.5545000006'
'Outro motivo','Rua do Dr. Maurício Esteves Pereira Pinto','101','','Ocupação do passeio',1684969200000,52200000,1684969200000,81900000,'',1684969200000,-8.579827,41.15667,52320000,1684969200000,52440000,133757,'-37492.72269999976,165375.7960999995'
'Avaria de veículo','Via de Cintura Interna','AMIAL','PSP/IP','Ocupação do passeio',1684969200000,60300000,1684969200000,63900000,'',1684969200000,-8.601035,41.17116,60540000,1684969200000,60540000,133367,'-39264.20129999986,166994.9803000002'
'Outro motivo','Rua de Santo André','26','','Estreitamento',1684969200000,59400000,1684969200000,81900000,'',1684969200000,-8.605919,41.14607,59580000,1684969200000,59640000,133366,'-39689.25499999991,164209.81959999964'
'Outro motivo','Rua de Sabrosa','Com a Av. Paiva Couceiro','','Estreitamento',1685055600000,32400000,1685055600000,54000000,'Reparação de CI na faixa',1685055600000,-8.586609,41.14318,-1680000,1685055600000,-1620000,133372,'-38069.84040000016,163880.48750000083'
'Aluimento','Rua do Cónego Ferreira Pinto','209','','Ocupação do passeio',1685055600000,25200000,1685055600000,81900000,'',1685055600000,-8.62626,41.16175,-2040000,1685055600000,-1980000,133370,'-41387.00490000006,165960.90819999957'
'Aluimento','Praça da República','157','','Ocupação do passeio',1685055600000,25200000,1685055600000,81900000,'',1685055600000,-8.611944,41.15473,-1800000,1685055600000,-1740000,133371,'-40189.79339999981,165174.34290000016'
'Avaria de telecomunicações','Rua de Júlio Dinis','Nº 920','Visabeira','Estreitamento',1684969200000,75600000,1684969200000,82740000,'',1684969200000,-8.6283,41.15673,75600000,1684969200000,75900000,133368,'-41561.42420000023,165404.1043000001'
'Outro motivo','Rua da Constituição','1451','','Estreitamento',1685055600000,32400000,1685055600000,54000000,'Reparação de CI na faixa',1685055600000,-8.615322,41.16324,-1440000,1685055600000,-1380000,133759,'-40468.0568000004,166121.12460000016'
'Aluimento','Largo de José Moreira da Silva','545','','Estreitamento',1685055600000,25200000,1685055600000,81900000,'',1685055600000,-8.602753,41.15521,-1920000,1685055600000,-1860000,133758,'-39418.02689999993,165223.37830000016'
'Aluimento','Rua dos Armazéns','Com o Largo de Miragaia','','Ocupação do passeio',1685055600000,25200000,1685055600000,81900000,'',1685055600000,-8.621263,41.14365,-2220000,1685055600000,-2100000,133369,'-40978.946999999636,163948.73680000016'
'Outro motivo','Rua de Fez','Praceta mestre de Aviz','','Ocupação do passeio',1684969200000,59400000,1684969200000,81900000,'',1684969200000,-8.674766,41.16281,59400000,1684969200000,59520000,133363,'-45457.48940000034,166102.7348000003'
'Outro motivo','Rua de Santa Joana Princesa','C/ Praça D. Afonso V','','Estacionamento',1684969200000,55320000,1684969200000,81900000,'Substituir cabeça móvel',1684969200000,-8.665804,41.15964,55440000,1684969200000,55500000,133360,'-44707.441200000045,165746.74530000094'
'Outro motivo','Rua do Actor Ferreira da Silva','Com a Rua do ator Eduardo Brazão .','','Estreitamento',1685055600000,25200000,1685055600000,81900000,'Reparação de CI na faixa',1685055600000,-8.598985,41.17478,-1140000,1685055600000,-1080000,133760,'-39090.046199999786,167395.7147000008'
'Acidente rodoviário','Avenida da Associação Empresarial de Portugal','após Acesso Conde Covilha','','Estreitamento',1684969200000,56700000,1684969200000,60300000,'',1684969200000,-8.652133,41.1752,56640000,1684969200000,56640000,133362,'-43549.615500000255,167467.99369999924'
'Reparação de grelha / boca de lobo','Rua de Damião de Góis','502','','Estreitamento',1685055600000,28800000,1685055600000,81900000,'',1685055600000,-8.615565,41.16229,-840000,1685055600000,-780000,133375,'-40489.01630000019,166016.15110000045'
'Outro motivo','Rua do Heroísmo','318','','Ocupação do passeio',1685055600000,28800000,1685055600000,81900000,'Abertura de sonda',1685055600000,-8.594125,41.14625,-1320000,1685055600000,-1260000,133373,'-38699.053299999796,164224.85810000065'
'Outro motivo','Rua do Ouro','Frente à antiga EDP','','Estreitamento',1685055600000,28800000,1685055600000,43200000,'Reparação de caixa de acesso  a injetor',1685055600000,-8.652202,41.14823,-660000,1685055600000,-480000,133376,'-43573.33640000042,164471.90279999893'
'Outro motivo','Rua do Dr. António Bernardino de Almeida','Frente à UPortucalense','','Estreitamento',1685055600000,28800000,1685055600000,81900000,'Reparação de CI na faixa',1685055600000,-8.605309,41.17995,-960000,1685055600000,-900000,133374,'-39617.56020000025,167973.16190000082'
'Avaria de telecomunicações','Rua da Telheira','66','wondercom','Ocupação do passeio',1685314800000,33360000,1685314800000,40560000,'',1685314800000,-8.61486,41.17789,33480000,1685314800000,33600000,135788,'-40420.260099999614,167748.76439999993'
'Outro motivo','Rua de D. Estevão da Gama','58/89','','Estreitamento',1685055600000,25200000,1685055600000,81900000,'Reparação de conduta',1685055600000,-8.653618,41.17039,-300000,1685055600000,-240000,133761,'-43677.468299999884,166934.08019999924'
'Outro motivo','Rua das Motas','n.98','','Corte total',1685055600000,27000000,1685055600000,81900000,'Substituição de valvula de ramal na faixa com policiamento',1685055600000,-8.670942,41.14978,26580000,1685055600000,26700000,133380,'-45145.4605999999,164654.58079999962'
'Rotura de conduta','Rua do Professor Antão de Almeida Garret','172','','Estreitamento',1685055600000,25200000,1685055600000,81900000,'Reparação de ramal na faixa',1685055600000,-8.636242,41.17287,-60000,1685055600000,60000,133377,'-42217.69869999957,167200.85610000067'
'Avaria de telecomunicações','Rua do Dr. Júlio de Matos','Nº 225','Groupfix- António Gomes','Estreitamento',1685055600000,27720000,1685055600000,34920000,'Abrir cvp C/ policiamento',1685055600000,-8.590025,41.17331,27660000,1685055600000,27780000,133763,'-38339.00449999975,167228.51740000007'
'Avaria elétrica','Travessa da Ferreira','n.7','','Estreitamento',1685055600000,27000000,1685055600000,81900000,'Abertura de buraco no passeio',1685055600000,-8.608288,41.17115,26880000,1685055600000,26940000,133762,'-39872.92740000037,166996.92960000015'
'Avaria elétrica','Rua dos Castelos','no jardim','','Estreitamento',1685055600000,27000000,1685055600000,81900000,'Abertura de buraco no jardim',1685055600000,-8.631197,41.16926,24240000,1685055600000,24360000,133379,'-41796.644299999825,166797.30569999997'
'Outro motivo','Rua de Anselmo Braamcamp','Entre a Rua da Firmaza e a Trav., Anselmo Raamcamp','','Estreitamento',1685055600000,25200000,1685055600000,81900000,'',1685055600000,-8.600947,41.15235,120000,1685055600000,240000,133378,'-39268.12849999967,164905.88069999957'
'Avaria de telecomunicações','Rua de Ceuta','Nº 60','Wondercom','Ocupação do passeio',1685055600000,36300000,1685055600000,43500000,'Abrir cvp',1685055600000,-8.613905,41.14836,36300000,1685055600000,36360000,133388,'-40358.261800000495,164467.9810000002'
'Avaria de telecomunicações','Rua da Alegria','Nº 93','Groupfix- Pedro Azevedo','Estacionamento',1685055600000,32520000,1685055600000,39720000,'Abrir cvp',1685055600000,-8.603993,41.14821,32400000,1685055600000,32580000,133384,'-39526.28380000027,164446.59950000074'
'Aluimento','Rua Central de Francos','56','','Ocupação do passeio',1685055600000,30000000,1685055600000,81900000,'',1685055600000,-8.634824,41.16763,29880000,1685055600000,30240000,133382,'-42101.99440000019,166618.20830000003'
'Rotura de conduta','Rua do Professor Antão de Almeida Garret','172','','Estreitamento',1685055600000,30000000,1685055600000,81900000,'c/ policiamento',1685055600000,-8.636382,41.17304,29940000,1685055600000,30120000,133383,'-42229.338700000175,167219.7873999999'
'Reparação de válvula','Rua da Boavista','294','','Ocupação do passeio',1685055600000,28800000,1685055600000,81900000,'',1685055600000,-8.61678,41.1559,28860000,1685055600000,28980000,133381,'-40594.976900000096,165307.19040000052'
'Avaria de telecomunicações','Rua de Tânger','Nº 1441','','Ocupação do passeio',1685055600000,36000000,1685055600000,37800000,'abrir cvp',1685055600000,-8.660614,41.16208,36120000,1685055600000,36180000,133387,'-44270.162499999715,166014.66599999953'
'Avaria de telecomunicações','Rua de Cedofeita','Nº 322','Wondercom- Alexandra','Ocupação do passeio',1685055600000,33000000,1685055600000,40200000,'abrir cvp',1685055600000,-8.618108,41.15252,33060000,1685055600000,33180000,133385,'-40708.57840000008,164932.01239999998'
'Outro motivo','Travessa de Antero de Quental','Nº 88','','Ocupação do passeio',1685055600000,33720000,1685055600000,81900000,'Subst. CRL',1685055600000,-8.608182,41.16018,33660000,1685055600000,33780000,133386,'-39870.66349999979,165778.52090000073'
'Outro motivo','Rua de Vila Cova','Nº 514','','Estreitamento',1685055600000,46800000,1685055600000,81900000,'Subst. Ramal Domiciliário',1685055600000,-8.567484,41.17498,46740000,1685055600000,46920000,134164,'-36446.54000000003,167403.93429999956'
'Outro motivo','Rua de João Pedro Ribeiro','Nº 732','','Ocupação do passeio',1685055600000,37920000,1685055600000,81900000,'Abrir Sonda',1685055600000,-8.606965,41.16096,37620000,1685055600000,37920000,133764,'-39768.037800000115,165864.77870000032'
'Incêndio urbano','Rua de Camões','Nº 327','RSB','Estreitamento',1685055600000,48360000,1685055600000,51600000,'',1685055600000,-8.610031,41.15484,49620000,1685055600000,49680000,134572,'-40029.091599999934,165186.47230000063'
'Avaria elétrica','Rua de Sarmento de Beires','n.108','','Estreitamento',1685142000000,36900000,1685142000000,81900000,'Abertura de buraco no passeio',1685142000000,-8.62935,41.16998,37260000,1685142000000,37320000,135377,'-41641.11730000004,166877.19280000046'
'Avaria de CCTV','','PMV08 - Avenida Fernão de Magalhães / Rua do Monte Aventino','','',1685142000000,38736000,'','',' ',1685142000000,-8.59074,41.16262,38736000,1685142000000,38736000,134979,'-38405.271599999636,166041.45209999912'
'Outro motivo','Rua do Passeio Alegre','n.76','','Estreitamento',1685142000000,29700000,1685142000000,81900000,'Abertura de sonda no passeio',1685142000000,-8.662223,41.1477,29580000,1685142000000,29700000,135376,'-44414.97339999954,164418.82359999904'
'Outro motivo','Largo do Capitão Pinheiro Torres de Meireles','n.26','','Estreitamento',1685142000000,29700000,1685142000000,81900000,'Abertura de sanda na zona de estacionamento',1685142000000,-8.676047,41.15192,29520000,1685142000000,29640000,135375,'-45572.50530000037,164894.61260000078'
'Avaria de telecomunicações','Rua da Firmeza','31','','Ocupação do passeio',1685055600000,48600000,1685055600000,54000000,'',1685055600000,-8.600937,41.15101,49260000,1685055600000,49380000,134571,'-39268.087699999975,164756.87400000027'
'Outro motivo','Rua de Vale Formoso','811','','Estreitamento',1685314800000,42300000,1685314800000,81900000,'reparação CI',1685314800000,-8.611114,41.16541,42300000,1685314800000,42420000,135801,'-40113.58339999994,166360.5850000014'
'Avaria de telecomunicações','Rua de Augusto Luso','17','PDT grupo fix','Estreitamento',1685055600000,52020000,1685055600000,53100000,'Reparação de avaria,',1685055600000,-8.62298,41.15625,51780000,1685055600000,52080000,134575,'-41115.18310000005,165348.31920000026'
'Outro motivo','Rua do Freixo','575','','Ocupação do passeio',1685055600000,57900000,1685055600000,81900000,'Tamponar ramal',1685055600000,-8.579447,41.14594,57780000,1685055600000,57960000,134973,'-37467.020600000265,164184.50909999906'
'Outro motivo','Avenida de Fernão de Magalhães','entre o n.1131 e a rua Nau Trindade','','Estreitamento',1685142000000,27000000,1685142000000,81900000,'Substituição de tampas na faixa',1685142000000,-8.592836,41.15957,28200000,1685142000000,28560000,134975,'-38582.99729999988,165703.19459999926'
'Avaria de CCTV','','PMV09 - Avenida Fernão de Magalhães / Travessa Fernão de Magalhães','','',1685142000000,28837000,'','',' ',1685142000000,-8.59737,41.15143,28837000,1685142000000,28837000,134976,'-38968.38140000035,164801.66129999992'
'Avaria de CCTV','','PMV14 - Avenida Fernão de Magalhães / Rua de Barros Lima / Rua de Câmara Pestana','','',1685142000000,32111000,'','',' ',1685142000000,-8.59553,41.15481,32111000,1685142000000,32111000,134977,'-38811.9222999998,165176.21490000014'
'Avaria de telecomunicações','Rua de Miguel Bombarda','257','wondercom','Ocupação do passeio',1685055600000,52800000,1685055600000,60000000,'',1685055600000,-8.620009,41.14974,52500000,1685055600000,52860000,134576,'-40869.82849999982,164624.64920000004'
'Outro motivo','Rua do Passeio Alegre','Nº 118','','Estreitamento',1685055600000,46800000,1685055600000,81900000,'Abertura de sonda',1685055600000,-8.662743,41.14783,46980000,1685055600000,47040000,134569,'-44458.552299999625,164433.2443000004'
'Avaria de CCTV','','PMV13 - Avenida Fernão de Magalhães / Rua Dr. Alberto de Aguiar / Rua dos Navegantes','','',1685142000000,36045000,'','',' ',1685142000000,-8.59346,41.15818,36045000,1685142000000,36045000,134978,'-38636.17949999962,165549.55890000093'
'Outro motivo','Rua de Ferreira Borges','72','','Ocupação do passeio',1685055600000,55500000,1685055600000,81900000,'Abertura de sonda',1685055600000,-8.615208,41.14236,55560000,1685055600000,55560000,134971,'-40471.408699999556,163802.4747999999'
'Avaria de telecomunicações','Rua de Gonçalo Cristóvão','158','meo','Estreitamento',1685055600000,53640000,1685055600000,55440000,'c/ policiamento',1685055600000,-8.60825,41.15355,53820000,1685055600000,53880000,134577,'-39880.394200000024,165041.7206999991'
'Avaria de telecomunicações','Rua de Cedofeita','229','','Ocupação do passeio',1685055600000,61200000,1685055600000,64800000,'',1685055600000,-8.617441,41.15115,61680000,1685055600000,61800000,134974,'-40653.36490000037,164779.5322999987'
'Avaria de telecomunicações','Rua de Augusto Lessa','C/ R. da Boavista','PDT_ groupfix','Estreitamento',1685055600000,50400000,1685055600000,52200000,'Abrir CVP',1685055600000,-8.622794,41.15687,50280000,1685055600000,50640000,134573,'-41099.18670000025,165417.24489999923'
'Avaria de veículo','Rotunda do Bessa','em direção a Sidónio Pais','','Corte total',1685055600000,54000000,1685055600000,57600000,'',1685055600000,-8.638748,41.16469,54840000,1685055600000,54960000,134578,'-42433.290000000175,166293.8313999997'
'Avaria de CCTV','','PMV06 - Rua dos Luzares / Alameda das Antas','','',1685142000000,42196000,'','',' ',1685142000000,-8.58837,41.1635,42196000,1685142000000,42196000,135378,'-38205.84420000021,166138.1377000008'
'Avaria de telecomunicações','Rua de Pinto Bessa','29','','Estreitamento',1685055600000,56700000,1685055600000,60300000,'',1685055600000,-8.586648,41.14894,57240000,1685055600000,57360000,134972,'-38069.75519999953,164520.29480000035'
'Avaria elétrica','Rua da Boa Hora','n.4','','Estreitamento',1685142000000,41400000,1685142000000,81900000,'Abertura de buraco no passeio',1685142000000,-8.621234,41.15178,41160000,1685142000000,41220000,134980,'-40971.44350000005,164851.6050000007'
'Avaria de CCTV','','PMV05 - Rua Marques Pinto / Via Futebol Clube do Porto','','',1685142000000,48374000,'','',' ',1685142000000,-8.58262,41.15993,48374000,1685142000000,48374000,135381,'-37725.308899999545,165739.14279999948'
'Avaria de CCTV','','PMV12 - Avenida Gustavo Eiffel / Ponte Luiz I ','','',1685142000000,52705000,'','',' ',1685142000000,-8.60959,41.14079,52705000,1685142000000,52705000,134982,'-40000.67499999979,163625.55870000052'
'Avaria de telecomunicações','Rua do Falcão','Nº 483','','Ocupação do passeio',1685055600000,51000000,1685055600000,52800000,'Abrir CVP',1685055600000,-8.57471,41.15697,51000000,1685055600000,51060000,134970,'-37063.09150000013,165407.00249999927'
'Outro motivo','Rua de Vitorino Nemésio','n.8','','Estreitamento',1685142000000,45000000,1685142000000,81900000,'Rotura de ramal no passeio',1685142000000,-8.631619,41.16365,45060000,1685142000000,45120000,135380,'-41835.55690000017,166174.2986999993'
'Avaria de telecomunicações','Rua de Júlio Dinis','825','','Estreitamento',1685055600000,46800000,1685055600000,49500000,'',1685055600000,-8.627789,41.1559,46980000,1685055600000,47340000,134969,'-41519.017799999594,165312.45659999875'
'Outro motivo','Praceta José Luis Nunes','sem numero','','Estreitamento',1685142000000,45000000,1685142000000,81900000,'Rotura de ramal no passeio',1685142000000,-8.602196,41.16947,44940000,1685142000000,45180000,135379,'-39362.69029999995,166807.0107000006'
'Avaria de telecomunicações','Rua da Alegria','29','groupfix- eng Sérgio','Estacionamento',1685314800000,32700000,1685314800000,39900000,'c/ policiamento deslocaram equipamento lixo',1685314800000,-8.603902,41.14704,32580000,1685314800000,32940000,135787,'-39519.35039999984,164317.32359999997'
'Reparação de boca de incêndio','Rua de António da Silva Marinho','183','','Ocupação do passeio',1685314800000,30600000,1685314800000,81900000,'',1685314800000,-8.655202,41.17614,30840000,1685314800000,31080000,135387,'-43806.50179999978,167573.71780000028'
'Aluimento','Rua de Santa Catarina','964','','Estreitamento',1685142000000,51300000,1685142000000,81900000,'',1685142000000,-8.604656,41.15471,50940000,1685142000000,51000000,134981,'-39577.989199999676,165169.03009999907'
'Outro motivo','Rua da Natária','Nº 51','','Estreitamento',1685314800000,-1800000,1685314800000,81900000,'Reparação de tampa de CI',1685314800000,-8.624471,41.16725,900000,1685314800000,900000,134988,'-41233.433100000126,166570.88140000062'
'Avaria de iluminação pública','Rua da Boa Hora','16','','Ocupação do passeio',1685142000000,21600000,1685142000000,81900000,'',1685314800000,-8.621164,41.15186,36360000,1685314800000,36540000,135794,'-40965.52049999959,164860.7135000006'
'Rotura de conduta','Rua de D. Estevão da Gama','Nº 59 a 89','','Estreitamento',1685314800000,-1800000,1685314800000,81900000,'Reparação de conduta',1685314800000,-8.653597,41.17039,780000,1685314800000,840000,134987,'-43675.67030000028,166933.62089999957'
'Avaria de iluminação pública','Rua de Miguel Bombarda','66','','Ocupação do passeio',1685314800000,35760000,1685314800000,81900000,'',1685314800000,-8.618211,41.15004,35820000,1685314800000,35940000,135791,'-40718.74710000036,164656.77470000042'
'Outro motivo','Rua do Ouro','Frente à antiga EDP','','Ocupação do passeio',1685314800000,46800000,1685314800000,64800000,'Trabalhos nos injetores',1685314800000,-8.645936,41.14844,660000,1685314800000,720000,134986,'-43047.21109999997,164492.21949999925'
'Avaria de telecomunicações','Rua do Comércio do Porto','c/ Rua da Alfandega','','Estreitamento',1685314800000,35700000,1685314800000,37800000,'',1685314800000,-8.617413,41.14093,35760000,1685314800000,35820000,135790,'-40657.37970000035,163645.07420000105'
'Outro motivo','Rua da Nau Trindade','103','','Ocupação do passeio',1685314800000,25740000,1685314800000,81900000,'substituir válvula ramal',1685314800000,-8.593998,41.15956,25860000,1685314800000,26400000,135385,'-38680.484500000224,165702.51440000077'
'Avaria de telecomunicações','Avenida do Marechal Gomes da Costa','834','','Ocupação do passeio',1685314800000,34200000,1685314800000,36900000,'',1685314800000,-8.664338,41.15862,34200000,1685314800000,34320000,135789,'-44585.10340000037,165631.9278999996'
'Outro motivo','Calçada do Forno Velho','Cruzamento com a Rua do Comércio do Porto','','Estreitamento',1685314800000,-1800000,1685314800000,81900000,'Substituição de tampa CI',1685314800000,-8.617218,41.14115,-360000,1685314800000,-180000,134984,'-40640.87770000009,163669.49440000072'
'Outro motivo','Avenida de Gustavo Eiffel','próximo à Ponte D. Maria Pia','','Estreitamento',1685314800000,27000000,1685314800000,81900000,'Varejamento de coletor',1685314800000,-8.596177,41.14036,27240000,1685314800000,27300000,134992,'-38874.81219999958,163571.33970000027'
'Reparação de grelha / boca de lobo','Rua do Coronel Helder Ribeiro','Nº 123','','Estreitamento',1685314800000,-1800000,1685314800000,81900000,'Substituição de grelha',1685314800000,-8.591842,41.15817,-1080000,1685314800000,-1020000,134983,'-38500.35080000007,165547.70500000002'
'Outro motivo','Rua de João das Regras','235','','Ocupação do passeio',1685314800000,40740000,1685314800000,81900000,'substituir cabeça movel',1685314800000,-8.610554,41.15515,40680000,1685314800000,40740000,135797,'-40072.85510000031,165221.05230000013'
'Avaria de iluminação pública','Rua de Costa Cabral','610','','Ocupação do passeio',1685314800000,36000000,1685314800000,81900000,'',1685314800000,-8.597179,41.16612,35940000,1685314800000,36000000,135792,'-38943.603500000085,166432.63840000008'
'Outro motivo','Rua de Aires de Ornelas','327','','Estreitamento',1685314800000,25980000,1685314800000,81900000,'substituir válvula ramal',1685314800000,-8.597843,41.15768,26040000,1685314800000,26100000,135386,'-39004.37729999978,165496.34280000068'
'Avaria de veículo','Praça de Gomes Teixeira','40','PM','Estreitamento',1685314800000,36480000,1685314800000,39600000,'',1685314800000,-8.615218,41.14691,36600000,1685314800000,36720000,135795,'-40469.407399999945,164308.15100000062'
'Avaria de CCTV','','PMV11 - Rua de S. Brás / Rua de Damião Góis','','',1685314800000,39102000,'','',' ',1685314800000,-8.60969,41.16141,39102000,1685314800000,39102000,135796,'-39996.48929999961,165915.63539999956'
'Avaria de CCTV','','PSP056 - Largo S. Domingos / Rua Sousa Viterbo ','','',1685314800000,41286000,'','',' ',1685314800000,-8.614619,41.142788,41286000,1685314800000,41286000,135798,'-40421.66619999981,163849.7840999996'
'Limpeza de infraestruturas','Avenida de Fernão de Magalhães','290/420','','Estreitamento',1685314800000,48600000,1685314800000,81900000,'',1685314800000,-8.596776,41.15261,41460000,1685314800000,41520000,135799,'-38917.82689999969,164932.5219999995'
'Avaria de CCTV','','PSP049 - Rua S. João / Rua Infante D. Henrique','','',1685314800000,42193000,'','',' ',1685314800000,-8.61333,41.14131,42193000,1685314800000,42193000,135800,'-40314.357099999535,163685.0401000019'
'Outro motivo','Rua do Heroísmo','Nº 318','','Ocupação do passeio',1685314800000,-1800000,1685314800000,81900000,'Abertura de sonda',1685314800000,-8.594147,41.14628,960000,1685314800000,1020000,135384,'-38700.83679999968,164228.2324000003'
'Outro motivo','Rua de Pinto Bessa','461','','Estreitamento',1685314800000,30600000,1685314800000,81900000,'Verificação de rede',1685314800000,-8.591358,41.1502,30540000,1685314800000,30600000,134994,'-38464.46459999978,164662.8122000004'
'Outro motivo','Rua do Dr. António Bernardino de Almeida','Nº 541','','Estreitamento',1685314800000,-1800000,1685314800000,81900000,'Reparação de corpo de CI',1685314800000,-8.605403,41.17968,-60000,1685314800000,60000,134985,'-39625.60200000013,167942.9376000001'
'Outro motivo','Rua Gustavo de Sousa','Nº 100','','Estreitamento',1685314800000,-1800000,1685314800000,81900000,'Reparação de ramal',1685314800000,-8.669181,41.16548,-780000,1685314800000,-720000,135383,'-44986.89560000036,166396.34270000106'
'Outro motivo','Rua do Dr. António Emílio de Magalhães','10-24','','Ocupação do passeio',1685314800000,26100000,1685314800000,81900000,'reparação ramal',1685314800000,-8.607905,41.14824,26220000,1685314800000,26280000,134991,'-39854.666100000075,164451.6574000007'
'Reparação de grelha / boca de lobo','Rua do Arquitecto Cassiano Barbosa','Cruzamento com a Rua de S. João Bosco','','Estreitamento',1685314800000,-1800000,1685314800000,81900000,'Substituição de grelha',1685314800000,-8.647468,41.166,-900000,1685314800000,-840000,135382,'-43164.265300000116,166443.08540000074'
'Avaria de telecomunicações','Travessa dos Campos','122','','Ocupação do passeio',1685314800000,25740000,1685314800000,81900000,'endireitar tomada',1685314800000,-8.607075,41.15943,25800000,1685314800000,25860000,134990,'-39778.22939999955,165694.66139999975'
'Incêndio urbano','Rua de Santos Pousada','Nº 535','','Corte total',1685314800000,14100000,1685314800000,18000000,'',1685314800000,-8.599924,41.15157,14520000,1685314800000,18240000,134989,'-39182.724499999495,164817.88069999992'
'Avaria de telecomunicações','Rua do Paraíso','372','wondercom','Estreitamento',1685314800000,28500000,1685314800000,35700000,'c/ policiamento',1685314800000,-8.611563,41.15698,28620000,1685314800000,28620000,134993,'-40156.43400000039,165424.09840000034'
'Avaria de CCTV','','PSP051 - Rua Reboleira / Rua do Infante D. Henrique','','',1685314800000,51566000,'','','Verificações em conjunto com a Porto Digital ',1685314800000,-8.61601,41.14044,51566000,1685314800000,51566000,136608,'-40539.900200000004,163589.66789999945'
'Avaria de CCTV','','PSP078 - Campos dos Mártires da Pátria / Rua da Assunção ','','',1685314800000,53648000,'','','Verificações em conjunto com a Porto Digital . ',1685314800000,-8.61555,41.14542,53648000,1685314800000,53648000,136609,'-40498.20239999985,164142.52429999868'
'Avaria de CCTV','','PMV03 - Rua Faria Guimarães / Rua do Dr. Pedro Dias','','',1685314800000,54072000,'','',' ',1685314800000,-8.60636,41.16852,54072000,1685314800000,54072000,136610,'-39712.69020000001,166703.73470000012'
'Outro motivo','Rua de Sá da Bandeira','746','','Ocupação do passeio',1685314800000,54000000,1685314800000,81900000,'Substituição de cabeça móvel',1685314800000,-8.605721,41.1526,54240000,1685314800000,54660000,136612,'-39668.66920000041,164935.29280000026'
'Avaria de telecomunicações','Rua de Camões','353','visabeira','Estreitamento',1685314800000,48600000,1685314800000,54000000,'c/ policiamento',1685314800000,-8.610048,41.1551,48540000,1685314800000,48600000,136205,'-40030.38159999989,165215.4733000002'
'Avaria de CCTV','','PMV02 - Rua Faria Guimarães / Via Cintura Interna','','',1685314800000,49375000,'','',' ',1685314800000,-8.60521,41.17072,49375000,1685314800000,49375000,136206,'-39614.85039999987,166947.5387000003'
'Avaria de CCTV','','PSP066 - Rua de Cedofeita / Rua do Breyner','','',1685314800000,49694000,'','','Verificação de ligações em conjunto com a Porto Digital ',1685314800000,-8.61766,41.15162,49694000,1685314800000,49694000,136207,'-40671.49600000028,164832.0759999993'
'Aluimento','Rua de Santo Ildefonso','47','','Estreitamento',1685314800000,48180000,1685314800000,81900000,'',1685314800000,-8.60557,41.1462,48240000,1685314800000,48300000,136204,'-39659.89120000056,164224.0473999996'
'Outro motivo','Alameda das Antas','Frente ao portão 2','','Ocupação do passeio',1685314800000,54000000,1685314800000,81900000,'Reparação de hidrante',1685314800000,-8.58539,41.16223,54300000,1685314800000,54540000,136614,'-37956.452899999895,165996.2414999994'
'Outro motivo','Rua do Professor Antão de Almeida Garret','172','','Estreitamento',1685314800000,45900000,1685314800000,81000000,'',1685314800000,-8.633558,41.173,46680000,1685314800000,46740000,136203,'-41992.35350000018,167213.92930000086'
'Outro motivo','Rua do Montebelo','121','','Ocupação do passeio',1685314800000,54000000,1685314800000,81900000,'Tamponar ramal',1685314800000,-8.667452,41.15067,54240000,1685314800000,54300000,136613,'-44851.915099999904,164751.15650000065'
'Avaria de telecomunicações','Rua da Torrinha','225','','Ocupação do passeio',1685314800000,42900000,1685314800000,46800000,'',1685314800000,-8.621828,41.15268,42840000,1685314800000,42900000,135802,'-41020.70749999958,164951.6911999997'
'Outro motivo','Travessa de Cartes','6','','Estreitamento',1685314800000,46800000,1685314800000,81900000,'Rotura de ramal',1685314800000,-8.572463,41.16225,47340000,1685314800000,47400000,135804,'-36871.50100000012,165992.4375'
'Outro motivo','','Rua do heroismo, 318','','Estacionamento',1685314800000,46800000,1685314800000,81900000,'',1685314800000,-8.594114,41.1463,46560000,1685314800000,46800000,135803,'-38698.12280000006,164230.4612000008'
'Avaria de telecomunicações','Avenida do Marechal Gomes da Costa','838','PDT','Ocupação do passeio',1685314800000,50400000,1685314800000,57600000,'',1685314800000,-8.664421,41.15856,51060000,1685314800000,51120000,136208,'-44592.08289999979,165626.16190000053'
'Aluimento','Rua do Professor José Valente','58','','Estreitamento',1685314800000,54900000,1685314800000,81900000,'',1685314800000,-8.639959,41.15172,54780000,1685314800000,54900000,136615,'-42543.3305000002,164853.89210000055'
'Outro motivo','Rua de Francisco da Rocha Soares','82','','Ocupação do passeio',1685314800000,54000000,1685314800000,81900000,'',1685314800000,-8.618592,41.14302,54180000,1685314800000,54900000,136611,'-40755.05850000031,163877.81560000026'
'Outro motivo','Rua do Professor José Valente','58','','Ocupação do passeio',1684969200000,52200000,1684969200000,81900000,'',1684969200000,-8.639919,41.15172,52200000,1685314800000,55080000,133358,'-42539.95720000001,164853.7742999999'
'Acidente rodoviário','Praça de Mouzinho de Albuquerque','Com Rua Júlio Dinis','PSP','Estreitamento',1685314800000,56100000,1685314800000,58500000,'',1685314800000,-8.628608,41.15707,56820000,1685314800000,58560000,136618,'-41587.07199999967,165442.33850000033'
'Aluimento','Rua de Salazares','742','','Estreitamento',1685401200000,-900000,1685401200000,81900000,'',1685401200000,-8.658586,41.17618,-1140000,1685401200000,-1080000,136623,'-44090.49540000039,167580.13150000034'
'Outro motivo','Rua de Elísio de Melo','55','','Estreitamento',1685314800000,76200000,1685314800000,81900000,'Junta de fibra ótica',1685314800000,-8.612156,41.14797,75960000,1685314800000,76560000,136622,'-40211.66609999999,164424.6630000008'
'Aluimento','Rua do Marechal Saldanha','724','','Ocupação do passeio',1685401200000,-900000,1685401200000,81900000,'',1685401200000,-8.682052,41.16051,-840000,1685401200000,-780000,136624,'-46070.60589999983,165851.16410000122'
'Avaria elétrica','Rua dos Mercadores','J/157','','Estreitamento',1685314800000,56700000,1685314800000,81900000,'',1685314800000,-8.613675,41.1425,56520000,1685314800000,56580000,136617,'-40342.579599999866,163817.19289999962'
'Reparação de coletor','Rua Gustavo de Sousa','100','','Estreitamento',1685401200000,-900000,1685401200000,81900000,'',1685401200000,-8.669154,41.16549,-360000,1685401200000,-300000,136628,'-44984.63350000047,166398.1228000003'
'Aluimento','Rua de António da Silva Marinho','183','','Ocupação do passeio',1685401200000,-900000,1685401200000,81900000,'',1685401200000,-8.655181,41.17612,-780000,1685401200000,-720000,136625,'-43804.74799999971,167571.1851999993'
'Reparação de boca de incêndio','Rua de Vale Formoso','c/ Rua de Antero Quental','','Estreitamento',1685401200000,-900000,1685401200000,81900000,'',1685401200000,-8.610987,41.16508,-480000,1685401200000,-420000,136627,'-40103.06929999964,166324.25640000057'
'Reparação de grelha / boca de lobo','Rua do Engenheiro Mem Verdial','25','','Estreitamento',1685401200000,-900000,1685401200000,81900000,'',1685401200000,-8.593428,41.15823,-660000,1685401200000,-600000,136626,'-38633.43829999956,165554.70580000084'
'Outro motivo','Rua de Clemente Menéres','Próximo da saída do túnel dos Almadas','Soltrafego','Ocupação do passeio',1685314800000,54000000,1685314800000,61200000,'',1685314800000,-8.619966,41.14792,55020000,1685314800000,55080000,136616,'-40867.383100000196,164421.9560000003'
'Outro motivo','Rua de Santos Pousada','577','','Ocupação do passeio',1685314800000,60300000,1685314800000,81900000,'',1685314800000,-8.599697,41.15394,60300000,1685314800000,60600000,137020,'-39162.24309999967,165081.87489999968'
'Aluimento','Rua do Passeio Alegre','118','','Ocupação do passeio',1685314800000,57600000,1685314800000,81900000,'',1685314800000,-8.662749,41.1478,57420000,1685314800000,57480000,136619,'-44459.02460000017,164429.65799999938'
'Acidente rodoviário','Avenida de Fernão de Magalhães','260','','Estreitamento',1685314800000,59400000,1685314800000,63000000,'',1685314800000,-8.596954,41.15234,59340000,1685314800000,59400000,136620,'-38932.94209999963,164902.66049999942'
'Acidente rodoviário','Via de Cintura Interna','Acesso à N14','IP','Estreitamento',1685314800000,61200000,1685314800000,68400000,'',1685314800000,-8.622097,41.1732,61500000,1685314800000,68580000,136621,'-41030.4326999997,167231.0771999997'
'Rotura de conduta','Rua da Nau Trindade','103','','Ocupação do passeio',1685401200000,-900000,1685401200000,81900000,'',1685401200000,-8.594035,41.15959,-540000,1685401200000,-480000,137023,'-38683.61490000038,165706.56799999977'
'Aluimento','Rua de Santa Joana Princesa','','','Estreitamento',1685401200000,-900000,1685401200000,81900000,'',1685401200000,-8.665825,41.15965,-1020000,1685401200000,-960000,137021,'-44709.18090000006,165747.57239999992'
'Outro motivo','Rua do Professor Antão de Almeida Garret','172','','Estreitamento',1685401200000,27840000,1685401200000,81900000,'reparação conduta',1685401200000,-8.636166,41.17278,27780000,1685401200000,27840000,136632,'-42211.30439999979,167191.4609999991'
'Outro motivo','Rua do Ouro','','','Ocupação do passeio',1685401200000,-900000,1685401200000,81900000,'',1685401200000,-8.647406,41.14847,-180000,1685401200000,-120000,137024,'-43170.554499999525,164496.20319999967'
'Outro motivo','Rua de Pinto Bessa','27','','Estreitamento',1685401200000,26820000,1685401200000,81900000,'varejamento coletor',1685401200000,-8.58645,41.14891,26880000,1685401200000,26940000,136631,'-38053.205900000365,164516.79140000071'
'Outro motivo','Rua Carlos Graça','43','','Estreitamento',1685401200000,26100000,1685401200000,81900000,'reparação SI',1685401200000,-8.59046,41.1583,26160000,1685401200000,26220000,136630,'-38384.26169999973,165561.29120000082'
'Aluimento','Praceta do Mestre de Avis','','','Estreitamento',1685401200000,-900000,1685401200000,81900000,'',1685401200000,-8.674885,41.16247,-960000,1685401200000,-900000,137022,'-45467.70930000027,166065.36410000015'
'Reparação de grelha / boca de lobo','Rua do Coronel Helder Ribeiro','123','','Estreitamento',1685401200000,-900000,1685401200000,81900000,'',1685401200000,-8.591793,41.15795,-240000,1685401200000,-180000,136629,'-38496.4265,165523.46180000043'
'Rotura de conduta','Rua de D. Estevão da Gama','59','','Estreitamento',1685401200000,-900000,1685401200000,81900000,'',1685401200000,-8.653162,41.17003,-120000,1685401200000,-2209161600000,137025,'-43639.444699999905,166893.4879000002'
'Outro motivo','Rua de Pedro Hispano','429','','Ocupação do passeio',1685401200000,35400000,1685401200000,81900000,'substituir tampa CRL',1685401200000,-8.637088,41.16213,35460000,1685401200000,35460000,136635,'-42295.56850000008,166008.33240000007'
'Avaria de CCTV','','PSP006 - Rua de Camões / Rua Gonçalo Cristóvão ','','',1685401200000,36443000,'','',' Montagem de CV',1685401200000,-8.610052,41.153477,36443000,1685401200000,36443000,137427,'-40031.71630000039,165034.77250000104'
'Avaria de telecomunicações','Rua Nova da Corujeira','45','','Ocupação do passeio',1685401200000,29700000,1685401200000,40500000,'',1685401200000,-8.58023,41.15887,29520000,1685401200000,29580000,136633,'-37525.35610000041,165620.3958999998'
'Avaria de telecomunicações','Rua dos Anjos','439','','Ocupação do passeio',1685401200000,32400000,1685401200000,40500000,'',1685401200000,-8.585079,41.17241,32760000,1685401200000,32820000,136634,'-37924.51630000022,167126.59809999968'
'Outro motivo','Via Panoramica','Rua do Campo Alegre','Go Porto NUP/31634/2023/CMP','Ocupação do passeio',1685401200000,36000000,1685401200000,57600000,'',1685401200000,-8.637569,41.1528,36840000,1685401200000,36960000,137428,'-42341.98409999999,164972.23540000088'
'Aluimento','Rua de João das Regras','235','','Ocupação do passeio',1685401200000,48600000,1685401200000,81900000,'',1685401200000,-8.610517,41.15517,48540000,1685401200000,48660000,137433,'-40069.69240000004,165222.97250000012'
'Outro motivo','Largo da Igreja de Paranhos','12','','Ocupação do passeio',1685401200000,37800000,1685401200000,81900000,'verificação de ramal aos 30',1685401200000,-8.605587,41.17361,38340000,1685401200000,38700000,137431,'-39644.77790000017,167269.11369999996'
'Avaria de iluminação pública','Rua da Via-Sacra','c/ Trav. da Ferreira','','Ocupação do passeio',1685401200000,36900000,1685401200000,61200000,'',1685401200000,-8.608303,41.17107,37080000,1685401200000,37140000,137429,'-39874.23000000037,166988.34510000073'
'Avaria de iluminação pública','Rua Alegre','17','','Ocupação do passeio',1685401200000,35820000,1685401200000,81900000,'',1685401200000,-8.668392,41.14953,35940000,1685401200000,36000000,137827,'-44931.57650000046,164625.46000000098'
'Outro motivo','Rua de D. João IV','744','','Ocupação do passeio',1685401200000,37800000,1685401200000,81900000,'Reparação de CRL',1685401200000,-8.602374,41.15322,37740000,1685401200000,37860000,137430,'-39387.3821999998,165002.84809999974'
'Anomalia de sinalização luminosa','Rua de Fernandes Tomás','Rua de Santa Catarina','Soltráfego /#11','Ocupação do passeio',1685401200000,36900000,1685401200000,40500000,'',1685401200000,-8.637499,41.1528,36540000,1685401200000,36960000,137027,'-42336.12750000046,164972.64990000043'
'Outro motivo','Travessa da Póvoa','440','','Ocupação do passeio',1685401200000,37800000,1685401200000,81900000,'Substituir válvula de ramal',1685401200000,-8.598237,41.1561,38400000,1685401200000,38640000,137432,'-39038.39319999966,165320.83870000008'
'Avaria de telecomunicações','Rua do Barão de Forrester','702','meo','Ocupação do passeio',1685401200000,49500000,1685401200000,61200000,'vai abrir também sonda no estacioanamento',1685401200000,-8.619329,41.15646,49440000,1685401200000,49500000,137828,'-40808.61969999968,165370.84440000015'
'Avaria de CCTV','','PSP046 - Rua de Augusto Rosa / Rua de S. Luis','','',1685401200000,50106000,'','','Verificações em conjunto com a Porto Digital . ',1685401200000,-8.607958,41.143356,50106000,1685401200000,50106000,137829,'-39862.094499999635,163909.78370000026'
'Avaria de telecomunicações','Praça da Corujeira','305','','Ocupação do passeio',1685401200000,50400000,1685401200000,54000000,'',1685401200000,-8.579877,41.15844,50340000,1685401200000,50400000,138229,'-37495.92669999968,165572.57660000023'
'Avaria de telecomunicações','Rua de Silva Porto','250','PDT','Estacionamento',1685401200000,51300000,1685401200000,54900000,'',1685401200000,-8.617397,41.16961,51120000,1685401200000,51120000,137831,'-40638.261099999814,166830.2085999991'
'Avaria de telecomunicações','Rua do Almada','c/ Ricardo Jorge','visabeira','Estreitamento',1685401200000,50400000,1685401200000,53100000,'',1685401200000,-8.612098,41.15029,50580000,1685401200000,50640000,137830,'-40205.431900000025,164681.58420000045'
'Avaria de telecomunicações','Rua de Nossa Senhora de Fátima','107','','Ocupação do passeio',1685401200000,51300000,1685401200000,81900000,'',1685401200000,-8.623583,41.16015,51480000,1685401200000,51540000,137832,'-41163.33499999996,165781.99259999965'
'Avaria de CCTV','','PSP045 - Rua Santa Catarina / Rua Passos Manuel','','',1685401200000,52974000,'','',' Verificações',1685401200000,-8.606783,41.146982,52974000,1685401200000,52974000,137833,'-39761.24830000012,164311.9430000007'
'Outro motivo','Praça do Campo Grande','Nº 16','','Ocupação do passeio',1685401200000,54000000,1685401200000,81900000,'Descobrir Tomada',1685401200000,-8.585188,41.17135,53760000,1685401200000,53820000,137834,'-37934.24010000004,167008.52820000052'
'Rotura de conduta','Rua do Dr. Melo Leote','Nº 104','','Ocupação do passeio',1685401200000,54000000,1685401200000,81900000,'',1685401200000,-8.653065,41.16532,53880000,1685401200000,53940000,137835,'-43634.42480000021,166371.2049000006'
'Rotura de conduta','Rua de Mouzinho da Silveira','68','','Ocupação do passeio',1685487600000,900000,1685487600000,81900000,'',1685487600000,-8.614313,41.14227,1740000,'','',138231,'-40396.327600000426,163792.34439999957'
'Reparação de válvula','Rua Gustavo de Sousa','100','','Estreitamento',1685487600000,900000,1685487600000,81900000,'',1685487600000,-8.669181,41.16547,2220000,1685487600000,2280000,138233,'-44986.902599999696,166395.2214999999'
'Aluimento','Rua do Dr. Júlio de Matos','79','','Estreitamento',1685487600000,900000,1685487600000,81900000,'',1685487600000,-8.59625,41.17581,1140000,1685487600000,1260000,137838,'-38859.950600000084,167508.6090999995'
'Rotura de conduta','Rua de Ferreira Cardoso','6','','Ocupação do passeio',1685487600000,-2700000,1685487600000,81900000,'',1685487600000,-8.596067,41.1466,1620000,1685487600000,1680000,137840,'-38861.88179999961,164264.76019999923'
'Rotura de conduta','Rua das Motas','88','','Corte total',1685487600000,900000,1685487600000,81900000,'c/ Policiamento',1685487600000,-8.670613,41.15065,2400000,1685487600000,2400000,138234,'-45117.28010000013,164750.97220000104'
'Outro motivo','Rua de Pedro Hispano','429','','Ocupação do passeio',1685487600000,900000,1685487600000,81900000,'',1685487600000,-8.637013,41.16212,1920000,1685487600000,1980000,137841,'-42289.273000000045,166006.95020000028'
'Outro motivo','Rua de La Couture','Nº 168','','Ocupação do passeio',1685401200000,57240000,1685401200000,81900000,'Tamponar Ramal',1685401200000,-8.592057,41.16574,57180000,1685401200000,57240000,137836,'-38513.996199999885,166388.76510000092'
'Avaria de CCTV','','PMV08 - Avenida Fernão de Magalhães / Rua do Monte Aventino','','',1685401200000,58146000,'','',' Disconnected',1685401200000,-8.59074,41.16262,58146000,1685401200000,58146000,137837,'-38405.271599999636,166041.45209999912'
'Fuga de gás','Praça de Carlos Alberto','Nº94','','Corte total',1685487600000,23400000,1685487600000,25500000,'',1685487600000,-8.615885,41.14818,23640000,1685487600000,25440000,137851,'-40524.62870000022,164449.00640000033'
'Aluimento','Rua da Nau Trindade','103','','Estreitamento',1685487600000,900000,1685487600000,81900000,'',1685487600000,-8.59341,41.15939,1500000,1685487600000,1560000,138230,'-38631.241999999686,165684.18520000065'
'Rotura de conduta','Rua de D. Estevão da Gama','59/89','','Estreitamento',1685487600000,900000,1685487600000,81900000,'',1685487600000,-8.653302,41.17032,2700000,1685487600000,2760000,137846,'-43650.95600000017,166925.8480999982'
'Aluimento','Praceta José Luis Nunes','','','Ocupação do passeio',1685487600000,900000,1685487600000,81900000,'',1685487600000,-8.602194,41.16945,1260000,1685487600000,1320000,137839,'-39362.5264999997,166805.4268999992'
'','Rua de Vale Formoso','','','Estreitamento',1685487600000,900000,1685487600000,81900000,'',1685487600000,-8.610977,41.16505,2100000,1685487600000,2100000,137842,'-40102.3106000004,166320.22559999998'
'Avaria elétrica','Rua da Firmeza','325','E-Redes','Ocupação do passeio',1685487600000,21600000,1685487600000,68400000,'',1685487600000,-8.604077,41.15092,21960000,1685487600000,22020000,138237,'-39531.73309999988,164748.08699999817'
'Avaria de telecomunicações','Rua de D. António Barroso','Nº245','','Estacionamento',1685487600000,26100000,1685487600000,33300000,'',1685487600000,-8.627541,41.1598,25680000,1685487600000,26160000,138238,'-41495.75439999998,165745.1237000005'
'Outro motivo','Rua do Ouro','Com Rainha D. Leonor','','Ocupação do passeio',1686870000000,38400000,1686870000000,81900000,'Outros trabalhos de saneamento - com policiamento',1685487600000,-8.646893,41.14851,2520000,1686870000000,38460000,137844,'-43127.48139999984,164500.63240000105'
'Outro motivo','Rua do Professor Antão de Almeida Garret','172','','Estreitamento',1685487600000,27000000,1685487600000,81900000,'',1685487600000,-8.633566,41.17303,26280000,1685487600000,26580000,137854,'-41993.009399999915,167217.29649999904'
'Outro motivo','Campo de Vinte e Quatro de Agosto','185 A','','Ocupação do passeio',1685487600000,25920000,1685487600000,81900000,'Verificar ramal aos 30',1685487600000,-8.5985,41.14952,26520000,1685487600000,26640000,138240,'-39064.415900000495,164589.60970000052'
'Reparação de válvula','Rua de Gondarém','Rua do Crasto','','Ocupação do passeio',1685487600000,26100000,1685487600000,81900000,'',1685487600000,-8.68099,41.15756,26280000,1685487600000,26340000,137853,'-45983.48379999962,165523.97139999928'
'Avaria de veículo','Via de Cintura Interna','junto ao dragão','IP','Estreitamento',1685487600000,27000000,1685487600000,32400000,'',1685487600000,-8.581552,41.16086,27480000,1685487600000,27540000,138241,'-37635.16949999989,165841.94639999844'
'Avaria de telecomunicações','Rua do Barão de Forrester','702','','Estacionamento',1685487600000,38700000,1685487600000,57600000,'',1685487600000,-8.61934,41.15651,38160000,1685487600000,38280000,137866,'-40809.49260000032,165375.78360000078'
'Avaria de iluminação pública','Rua de Angola','86','','Ocupação do passeio',1685487600000,37800000,1685487600000,81900000,'',1685487600000,-8.659519,41.16958,37920000,1685487600000,38040000,137864,'-44173.23940000032,166847.6005000012'
'Avaria de telecomunicações','Rua da Maternidade','Nº51','','Ocupação do passeio',1685487600000,33300000,1685487600000,40500000,'',1685487600000,-8.622245,41.15118,33120000,1685487600000,33180000,137859,'-41056.69550000036,164784.8178000008'
'Avaria de CCTV','','PSP036 - Rua Sá da Bandeira / Rua Guedes de Azevedo','','',1685487600000,33541000,'','',' Montagem de CV',1685487600000,-8.605932,41.15214,33541000,1685487600000,33541000,137861,'-39686.68479999989,164884.394099999'
'Outro motivo','Rua da Cidade da Beira','Nº 2','','Ocupação do passeio',1685487600000,55200000,1685487600000,81900000,'Tamponar Ramal Domiciliário',1685487600000,-8.665072,41.16609,55200000,1685487600000,55320000,137875,'-44641.61039999966,166462.67299999984'
'Outro motivo','Rua do Campo Alegre','322','PM','Corte total',1685487600000,46800000,1685487600000,48000000,'Retirar máquina de camião',1685487600000,-8.632059,41.15273,46800000,1685487600000,46800000,137869,'-41879.49930000027,164962.15009999985'
'Avaria de telecomunicações','Avenida dos Aliados','2','Altice','Ocupação do passeio',1685487600000,49500000,1685487600000,60300000,'',1685487600000,-8.611485,41.14698,49500000,1685487600000,49560000,137874,'-40155.99010000004,164314.0285000003'
'Outro motivo','Rua de Serpa Pinto','584','','Estreitamento',1685487600000,31500000,1685487600000,81900000,'Reparação de tampa na via',1685487600000,-8.620394,41.16571,31380000,1685487600000,31380000,137858,'-40892.196100000234,166397.85739999992'
'Avaria de telecomunicações','Rua de Sá da Bandeira','11','','Ocupação do passeio',1685487600000,38700000,1685487600000,44100000,'MEO',1685487600000,-8.610414,41.14625,38640000,1685487600000,38700000,138244,'-40066.537100000256,164232.35249999972'
'Avaria de telecomunicações','Largo do Priorado','96','meo','Ocupação do passeio',1685487600000,33900000,1685487600000,37500000,'',1685487600000,-8.622076,41.156,33960000,1685487600000,34020000,137862,'-41039.47470000013,165320.3729000002'
'Avaria de veículo','Via de Cintura Interna','','','Estreitamento',1580860800000,48600000,1580860800000,54000000,'',1580860800000,-8.618294,41.17391,49740000,1580860800000,54300000,3002,'-40710.86280000024,167307.6422999992'
'Outro motivo','Rua do Duque da Terceira','395','','Ocupação do passeio',1685487600000,49200000,1685487600000,81900000,'Rotura de ramal',1685487600000,-8.598885,41.14745,49080000,1685487600000,49200000,137873,'-39097.91000000019,164360.23970000065'
'Reparação de boca de incêndio','Rua Agostinho José Freire','junto á esquadra da PSP','','Ocupação do passeio',1685487600000,47700000,1685487600000,81900000,'',1685487600000,-8.587561,41.16105,47220000,1685487600000,47340000,137870,'-38139.3624999998,165866.23010000054'
'Avaria de telecomunicações','Rua de S. João','21','meo','Ocupação do passeio',1685487600000,38700000,1685487600000,52200000,'',1685487600000,-8.613349,41.14115,38640000,1685487600000,47880000,137867,'-40316.063299999514,163667.2478000002'
'Avaria de telecomunicações','Rua do Almada','Rua Ricardo Jorge','','Ocupação do passeio',1685487600000,31500000,1685487600000,33300000,'',1685487600000,-8.612128,41.15031,31200000,1685487600000,31260000,137857,'-40207.90280000028,164683.92730000033'
'Reparação de grelha / boca de lobo','Rua do Bonfim','561','','Ocupação do passeio',1685487600000,38700000,1685487600000,81900000,'',1685487600000,-8.591147,41.15441,39060000,1685487600000,39120000,137868,'-38444.290500000105,165129.49369999964'
'Avaria de CCTV','','PMV01 - Avenida Associação Empresarial de Portugal (AEP)','','',1685487600000,48041000,'','',' Status Warning',1685487600000,-8.65116,41.17439,48041000,1685487600000,48041000,137871,'-43468.52359999996,167377.1613999991'
'Outro motivo','Rua do Mestre Guilherme Camarinha','150','','Ocupação do passeio',1685487600000,48240000,1685487600000,81900000,'Reparação de válvula',1685487600000,-8.602435,41.18467,48180000,1685487600000,48240000,137872,'-39373.56560000029,168495.89599999954'
'Avaria de telecomunicações','Rua do Almada','R. do Dr. Magalhães Bastos','Visabeira- Tiago Sousa','Ocupação do passeio',1685487600000,56700000,1685487600000,58500000,'Abrir CVP',1685487600000,-8.612047,41.14712,56580000,1685487600000,56700000,137877,'-40203.08769999995,164329.29429999902'
'Avaria de telecomunicações','Rua do Lagarteiro','n.242','','Estreitamento',1685487600000,56700000,1685487600000,58500000,'Cvp junto ao passeio',1685487600000,-8.569589,41.15365,56400000,1685487600000,56460000,137876,'-36635.07079999989,165036.6467000006'
'Outro motivo','Rua do Dr. Alberto de Aguiar','Nº 4','','Ocupação do passeio',1685487600000,59400000,1685487600000,81900000,'Reparação de Hidrante',1685487600000,-8.591329,41.15712,59280000,1685487600000,59340000,137878,'-38457.89719999961,165430.6428999992'
'Rotura de conduta','Rua de Cinco de Outubro','497','','Ocupação do passeio',1685574000000,-900000,1685574000000,81900000,'',1685574000000,-8.633004,41.16256,-840000,1685574000000,-780000,138247,'-41952.56599999965,166054.2611'
'Outro motivo','Rua do Breiner','269','','Estreitamento',1685574000000,-900000,1685574000000,81900000,'',1685574000000,-8.620679,41.15078,-660000,1685574000000,-600000,138248,'-40925.46920000011,164739.98919999928'
'Outro motivo','Rua do Breiner','462','','Estreitamento',1685574000000,-900000,1685574000000,81900000,'',1685574000000,-8.622932,41.15027,-720000,1685574000000,-660000,137880,'-41114.921199999706,164684.5307999994'
'Rotura de conduta','Rua de D. Estevão da Gama','59/89','','Estreitamento',1685574000000,-900000,1685574000000,81900000,'',1685574000000,-8.652191,41.17077,-300000,1685574000000,-240000,137884,'-43557.46509999971,166975.96580000047'
'Acidente rodoviário','Rua de Júlio Dinis','C/ Praça da Galiza','PSP','Estreitamento',1685487600000,68400000,1685487600000,69600000,'Embate entre 2 ligeiros',1685487600000,-8.626087,41.15216,68640000,1685487600000,68820000,138246,'-41378.56929999964,164896.0090999999'
'Outro motivo','Rua do Ouro','','','Ocupação do passeio',1685574000000,-900000,1685574000000,81900000,'',1685574000000,-8.646839,41.14852,-360000,1685574000000,-300000,137883,'-43122.97269999998,164501.50300000023'
'Avaria de telecomunicações','Rua de Alcântara','Nº 190','MEO','Ocupação do passeio',1685574000000,30600000,1685574000000,36000000,'',1685574000000,-8.585258,41.17039,30420000,1685574000000,30780000,138254,'-37940.6946000001,166901.69079999955'
'Rotura de conduta','Rua Gustavo de Sousa','100','','Estreitamento',1685574000000,-900000,1685574000000,81900000,'',1685574000000,-8.669122,41.1655,-480000,1685574000000,-360000,137882,'-44981.926599999715,166399.00310000015'
'Rotura de conduta','Rua de António Carneiro','363','','Corte total',1685574000000,27480000,1685574000000,36000000,'',1685574000000,-8.593814,41.14971,27600000,1685574000000,35520000,138251,'-38670.86840000001,164608.8478999994'
'Outro motivo','Rua de Pinto Bessa','C/ Rua padre António Vieira','','Estreitamento',1685574000000,30000000,1685574000000,81900000,'Verificar Redes',1685574000000,-8.588068,41.14934,29940000,1685574000000,30060000,138253,'-38188.729399999596,164565.27860000022'
'Outro motivo','Rua de Cedofeita','305','','Ocupação do passeio',1688166000000,26100000,1688166000000,81900000,'',1685574000000,-8.61808,41.15237,26040000,1685574000000,26100000,138250,'-40706.28039999962,164915.4429999993'
'Avaria de telecomunicações','Rua do Bonfim','334','','Ocupação do passeio',1685574000000,2700000,1685574000000,6300000,'',1685574000000,-8.595145,41.15025,2580000,1685574000000,2700000,138249,'-38782.330299999594,164669.66039999953'
'Rotura de conduta','Rua do Moreira','302','','Estreitamento',1685574000000,-900000,1685574000000,81900000,'',1685574000000,-8.599962,41.15328,-600000,1685574000000,-480000,137881,'-39184.849600000394,165008.1009999999'
'Avaria de iluminação pública','Rua de Miguel Bombarda','50','','Ocupação do passeio',1685487600000,37800000,1685487600000,81900000,'',1685487600000,-8.61765,41.15002,38100000,1685487600000,38280000,137865,'-40671.61130000003,164654.58060000057'
'Outro motivo','Rua de Gondarém','Rua do Crasto','','Ocupação do passeio',1688166000000,26100000,1688166000000,81900000,'',1685574000000,-8.680995,41.15757,26220000,1685574000000,26340000,137885,'-45983.929800000005,165524.64709999945'
'Outro motivo','Rua do Bonfim','C/ Pinto Bessa','','Estreitamento',1685574000000,30000000,1685574000000,81900000,'Verificar Redes',1685574000000,-8.593831,41.15091,29940000,1685574000000,30120000,138252,'-38671.60960000002,164742.8685999994'
'Avaria de telecomunicações','Rua de Sá da Bandeira','274','CME-João Carvalho','Estreitamento',1685574000000,30600000,1685574000000,43200000,'abrir cvp c/ policiamento',1685574000000,-8.607937,41.14859,30540000,1685574000000,30840000,138255,'-39857.13140000025,164491.06760000062'
'Avaria de telecomunicações','Rua do Engenheiro Ferreira Dias','Nº 1095','CME- Marco Oliveira','Estacionamento',1685574000000,30900000,1685574000000,34500000,'Abrir CVP',1685574000000,-8.648744,41.17722,30900000,1685574000000,31200000,138256,'-43263.93010000044,167690.47669999985'
'Outro motivo','Rua de Santo Ildefonso','Nº 423','','Ocupação do passeio',1685574000000,31080000,1685574000000,81900000,'Subst. cabeça móvel',1685574000000,-8.600593,41.14755,31020000,1685574000000,31080000,137886,'-39241.290300000415,164372.19280000028'
'Avaria de telecomunicações','Beco Central','6','','Ocupação do passeio',1688166000000,32100000,1688166000000,38700000,'',1685574000000,-8.672196,41.15021,32040000,1685574000000,32100000,137887,'-45250.43489999982,164702.34039999853'
'Avaria de telecomunicações','Avenida de Vímara Peres','75','','Ocupação do passeio',1688166000000,32220000,1688166000000,38700000,'',1685574000000,-8.610184,41.14265,32160000,1685574000000,32220000,137889,'-40049.42659999985,163832.65740000084'
'Avaria de telecomunicações','Rua Formosa','Nº 112','Wondercom- juliana Fogo','Ocupação do passeio',1685574000000,48360000,1685574000000,55560000,'Abrir CVP',1685574000000,-8.604067,41.14769,48300000,1685574000000,48420000,139052,'-39532.81520000004,164389.31120000037'
'Outro motivo','Rua dos Clérigos','','','Ocupação do passeio',1685660400000,-2209161600000,1685660400000,81900000,'',1685660400000,-8.61355,41.14596,240000,1685660400000,300000,140656,'-40329.94159999951,164201.29649999953'
'Avaria de iluminação pública','Alameda de Eça de Queiroz','735','','Ocupação do passeio',1685574000000,53100000,1685574000000,64800000,'',1685574000000,-8.597552,41.16299,53340000,1685574000000,53400000,139455,'-38976.8219999997,166085.6004000008'
'Avaria de telecomunicações','Rua do Dr. António Bernardino de Almeida','400','meo','Ocupação do passeio',1685574000000,39420000,1685574000000,41400000,'',1685574000000,-8.607076,41.17768,39540000,1685574000000,39600000,138650,'-39767.25129999955,167721.7403999998'
'Avaria de telecomunicações','Avenida da Boavista','Nº 1083','Visabeira - Adérito Martins','Ocupação do passeio',1685574000000,48600000,1685574000000,55800000,'Abrir CVP',1685574000000,-8.636548,41.15919,48660000,1685574000000,48720000,139053,'-42252.13719999976,165682.03280000048'
'Outro motivo','Rua de Ramalde do Meio','82','','Estreitamento',1685574000000,33000000,1685574000000,81900000,'rotura de ramal',1685574000000,-8.640373,41.17361,33060000,1685574000000,33060000,138649,'-42563.83139999949,167285.47739999933'
'Avaria de telecomunicações','Rua de Elísio de Melo','Nº 55','Visabeira- Bruno Silva','Estreitamento',1685574000000,50940000,1685574000000,50940000,'Abrir CVP C/ Policiamento',1685574000000,-8.612201,41.14798,50880000,1685574000000,51000000,139055,'-40215.49270000026,164424.90839999888'
'Avaria de telecomunicações','Rua de Jorge Reinel','11','MEO','Ocupação do passeio',1685574000000,32400000,1685574000000,54000000,'',1685574000000,-8.65827,41.16113,32520000,1685574000000,32580000,138648,'-44074.05389999973,165907.90310000035'
'Rotura de conduta','Rua de Cinco de Outubro','497','','Ocupação do passeio',1685660400000,-2209161600000,1685660400000,81900000,'',1685660400000,-8.63302,41.16254,360000,1685660400000,420000,141056,'-41953.9296000004,166052.02629999988'
'Avaria de telecomunicações','Avenida da Boavista','2881','','Estreitamento',1685574000000,73800000,1685574000000,77400000,'',1685574000000,-8.65738,41.16257,74100000,1685574000000,74160000,140256,'-43998.44269999951,166067.78729999965'
'Avaria de telecomunicações','Rua do Cristelo','Com o Largo do Adro','Groupfix','Estreitamento',1685574000000,57600000,1685574000000,64800000,'',1685574000000,-8.630279,41.14606,58380000,1685574000000,58500000,139856,'-41734.31639999992,164220.4583999994'
'Avaria de telecomunicações','Rua de Trindade Coelho','20','','Ocupação do passeio',1685574000000,55800000,1685574000000,58500000,'',1685574000000,-8.611883,41.14515,55740000,1685574000000,55800000,139456,'-40190.55800000012,164110.69849999982'
'Avaria de telecomunicações','Rua de Santa Teresa','nº 27','Visabeira','Ocupação do passeio',1685574000000,50400000,1685574000000,54000000,'Abrir CVP',1685574000000,-8.614172,41.14776,50400000,1685574000000,50700000,139054,'-40381.09439999979,164402.2328999993'
'Reparação de válvula','Rua de Gonçalo Cristóvão','Nº 144','','Estreitamento',1685574000000,48000000,1685574000000,81900000,'',1685574000000,-8.607768,41.15354,48000000,1685574000000,48060000,139051,'-39839.992999999806,165041.0267999988'
'Avaria de telecomunicações','Rua de Serpa Pinto','693','PDT','Estreitamento',1685574000000,32100000,1685574000000,34200000,'C/ Policiamento',1685574000000,-8.620314,41.16671,32280000,1685574000000,32340000,138647,'-40884.90550000015,166509.2458000001'
'Avaria de telecomunicações','Avenida de Fontes Pereira de Melo','Nº 305','CME- Marco Oliveira','Ocupação do passeio',1685574000000,42360000,1685574000000,56760000,'Abrir CVP',1685574000000,-8.651114,41.17814,42300000,1685574000000,42420000,138651,'-43462.21710000002,167793.70910000065'
'Outro motivo','Rua do Bonjardim','704','','Ocupação do passeio',1685660400000,27000000,1685660400000,81900000,'',1685660400000,-8.607983,41.15315,26760000,1685660400000,26940000,141057,'-39858.218000000285,164997.06860000073'
'Outro motivo','Rua do Ouro','','','Ocupação do passeio',1685660400000,-2209161600000,1685660400000,81900000,'',1685660400000,-8.646974,41.1485,480000,1685660400000,480000,140658,'-43134.31049999969,164500.0367999996'
'Outro motivo','Rua do Moreira','302','','Estreitamento',1685660400000,-2209161600000,1685660400000,81900000,'',1685660400000,-8.599942,41.15328,300000,1685660400000,360000,140657,'-39183.16469999961,165008.0566000012'
'Rotura de conduta','Rua de D. Estevão da Gama','59/89','','Estreitamento',1685660400000,-2209161600000,1685660400000,81900000,'',1685660400000,-8.65313,41.17032,540000,1685660400000,540000,140659,'-43636.54739999958,166926.21010000067'
'Reparação de grelha / boca de lobo','Rua dos Miosótis','12/18','','Estacionamento',1685660400000,26400000,1685660400000,81900000,'',1685660400000,-8.621099,41.17598,26580000,1685660400000,26640000,140660,'-40944.952600000404,167539.32120000036'
'Outro motivo','Rua do Bonjardim','704','','Estreitamento',1685660400000,27000000,1685660400000,81900000,'',1685660400000,-8.668199,41.15047,26760000,1685660400000,26880000,140661,'-44914.73319999961,164728.92510000026'
'Outro motivo','Rua de Manuel Pinto de Azevedo','461/539','','Ocupação do passeio',1685660400000,27900000,1685660400000,81900000,'Reparação de ramal',1685660400000,-8.647674,41.17345,27780000,1685660400000,27840000,140662,'-43176.63370000008,167270.99909999932'
'Outro motivo','Rua de Serpa Pinto','584','','Estreitamento',1685660400000,29700000,1685660400000,81900000,'',1685660400000,-8.620376,41.16571,29760000,1685660400000,29820000,140663,'-40890.728500000216,166398.6357999999'
'Avaria de telecomunicações','Passeio de S. Lázaro','14','Visabeira','Ocupação do passeio',1685660400000,30900000,1685660400000,39600000,'',1685660400000,-8.603341,41.14595,31020000,1685660400000,31080000,141457,'-39472.874499999874,164196.1638999991'
'Avaria de telecomunicações','Rua de Delfim Ferreira','lado oposto ao nº 146','Visabeira','Ocupação do passeio',1685660400000,30600000,1685660400000,36000000,'',1685660400000,-8.646865,41.16981,30720000,1685660400000,30780000,141857,'-43111.13140000035,166866.12689999997'
'Reparação de grelha / boca de lobo','Rua da Agra do Amial','111','','Ocupação do passeio',1685660400000,33300000,1685660400000,81900000,'',1685660400000,-8.609198,41.1768,33540000,1685660400000,33600000,142257,'-39945.79289999972,167624.53759999943'
'Outro motivo','Rua de Vale Formoso','313','','Estacionamento',1688252400000,35100000,1688252400000,81900000,'',1685660400000,-8.612283,41.16812,35580000,1685660400000,35640000,143056,'-40210.009299999976,166661.53869999977'
'Avaria de telecomunicações','Rua do Almada','444','CME','Ocupação do passeio',1685660400000,30600000,1685660400000,64800000,'',1685660400000,-8.612034,41.15095,30480000,1685660400000,30600000,141856,'-40199.661700000055,164754.93009999956'
'Avaria de telecomunicações','Avenida de Rodrigues de Freitas','365','','Ocupação do passeio',1685660400000,38400000,1685660400000,46800000,'',1685660400000,-8.603431,41.14549,38460000,1685660400000,38520000,143858,'-39480.77790000026,164145.14169999928'
'Outro motivo','Rua de Requezende','138','','Ocupação do passeio',1685660400000,36900000,1685660400000,68400000,'Avaria de média tensão',1685660400000,-8.639367,41.17477,36780000,1685660400000,36840000,143456,'-42478.66139999968,167413.72309999907'
'Avaria de CCTV','','PSP007 - Praça da República / Rua do Almada','','',1685660400000,38206000,'','','Registo fotográfico no armário do #315, para futura instalação da CCTV ',1685660400000,-8.612131,41.153578,38206000,1685660400000,38206000,143856,'-40206.16899999975,165046.95119999856'
'Avaria de telecomunicações','Rua de Júlio Dinis','496','PSP','Estreitamento',1685660400000,32400000,1685660400000,39600000,'',1685660400000,-8.626413,41.15313,32760000,1685660400000,32760000,141459,'-41405.32189999981,165003.46680000014'
'Avaria de telecomunicações','Rua de Entreparedes','57','','Estacionamento',1685660400000,35700000,1685660400000,37800000,'',1685660400000,-8.605351,41.14567,35760000,1685660400000,35880000,143057,'-39641.85089999994,164165.43170000013'
'Avaria de telecomunicações','Rua do Dr. Melo Leote','126','Wondercom','Ocupação do passeio',1685660400000,29700000,1685660400000,37800000,'',1685660400000,-8.653404,41.16525,30120000,1685660400000,30180000,141456,'-43662.90290000003,166362.84730000095'
'Avaria de telecomunicações','Rua de António da Silva Marinho','143','Wondercom','Ocupação do passeio',1685660400000,33300000,1685660400000,42300000,'',1685660400000,-8.654811,41.17583,33480000,1685660400000,33660000,142256,'-43773.96819999997,167539.0606999997'
'Avaria de telecomunicações','Rua da Constituição','944','','Estreitamento',1685660400000,32400000,1685660400000,39600000,'',1685660400000,-8.609405,41.16253,32400000,1685660400000,32460000,141458,'-39971.91189999968,166039.72690000013'
'Avaria de CCTV','','PSP038 - Rua de D. João IV / Rua Fernandes Tomás','','',1685660400000,33801000,'','','Montagem da CV',1685660400000,-8.602051,41.148936,33801000,1685660400000,33801000,142656,'-39362.82299999991,164526.7939999993'
'Avaria de CCTV','','PSP004 - Rua do Bonjardim / Rua Gonçalo Cristóvão','','',1685660400000,33859000,'','',' Levantamento de cabo de alimentação para o armário da CV',1685660400000,-8.60808,41.15339,33859000,1685660400000,33859000,142657,'-39866.23579999994,165024.2022999997'
'Outro motivo','Rua Airosa','12','','Estreitamento',1677283200000,33600000,1677283200000,81900000,'',1677283200000,-8.636395,41.1687,33780000,1677283200000,33840000,70213,'-42233.215200000515,166738.07729999942'
'Avaria de telecomunicações','Rua do Campinho','29','MEO','Ocupação do passeio',1685660400000,31500000,1685660400000,38700000,'',1685660400000,-8.604437,41.14617,31860000,1685660400000,31920000,141859,'-39564.777700000275,164220.63910000006'
'Avaria de telecomunicações','Rua do Campo Alegre','1134','PSP','Estreitamento',1685660400000,32400000,1685660400000,36900000,'',1685660400000,-8.641717,41.1539,31620000,1685660400000,31740000,141858,'-42689.721900000295,165094.53769999917'
'Outro motivo','Rua do Almada','556','','Estreitamento',1685660400000,38700000,1685660400000,81900000,'Rutura de ramal domiciliário',1685660400000,-8.611992,41.15224,38940000,1685660400000,39060000,144256,'-40195.287200000195,164898.6129'
'Avaria de CCTV','','PSP033 - Praça da República / Rua de João das Regras','','',1685660400000,39188000,'','','Levantamento do cabo de alimentação para o armário',1685660400000,-8.611886,41.155171,39188000,1685660400000,39188000,143859,'-40184.62700000033,165223.7543999996'
'Avaria de telecomunicações','Rua de Diogo Macedo','n.107','','Estreitamento',1685660400000,54900000,1685660400000,56700000,'CVP na faixa',1685660400000,-8.567592,41.15253,54780000,1685660400000,54840000,147061,'-36468.07589999959,164910.82589999976'
'Avaria de CCTV','','PSP003 - Rua de Santa Catarina / Rua de Gonçalo Cristóvão','','',1685660400000,55064000,'','','Passagem de cabo . ',1685660400000,-8.604819,41.153381,55064000,1685660400000,55064000,147062,'-39592.5060999999,165021.7094999997'
'Outro motivo','Rua de Guedes de Azevedo','216','','Ocupação do passeio',1685660400000,51300000,1685660400000,81900000,'Substituição de cabeça móvel',1685660400000,-8.60761,41.15251,51600000,1685660400000,51660000,146257,'-39827.309899999724,164926.61040000065'
'Reparação de grelha / boca de lobo','Avenida de Fernão de Magalhães','1843','','Estreitamento',1688252400000,45900000,1688252400000,81900000,'',1685660400000,-8.588732,41.16611,46380000,1685660400000,46500000,145058,'-38234.66920000033,166428.2034000006'
'Outro motivo','Rua de Francos','545','','Estreitamento',1685660400000,52200000,1685660400000,81900000,'',1685660400000,-8.628208,41.16688,51840000,1685660400000,51960000,146259,'-41547.276700000235,166531.5940000002'
'Avaria de telecomunicações','Rua de Camões','462','Acompanhamento policial','Estreitamento',1685660400000,49200000,1685660400000,54000000,'',1685660400000,-8.609978,41.15606,49140000,1685660400000,49200000,145456,'-40023.9590999996,165321.47900000043'
'Aluimento','Praça da Galiza','106','','Ocupação do passeio',1685660400000,48300000,1685660400000,81900000,'',1685660400000,-8.627165,41.15221,48180000,1685660400000,48360000,144659,'-41468.99839999989,164902.39169999954'
'Avaria de CCTV','','PSP042 - Rua de Santa Catarina / Rua Fernandes Tomás','','',1685660400000,52127000,'','',' Verificações',1685660400000,-8.60576,41.14973,52127000,1685660400000,52127000,146260,'-39673.70469999961,164616.66389999902'
'Avaria de CCTV','','PSP038 - Rua de D. João IV / Rua Fernandes Tomás','','',1685660400000,52815000,'','','Levantamento de situação para verificação da ligação ao novo armário ',1685660400000,-8.602051,41.148936,52815000,1685660400000,52815000,146660,'-39362.82299999991,164526.7939999993'
'Reparação de grelha / boca de lobo','Rua de S. Brás','112','','Estacionamento',1688252400000,45900000,1688252400000,81900000,'',1685660400000,-8.610956,41.15812,46140000,1685660400000,46560000,145056,'-40104.79119999988,165550.61309999917'
'Avaria de CCTV','','PSP034 - Praça da República / Rua dos Mártires da Liberdade','','',1685660400000,47262000,'','',' levantamentos da situação ',1685660400000,-8.61342,41.15374,47262000,1685660400000,47262000,144658,'-40314.26999999957,165065.5410999991'
'Avaria de telecomunicações','Rua de Álvares Cabral','2','Visabeira','Estreitamento',1685660400000,49500000,1685660400000,51300000,'',1685660400000,-8.618823,41.15519,49200000,1685660400000,49260000,145856,'-40766.92109999987,165228.97650000063'
'Fuga de gás','Praça de Carlos Alberto','104','','Ocupação do passeio',1685660400000,43200000,1685660400000,68400000,'',1685660400000,-8.615889,41.14804,43380000,1685660400000,43500000,144656,'-40525.03060000024,164433.8778000012'
'Avaria de CCTV','','PSP031 - Rua de Latino Coelho / Praça Marquês Pombal','','',1685660400000,54336000,'','','Levantamento de situação para verificação da ligação ao novo armário ',1685660400000,-8.604388,41.160389,54336000,1685660400000,54336000,147060,'-39552.09870000001,165799.81310000084'
'Rotura de conduta','Rua do Monte Alegre','235','','Ocupação do passeio',1685660400000,48300000,1685660400000,81900000,'',1685660400000,-8.617097,41.1651,48240000,1685660400000,48300000,144660,'-40615.85699999989,166329.20350000038'
'Outro motivo','Rua de Gonçalo Cristóvão','144','','Estreitamento',1685660400000,51300000,1685660400000,81900000,'Substituição de válvula de ramal .',1685660400000,-8.607709,41.15354,51720000,1685660400000,51780000,146258,'-39835.01479999998,165041.04499999998'
'Avaria de telecomunicações','Rua de Cedofeita','n.58','','Estreitamento',1685660400000,51300000,1685660400000,52200000,'Abertura de cvp no passeio',1685660400000,-8.616595,41.14952,51120000,1685660400000,51240000,146256,'-40583.39929999961,164598.20549999914'
'Outro motivo','Travessa da China','Nº 141 A','','Estreitamento',1685660400000,57840000,1685660400000,81900000,'Rot. de Ramal Geral',1685660400000,-8.588804,41.14417,57780000,1685660400000,57840000,147460,'-38253.52299999993,163991.23599999966'
'Outro motivo','Rua de S. Francisco','Nº 24','','Estreitamento',1685660400000,73800000,1685660400000,81900000,'Desobstruir coletor público',1685660400000,-8.616758,41.14099,73800000,1685660400000,73920000,147461,'-40602.34200000022,163650.9745000004'
'Outro motivo','Rua do Bolama','rua Visconde de Setúbal','','Estreitamento',1685746800000,-900000,1685746800000,81900000,'Desobstrução de coletor',1685746800000,-8.60544,41.16543,-1260000,1685746800000,-1020000,147861,'-39637.37079999972,166360.23939999955'
'Outro motivo','','Rua de Cardeal Dom Américo,191','','Estreitamento',1685919600000,27000000,1685919600000,81900000,'Colocar CI',1685746800000,-8.597995,41.15273,-660000,1685746800000,-180000,147862,'-39020.0697999997,164946.41670000035'
'Avaria de telecomunicações','Rua de Santos Pousada','Cruzamento com a rua da Firmeza','MEO','Estreitamento',1685746800000,28800000,1685746800000,27000000,'Com policiamento',1685746800000,-8.599993,41.15106,29100000,1685746800000,29220000,148267,'-39188.812800000465,164761.97699999998'
'Avaria de telecomunicações','Rua do Amial','Nº 397','MEO','Estreitamento',1685746800000,37800000,1685746800000,39600000,'Com policiamento',1685746800000,-8.614108,41.17637,37920000,1685746800000,37980000,148270,'-40358.078800000265,167579.5989000001'
'Avaria de CCTV','','PMV07 - Avenida Fernão de Magalhães / Via Cintura Interna','','',1685746800000,40817000,'','',' ',1685746800000,-8.58837,41.16745,40817000,1685746800000,40817000,148271,'-38203.543399999886,166576.82049999974'
'Outro motivo','Avenida da Boavista','Cruzamento com a Rua de Jorge Reinel','','Estreitamento',1685746800000,33300000,1685746800000,44100000,'Reparação de válvula de impanque',1685746800000,-8.657047,41.16252,33540000,1685746800000,33900000,148268,'-43970.46339999984,166062.02339999896'
'Avaria de CCTV','','PMV04 - Rua de Camões','','',1685746800000,37751000,'','',' ',1685746800000,-8.60994,41.15408,37751000,1685746800000,37751000,148269,'-40021.94670000028,165101.68920000066'
'Avaria de telecomunicações','Rua de Fernandes Tomás','Nº 174','MEO','Estreitamento',1685746800000,27900000,1685746800000,29700000,'Com policiamento',1685746800000,-8.600819,41.14874,27540000,1685746800000,27600000,148263,'-39259.532100000404,164504.86529999963'
'Avaria de CCTV','','PMV01 - Avenida Associação Empresarial de Portugal (AEP)','','',1685746800000,28100000,'','',' ',1685746800000,-8.65116,41.17439,28100000,1685746800000,28100000,148264,'-43468.52359999996,167377.1613999991'
'Avaria de telecomunicações','Campo de Vinte e Quatro de Agosto','Cruzamento com a Rua do Duque de Saldanha','MEO','Estreitamento',1685746800000,25200000,1685746800000,28800000,'Com policiamento',1685746800000,-8.598382,41.14832,25080000,1685746800000,25200000,148262,'-39055.218500000374,164457.21600000042'
'Avaria de telecomunicações','Rua de Luis Cruz','Nº189','','Estreitamento',1685746800000,46800000,1685746800000,57600000,'',1685746800000,-8.65086,41.15027,47280000,1685746800000,47340000,148273,'-43459.30690000015,164698.26529999988'
'Outro motivo','Rua Cinco','rua cinco de outubro,497','','Ocupação do passeio',1685919600000,25200000,1685919600000,81900000,'Retificar CRL',1685746800000,-8.633039,41.16257,300000,1685746800000,600000,147863,'-41955.49069999998,166055.81060000017'
'Avaria de telecomunicações','Rua de Pinto Bessa','Cruzamento com a rua do Padre António Vieira','MEO','Estreitamento',1685746800000,27900000,1685746800000,30600000,'Com policiamento',1685746800000,-8.588073,41.14933,28260000,1685746800000,28380000,148265,'-38189.202900000004,164564.22560000044'
'Avaria de CCTV','','PMV10 - Rua do Coronel Raúl Peres / Esplanada do Castelo','','',1685746800000,47679000,'','',' ',1685746800000,-8.67589,41.1497,47679000,1685746800000,47679000,148274,'-45560.8941000002,164647.80859999903'
'Avaria de telecomunicações','Rua de Luis Cruz','nº209','','Estreitamento',1685746800000,46800000,1685746800000,57600000,'',1685746800000,-8.650876,41.15041,47220000,1685746800000,47280000,148272,'-43460.56280000047,164714.19879999943'
'Outro motivo','Rua do Almada','Nº 382','','Ocupação do passeio',1685746800000,28800000,1685746800000,81900000,'Rotura de ramal',1685746800000,-8.612055,41.15001,28440000,1685746800000,28560000,148266,'-40201.97919999994,164650.93379999985'
'Aluimento','Rua de Passos Manuel','Nº95','','Estreitamento',1685746800000,47700000,1685746800000,54900000,'',1685746800000,-8.606816,41.14704,48180000,1685746800000,48240000,148275,'-39763.98450000029,164317.90770000068'
'Avaria de CCTV','','PMV15 - Avenida de Paiva Couceiro','','',1685746800000,52628000,'','',' ',1685746800000,-8.57839,41.1446,52628000,1685746800000,52628000,148276,'-37379.012900000416,164034.78339999937'
'Outro motivo','','Rua  de Mártires de Liberdade,28','','Estreitamento',1685919600000,27000000,1685919600000,81900000,'Reparação de caldeira',1685746800000,-8.614289,41.15076,-2209161600000,1685746800000,180000,148261,'-40389.04970000041,164734.97059999913'
'Acidente rodoviário','Avenida da Associação Empresarial de Portugal','','','Estreitamento',1685746800000,46800000,1685746800000,49500000,'',1685746800000,-8.645302,41.16962,47520000,1685746800000,47520000,147872,'-42980.091099999794,166844.6731999999'
'Avaria de telecomunicações','Rua de Camões','Nº 788','MEO','Estreitamento',1685746800000,34200000,1685746800000,36000000,'Com policiamento',1685746800000,-8.609939,41.15901,33900000,1685746800000,34020000,147868,'-40018.87440000009,165648.7738000005'
'Avaria de telecomunicações','Rua de Santos Pousada','Cruzamento com a Rua do Moreira','MEO','Estreitamento',1685746800000,31500000,1685746800000,33300000,'Com policiamento',1685746800000,-8.599784,41.1533,31380000,1685746800000,31500000,147867,'-39169.911100000056,165010.8499999996'
'Outro motivo','Avenida de Fernão de Magalhães','Nºs 1137, 1169 e 1180','','Estreitamento',1685746800000,26100000,1685746800000,81900000,'Substituição de tampas de CI',1685746800000,-8.592754,41.15967,26340000,1685746800000,26460000,147866,'-38576.04140000048,165714.7345999995'
'Avaria de telecomunicações','Rua do Bonfim','Cruzamento com a Rua de António Carneiro','MEO','Estreitamento',1685746800000,25200000,1685746800000,27600000,'Com policiamento',1685746800000,-8.594161,41.1508,25500000,1685746800000,25680000,147865,'-38699.3459000001,164729.87219999958'
'Avaria de telecomunicações','Rua do Amial','Nº 926','MEO','Estreitamento',1685746800000,36000000,1685746800000,37800000,'Com policiamento',1685746800000,-8.613733,41.18102,36120000,1685746800000,36360000,147869,'-40323.73309999982,168095.37810000003'
'Outro motivo','Rua de Egas Moniz','Nº 152','','Estacionamento',1685746800000,36900000,1685746800000,81900000,'Desentulhar tomada',1685746800000,-8.618326,41.16258,36960000,1685746800000,37080000,147870,'-40720.62009999998,166050.0230999993'
'','Rua de D. Estevão da Gama','59','','Estreitamento',1685919600000,25200000,1685919600000,81900000,'Reparação de conduta',1685746800000,-8.653158,41.17003,720000,1685746800000,780000,147864,'-43639.09100000004,166894.40850000118'
'Avaria de telecomunicações','Rua do Amial','Nº 537','MEO','Ocupação do passeio',1685746800000,40500000,1685746800000,42300000,'',1685746800000,-8.614153,41.17755,40200000,1685746800000,40320000,147871,'-40361.181900000134,167710.1111999998'
'Outro motivo','Rua de S. Dinis','Nº106','','Ocupação do passeio',1685746800000,48600000,1685746800000,81900000,'',1685746800000,-8.623877,41.16735,48960000,1685746800000,49020000,147873,'-41183.5187999997,166581.4268999999'
'Avaria de telecomunicações','Rua das Condominhas','Nº370','','Ocupação do passeio',1685746800000,51300000,1685746800000,54900000,'',1685746800000,-8.650556,41.15087,51240000,1685746800000,51300000,147874,'-43433.3975999998,164765.1249000002'
'Avaria de telecomunicações','Rua do Infante D. Henrique','N~5','','Estreitamento',1685746800000,57600000,1685746800000,61200000,'',1685746800000,-8.613521,41.14137,57420000,1685746800000,57600000,147875,'-40330.34319999999,163691.37020000102'
'Reparação de coletor','Rua de Diogo Brandão','Nº 20','','Corte total',1685833200000,45900000,1685833200000,47700000,'Desobstrução de caixa de saneamento',1685833200000,-8.617705,41.14975,46020000,1685833200000,46140000,148663,'-40676.42599999997,164624.0261000003'
'Outro motivo','Avenida da Boavista','com Jorge Reinel','','Estreitamento',1685919600000,27900000,1685919600000,81900000,'Aluimento no passeio',1685919600000,-8.657074,41.16251,27840000,1685919600000,28080000,149064,'-43972.72539999982,166060.24290000068'
'Outro motivo','Rua de Timor','n.85','','Estreitamento',1685919600000,24300000,1685919600000,81900000,'Substituição de válvula de ramal no passeio',1685919600000,-8.686519,41.1662,24420000,1685919600000,24480000,149463,'-46441.480600000395,166486.30809999985'
'Incêndio urbano','Rua Direita do Viso','Nº 306','','Corte total',1685833200000,37800000,1685833200000,45000000,'Em restauração',1685833200000,-8.642883,41.17869,39240000,1685833200000,45540000,148662,'-42771.14099999981,167850.86119999882'
'Outro motivo','Rua Dr. Corino de Andrade','n.619','','Estreitamento',1685919600000,24300000,1685919600000,81900000,'Rua Doutor Corino de Andrade',1685919600000,-8.575729,41.17574,24600000,1685919600000,24660000,149464,'-37137.94670000016,167492.0874000003'
'Avaria de telecomunicações','Rua do Revilão','Nº 241','Groupfix','Ocupação do passeio',1685919600000,30840000,1685919600000,38040000,'Abrir CVP',1685919600000,-8.65748,41.17136,30780000,1685919600000,30840000,149467,'-44000.88019999952,167043.39150000058'
'Outro motivo','Rua do Moreira','n.302','','Estreitamento',1685919600000,27900000,1685919600000,81900000,'Aluimento no passeio',1685919600000,-8.599955,41.15329,27720000,1685919600000,27780000,149063,'-39184.281999999694,165009.63270000042'
'Outro motivo','Rua de S. Roque da Lameira','n.37','','Estreitamento',1685919600000,24300000,1685919600000,81900000,'rotura de conduta na faixa',1685919600000,-8.591702,41.15628,24240000,1685919600000,24300000,149462,'-38489.75470000038,165338.2396000012'
'Rotura de conduta','Rua da Beata D. Mafalda','Nº 218, Bloco 16','','Estacionamento',1685833200000,33300000,1685833200000,81900000,'',1685833200000,-8.576331,41.16621,33300000,1685833200000,33360000,148661,'-37193.88740000041,166433.59029999922'
'Outro motivo','Avenida do Brasil','n.472','','Estreitamento',1685919600000,24300000,1685919600000,81900000,'Substituição de válvula de ramal no passeio',1685919600000,-8.681187,41.15636,24120000,1685919600000,24180000,149461,'-46000.91930000023,165390.19180000093'
'Acidente rodoviário','Via de Cintura Interna','Nó da A3','','Estreitamento',1685833200000,64800000,1685833200000,70200000,'',1685833200000,-8.593679,41.17123,65040000,1685833200000,70080000,148664,'-38646.90060000025,166999.07569999987'
'Avaria de CCTV','','PMV01 - Avenida Associação Empresarial de Portugal (AEP)','','',1685919600000,22603000,'','',' Status warning PMV.c',1685919600000,-8.65116,41.17439,22603000,1685919600000,22603000,149061,'-43468.52359999996,167377.1613999991'
'Outro motivo','Avenida do Bessa','com a rua Primeiro de Janeiro','Soltrafego','Estreitamento',1685919600000,30600000,1685919600000,57600000,'Selagem de espiras na faixa Com acompanhamento Policial',1685919600000,-8.642768,41.16504,29460000,1685919600000,29640000,149065,'-42770.411899999715,166335.11060000025'
'Avaria de telecomunicações','Rua de Fernandes Tomás','Nº 900','Wondercom','Ocupação do passeio',1685919600000,31140000,1685919600000,38340000,'Abrir CVP',1685919600000,-8.609096,41.15053,31080000,1685919600000,31200000,149468,'-39953.271200000265,164706.94409999967'
'Aluimento','Rua da Beata D. Mafalda','Nº 218','','Estreitamento',1685919600000,34200000,1685919600000,81900000,'',1685919600000,-8.576396,41.16618,34200000,1685919600000,34320000,149861,'-37199.36660000032,166430.99259999956'
'Outro motivo','Rua de Pinto Bessa','n.471','','Estreitamento',1685919600000,31500000,1685919600000,81900000,'Inspeção vídio na faixa',1685919600000,-8.591391,41.15022,31380000,1685919600000,31440000,149068,'-38467.1913999999,164664.32570000098'
'Avaria elétrica','Rua de Fernão Vaz Dourado','74','','Ocupação do passeio',1685919600000,30600000,1685919600000,64800000,'',1685919600000,-8.663203,41.16078,31080000,1685919600000,31200000,149067,'-44488.380400000206,165872.15010000003'
'Avaria de telecomunicações','Rua de Paços de Ferreira','n.121','','Estreitamento',1685919600000,36900000,1685919600000,44100000,'Abertura de vala cerca de 1 metro no passeio para ligação de fibra',1685919600000,-8.659187,41.1654,36180000,1685919600000,36360000,150262,'-44148.12530000046,166382.5401000006'
'Avaria de telecomunicações','Avenida do Dr. Antunes Guimarães','38','','Ocupação do passeio',1685919600000,36000000,1685919600000,39600000,'',1685919600000,-8.662409,41.16397,36060000,1685919600000,36180000,150261,'-44419.52309999995,166225.36170000004'
'Avaria de telecomunicações','Rua da Cidade de Bristol','Nº 184','CME- Marco Oliveira','Estacionamento',1685919600000,38100000,1685919600000,41700000,'abrir CVP',1685919600000,-8.631554,41.17807,38100000,1685919600000,38220000,150661,'-41820.959900000096,167775.88280000014'
'Outro motivo','Praça da República','n,189','','Estreitamento',1685919600000,36900000,1685919600000,81900000,'reparação de CRL no passeio',1685919600000,-8.611946,41.15421,36720000,1685919600000,36780000,150263,'-40190.27070000022,165117.5401000004'
'Avaria de telecomunicações','Campo de Vinte e Quatro de Agosto','nº 206','VISABEIRA- Daniel Frias','Ocupação do passeio',1685919600000,51600000,1685919600000,56400000,'abrir CVP',1685919600000,-8.598702,41.14921,51720000,1685919600000,51840000,152666,'-39081.536799999885,164555.3397000005'
'Outro motivo','Rua de Cedofeita','Nº 305','','Estreitamento',1685919600000,48000000,1685919600000,81900000,'Instalação de Caudalimetro',1685919600000,-8.618219,41.15281,48000000,1685919600000,48060000,153062,'-40703.1232000003,164916.3225999995'
'Rotura de conduta','Rua do Bonjardim','Nº 645','','Ocupação do passeio',1685919600000,48000000,1685919600000,81900000,'',1685919600000,-8.607781,41.15402,47880000,1685919600000,48360000,153061,'-39840.75260000027,165093.8076000007'
'Avaria elétrica','Rua de Júlio Dinis','nº 517','','Ocupação do passeio',1685919600000,47640000,1685919600000,81900000,'baixa tensão',1685919600000,-8.626414,41.15324,47580000,1685919600000,47640000,152661,'-41408.40869999961,165029.93710000074'
'Outro motivo','Rua do Padrão','n.193','','Estreitamento',1685919600000,45000000,1685919600000,81900000,'Abertura de sonda no passeio',1685919600000,-8.678921,41.15712,45120000,1685919600000,45180000,152261,'-45810.11710000019,165473.94180000023'
'Avaria de telecomunicações','Rua de Cândida Sá de Albergaria','Nº 192','Wondercom','Ocupação do passeio',1685919600000,41400000,1685919600000,48600000,'abrir CVP',1685919600000,-8.676115,41.15385,41400000,1685919600000,41460000,151861,'-45576.861399999776,165108.70199999926'
'Outro motivo','Rua da Bouça','88','','Ocupação do passeio',1685919600000,54000000,1685919600000,81900000,'',1685919600000,-8.618419,41.16132,53940000,1685919600000,54000000,153063,'-40729.16060000004,165909.8364999996'
'Avaria de telecomunicações','Rua do Lidador','Nº 608','CME- Marco Oliveira','Estacionamento',1685919600000,48900000,1685919600000,52500000,'Abrir CVP',1685919600000,-8.660604,41.17489,48840000,1685919600000,48900000,152663,'-44260.64890000044,167437.1709999998'
'Outro motivo','Travessa da Fontinha','C/ Raul Dória','','Ocupação do passeio',1685919600000,39360000,1685919600000,81900000,'Verificar ramal aos 30',1685919600000,-8.605731,41.15526,39180000,1685919600000,39540000,151461,'-39667.90890000017,165230.47000000015'
'Outro motivo','Largo da Lapa','Nº 14','','Ocupação do passeio',1685919600000,48000000,1685919600000,81900000,'Desempenar Tomada',1685919600000,-8.612521,41.15728,47940000,1685919600000,48240000,152662,'-40236.62839999975,165458.30699999954'
'Avaria de telecomunicações','Rua das Antas','Nº 393','Groupfix- Pedro Azevedo','Estacionamento',1685919600000,48900000,1685919600000,48900000,'abrir cvp',1685919600000,-8.591751,41.16002,49320000,1685919600000,49380000,152664,'-38491.693500000016,165753.24789999987'
'Outro motivo','Rua do Duque de Saldanha','651','','Ocupação do passeio',1685919600000,55800000,1685919600000,81900000,'',1685919600000,-8.597881,41.14744,55380000,1685919600000,55440000,153065,'-39013.671699999875,164358.45490000007'
'Avaria de telecomunicações','Rua de Costa Cabral','1693','','Ocupação do passeio',1685919600000,54000000,1685919600000,55800000,'',1685919600000,-8.588481,41.17104,54180000,1685919600000,54240000,153064,'-38210.80510000028,166975.9889000001'
'Avaria de telecomunicações','Largo da Lapa','','','Estacionamento',1685919600000,53100000,1685919600000,55800000,'',1685919600000,-8.612612,41.15521,53460000,1685919600000,53520000,152667,'-40245.51939999963,165228.91819999905'
'Outro motivo','Rua de S. Dinis','Nº 97','','Estreitamento',1685919600000,39360000,1685919600000,81900000,'Verificar Ramal',1685919600000,-8.621926,41.16752,39240000,1685919600000,39360000,151464,'-41019.64240000027,166599.64880000066'
'Avaria elétrica','Rua de Paulo da Gama','420','','Ocupação do passeio',1685919600000,56700000,1685919600000,81900000,'',1685919600000,-8.657316,41.14813,57120000,1685919600000,57240000,153465,'-44002.71800000037,164463.81719999964'
'Outro motivo','Rua de Gonçalo Cristóvão','Nº14','','Estreitamento',1685919600000,39360000,1685919600000,81900000,'Verificar Ramal',1685919600000,-8.605366,41.1535,39240000,1685919600000,39420000,151463,'-39638.34209999996,165034.99190000028'
'Reparação de grelha / boca de lobo','Avenida do Bessa','C/ R. 1º janeiro','','Ocupação do passeio',1686006000000,28620000,1686006000000,81900000,'',1686006000000,-8.642832,41.16479,28560000,1686006000000,28620000,155075,'-42775.904699999795,166306.6193000004'
'Reparação de grelha / boca de lobo','Rua dos Anjos','612','','Estreitamento',1686006000000,-900000,1686006000000,81900000,'',1686006000000,-8.584341,41.17384,-780000,1686006000000,-720000,155068,'-37861.703099999606,167284.75489999898'
'Outro motivo','Rua de Contumil','660','','Ocupação do passeio',1685919600000,61200000,1685919600000,81900000,'',1685919600000,-8.583258,41.1684,61140000,1685919600000,61260000,153866,'-37773.981499999754,166679.93339999975'
'Aluimento','Rua de Guedes de Azevedo','216','','Ocupação do passeio',1686006000000,-900000,1686006000000,81900000,'',1686006000000,-8.607601,41.15253,-960000,1686006000000,-900000,155067,'-39826.58820000008,164927.99039999957'
'Aluimento','Rua do Almada','382','','Ocupação do passeio',1686006000000,-900000,1686006000000,81900000,'',1686006000000,-8.612065,41.15001,-1140000,1686006000000,-1080000,155066,'-40202.846400000104,164650.91080000106'
'Avaria de telecomunicações','Rua do Bonfim','320','','Ocupação do passeio',1685919600000,58500000,1685919600000,64800000,'',1685919600000,-8.595324,41.15019,58320000,1685919600000,58500000,153865,'-38797.33129999966,164662.55199999962'
'Outro motivo','Rua do Padrão','193','','Ocupação do passeio',1686006000000,-900000,1686006000000,81900000,'',1686006000000,-8.67896,41.15712,-720000,1686006000000,-660000,155069,'-45813.40739999975,165473.21029999995'
'Aluimento','Rua do Almada','556','','Estreitamento',1686006000000,-900000,1686006000000,81900000,'',1686006000000,-8.612012,41.15225,-1200000,1686006000000,-1140000,155065,'-40196.972699999795,164899.1846999991'
'Outro motivo','Rua de Cinco de Outubro','497','','Ocupação do passeio',1686006000000,-900000,1686006000000,81900000,'Retirar sifão',1686006000000,-8.633015,41.16255,-600000,1686006000000,-540000,155070,'-41953.489199999756,166052.75780000005'
'Avaria de CCTV','','PMV01 - Avenida Associação Empresarial de Portugal (AEP)','','',1686006000000,21795000,'','',' Status warning PMV.c',1686006000000,-8.65116,41.17439,21795000,1686006000000,21795000,155071,'-43468.52359999996,167377.1613999991'
'Avaria de telecomunicações','Rua da Azenha','232','Groupfix','Estacionamento',1685919600000,57600000,1685919600000,61200000,'',1685919600000,-8.612177,41.1814,57540000,1685919600000,57600000,153466,'-40193.00150000028,168137.2432000004'
'Avaria de telecomunicações','Rua de Fonseca Cardoso','Nº 131','Wondercom- Rita Margalho','Ocupação do passeio',1686006000000,30840000,1686006000000,43200000,'',1686006000000,-8.609262,41.15635,30720000,1686006000000,30840000,156266,'-39963.61000000033,165353.9861999992'
'Avaria de telecomunicações','Rua da Alegria','Com rua de Santo Ildefonso','','Estreitamento',1685919600000,68400000,1685919600000,81900000,'',1685919600000,-8.603825,41.14659,69120000,1685919600000,69300000,154665,'-39513.16640000044,164266.9606999998'
'Reparação de coletor','Rua de Santa Catarina','C/ travessa da Fontinha','','Estreitamento',1686006000000,27780000,1686006000000,81900000,'',1686006000000,-8.604712,41.15483,27720000,1686006000000,27780000,155074,'-39582.62009999999,165183.05870000052'
'Avaria de telecomunicações','Rua da Restauração','Nº1','Groupfix- Pedro Azevedo','Ocupação do passeio',1686006000000,27540000,1686006000000,31140000,'abrir cvp',1686006000000,-8.619228,41.14618,27480000,1686006000000,27540000,155073,'-40806.48869999965,164228.43109999964'
'Acidente rodoviário','Rua de Camões','Com a Rua de João das Regras','','Estreitamento',1685919600000,66000000,1685919600000,68400000,'',1685919600000,-8.610039,41.15519,67320000,1685919600000,67440000,154265,'-40029.54320000024,165225.28960000002'
'Outro motivo','Travessa do Monte de S. João','238','','Ocupação do passeio',1686006000000,26100000,1686006000000,81900000,'',1686006000000,-8.604086,41.16874,25860000,1686006000000,25920000,155072,'-39521.741600000234,166727.38499999995'
'Avaria de telecomunicações','Rua do Bonjardim','133','ONI/CME','Ocupação do passeio',1686006000000,28800000,1686006000000,32400000,'',1686006000000,-8.612883,41.14901,29220000,1686006000000,29280000,155865,'-40272.11899999999,164540.5084000008'
'Reparação de coletor','Rua de Antero de Quental','Rua do Capitão Pombeiro','','Estreitamento',1686006000000,29700000,1686006000000,81900000,'',1686006000000,-8.613104,41.15665,29400000,1686006000000,29520000,156265,'-40285.950099999965,165388.11859999943'
'Outro motivo','Rua do Bonjardim','Nº 645','','Ocupação do passeio',1686006000000,30600000,1686006000000,81900000,'Reparação de pavimento',1686006000000,-8.607778,41.15402,30420000,1686006000000,30540000,155866,'-39840.527400000065,165093.80629999936'
'Avaria de telecomunicações','Praça da República','210','Viosabeira','Ocupação do passeio',1686006000000,30600000,1686006000000,34200000,'',1686006000000,-8.611902,41.15513,30720000,1686006000000,30840000,156267,'-40185.989099999904,165218.74070000055'
'Reparação de grelha / boca de lobo','Rua de Tomás Ribeiro','41 e 49','','Estreitamento',1686006000000,-900000,1686006000000,81900000,'',1686006000000,-8.598834,41.16205,-900000,1686006000000,-840000,155466,'-39084.96989999995,165981.34840000045'
'Outro motivo','Rua da Firmeza','C/ R. da Alegria','PM/PSP/INEM','Corte total',1686006000000,30000000,1686006000000,32400000,'',1686006000000,-8.60426,41.15095,31020000,1686006000000,31080000,155867,'-39547.02130000016,164751.6744999995'
'Aluimento','Rua do Monte Alegre','235','','Ocupação do passeio',1686006000000,-900000,1686006000000,81900000,'',1686006000000,-8.617114,41.16511,-1020000,1686006000000,-1020000,155465,'-40617.314500000364,166330.22249999893'
'Outro motivo','Rua de D. Estevão da Gama','59 e 89','','Estreitamento',1686006000000,-900000,1686006000000,81900000,'Reparação de conduta',1686006000000,-8.653334,41.17034,-540000,1686006000000,-420000,155467,'-43653.643599999996,166928.10669999965'
'Aluimento','Rua de Contumil','705','','Estreitamento',1679011200000,33300000,1679011200000,81900000,'',1679011200000,-8.583797,41.16839,33480000,1679011200000,33540000,84800,'-37819.23940000025,166679.65839999955'
'Avaria de telecomunicações','Rua da Alegria','n.29','Groupfix','Estreitamento',1686006000000,26100000,1686006000000,33300000,'CVP em zona de estacionamento',1686006000000,-8.603881,41.14695,25920000,1686006000000,26040000,155468,'-39517.60510000029,164306.99550000005'
'Avaria de CCTV','','PSP016 - Rua Bonjardim / Rua Sá da Bandeira','','',1686006000000,31819000,'','',' Colocação de maciço e poste ',1686006000000,-8.609746,41.146727,31819000,1686006000000,31819000,156268,'-40010.148299999404,164284.98489999914'
'Avaria de telecomunicações','Rua de D. Manuel II','Cruzamento com a Rua de Júlio Dinis','MEO','Estreitamento',1686006000000,47700000,1686006000000,48600000,'',1686006000000,-8.625474,41.14864,47760000,1686006000000,47880000,157068,'-41329.3564999998,164504.3022000011'
'Outro motivo','Avenida dos Aliados','170','','Ocupação do passeio',1686006000000,31500000,1686006000000,81900000,'',1686006000000,-8.610561,41.14848,31740000,1686006000000,31800000,155868,'-40077.49700000038,164479.82520000075'
'Reparação de grelha / boca de lobo','Rua da Constituição','C/ Rua de Limpopo','','Ocupação do passeio',1686006000000,36240000,1686006000000,81900000,'',1686006000000,-8.619848,41.16386,36180000,1686006000000,36240000,156274,'-40847.51130000041,166192.69119999866'
'Reparação de grelha / boca de lobo','Rua de João Ramalho','Nº 229','','Ocupação do passeio',1686006000000,35100000,1686006000000,81900000,'',1686006000000,-8.595406,41.16158,35100000,1686006000000,35220000,155871,'-38797.47059999963,165928.20219999927'
'Avaria de telecomunicações','Rua de Sá da Bandeira','124','CME','Ocupação do passeio',1686006000000,35100000,1686006000000,40500000,'',1686006000000,-8.608763,41.14706,35460000,1686006000000,35580000,155872,'-39927.395600000375,164321.07989999972'
'Avaria de telecomunicações','Rua de Passos Manuel','14','','Ocupação do passeio',1686006000000,35100000,1686006000000,42300000,'',1686006000000,-8.608259,41.14737,35220000,1686006000000,35340000,156272,'-39884.88589999999,164355.81259999942'
'Avaria de telecomunicações','Avenida do Dr. Antunes Guimarães','Nº 38','Groupfix- Mário Rodrigues','Estacionamento',1686006000000,35820000,1686006000000,54000000,'Abrir CVP',1686006000000,-8.662694,41.16402,35760000,1686006000000,47700000,156273,'-44443.38879999982,166231.80939999997'
'Avaria elétrica','Rua da Bandeirinha','Nº 62','','Ocupação do passeio',1686006000000,50400000,1686006000000,81900000,'Baixa tensão',1686006000000,-8.620688,41.14542,50520000,1686006000000,50580000,157869,'-40929.54509999978,164145.40699999972'
'Avaria elétrica','Rua da Formiga','316','','Ocupação do passeio',1686006000000,35100000,1686006000000,57600000,'',1686006000000,-8.588706,41.14682,35040000,1686006000000,35220000,156271,'-38243.809700000165,164286.28190000032'
'Avaria de telecomunicações','Rua de Sá da Bandeira','Nº 375','MEO','Ocupação do passeio',1686006000000,49500000,1686006000000,53100000,'',1686006000000,-8.607526,41.14953,49200000,1686006000000,49620000,157468,'-39822.08770000002,164595.50630000036'
'Avaria elétrica','Praceta de Eduardo Soares','Nº 60','','Ocupação do passeio',1686006000000,37500000,1686006000000,81900000,'Abrir Buraco Iluminação Publica',1686006000000,-8.662851,41.1751,37380000,1686006000000,37440000,156275,'-44449.09460000038,167461.721000001'
'Avaria de CCTV','','PSP018 - Rua de José Falcão / Rua de Santa Teresa ','','',1686006000000,45889000,'','',' Colocação de maciço, poste par a CV e ligação á caixa',1686006000000,-8.614441,41.147865,45889000,1686006000000,45889000,156668,'-40403.59360000021,164413.5457999999'
'Outro motivo','Largo da Lapa','Nº 13','','Ocupação do passeio',1686006000000,34500000,1686006000000,81900000,'reparação de pavimento',1686006000000,-8.612389,41.15763,34380000,1686006000000,34500000,156270,'-40225.366999999795,165497.26679999928'
'Avaria de telecomunicações','Rua do Padre Luís Cabral','Nº 1006','Groupfix Agostinho','Estreitamento',1686006000000,33300000,1686006000000,33300000,'substituir a tampa em aluimento',1686006000000,-8.672544,41.15004,33180000,1686006000000,33480000,156269,'-45279.74299999977,164683.51970000064'
'Acidente rodoviário','Avenida da Associação Empresarial de Portugal','','','Estreitamento',1686006000000,31200000,1686006000000,34200000,'Embate entre um pesado e uma viatura ligeira',1686006000000,-8.648881,41.17255,32220000,1686006000000,32340000,155869,'-43278.526600000485,167171.30729999955'
'Avaria elétrica','Rua do Teatro','210A','','Ocupação do passeio',1686006000000,35100000,1686006000000,57600000,'',1686006000000,-8.677129,41.15379,34980000,1686006000000,35400000,155870,'-45662.04360000046,165102.1498000006'
'Avaria de telecomunicações','Rua do Dr. Carlos Passos','Frente ao Bloco 6 - jardim','Altice','Ocupação do passeio',1686006000000,49500000,1686006000000,53100000,'',1686006000000,-8.596738,41.15469,49380000,1686006000000,49560000,157868,'-38913.421599999936,165163.0129000002'
'Avaria elétrica','Rua do Almada','Nº 559','','Ocupação do passeio',1686006000000,50640000,1686006000000,81900000,'Baixa Tensão',1686006000000,-8.61204,41.15222,50460000,1686006000000,50640000,157469,'-40199.37970000039,164896.52920000095'
'Avaria de telecomunicações','Rua de Passos Manuel','Nº 8','Wondercom','Ocupação do passeio',1686006000000,50400000,1686006000000,57600000,'',1686006000000,-8.608419,41.14734,50880000,1686006000000,51600000,157870,'-39898.37829999981,164352.7230999989'
'Outro motivo','Avenida de Fernão de Magalhães','10','','Ocupação do passeio',1686092400000,-1800000,1686092400000,81900000,'Reparar CI',1686092400000,-8.5981,41.15023,-1440000,1686092400000,-1380000,160269,'-39030.35610000044,164668.9008000005'
'Outro motivo','Campo de Vinte e Quatro de Agosto','28','','Estreitamento',1686092400000,-1800000,1686092400000,81900000,'Substituição de tampa',1686092400000,-8.598878,41.14893,-1740000,1686092400000,-1740000,159870,'-39096.456799999745,164524.73939999953'
'Outro motivo','Campo de Vinte e Quatro de Agosto','216','','Estreitamento',1686092400000,-1800000,1686092400000,81900000,'substituir CI',1686092400000,-8.598629,41.1489,-1860000,1686092400000,-1800000,159869,'-39075.533300000214,164521.4867000004'
'Rotura de conduta','Rua de Jorge Viterbo Ferreira','Frente à faculdade','','Ocupação do passeio',1686006000000,57600000,1686006000000,81900000,'',1686006000000,-8.624562,41.14759,57480000,1686006000000,57600000,159068,'-41253.42239999958,164387.77340000065'
'Outro motivo','Rua de D. Estevão da Gama','59 a 89','','Estreitamento',1686092400000,-1800000,1686092400000,81900000,'Reparação de conduta',1686092400000,-8.653302,41.17035,-1140000,1686092400000,-1080000,160271,'-43650.934500000374,166929.43590000045'
'Outro motivo','Rua de Gondarém','603','','Estreitamento',1686092400000,-1800000,1686092400000,81900000,'Substituição CI',1686092400000,-8.681459,41.1581,-1920000,1686092400000,-1680000,159868,'-46022.509700000235,165583.20560000095'
'Avaria de telecomunicações','Rua da Alegria','Com a Rua Santo Ildefonso','','Estreitamento',1686006000000,72000000,1686006000000,81900000,'',1686006000000,-8.603818,41.1466,72000000,1686006000000,72060000,159469,'-39512.53160000027,164268.0700000002'
'Outro motivo','Travessa da Fonte do Outeiro','Junto ao Fontanário','','Estreitamento',1686092400000,-1800000,1686092400000,81900000,'Reparação de ramal',1686092400000,-8.592828,41.17455,-1260000,1686092400000,-1200000,159872,'-38573.51559999961,167367.16159999918'
'Avaria de telecomunicações','Praça do General Humberto Delgado','263','','Ocupação do passeio',1686006000000,56700000,1686006000000,60300000,'',1686006000000,-8.611448,41.14938,56940000,1686006000000,57000000,158668,'-40151.373900000035,164580.8158999994'
'Avaria de telecomunicações','Rua do Engenheiro Carlos Amarante','47','Wondercom','Ocupação do passeio',1686006000000,61200000,1686006000000,64800000,'',1686006000000,-8.614498,41.17566,61620000,1686006000000,61740000,159468,'-40391.2604999998,167500.28449999966'
'Outro motivo','Rua do Padrão','193','','Ocupação do passeio',1686092400000,-1800000,1686092400000,81900000,'Abrir sonda',1686092400000,-8.678989,41.15712,-1620000,1686092400000,-1560000,159871,'-45815.84300000031,165473.57020000028'
'Avaria de telecomunicações','Rua de Carlos Malheiro Dias','Nº 48','PDT','Ocupação do passeio',1686006000000,53100000,1686006000000,54900000,'',1686006000000,-8.594034,41.16063,53280000,1686006000000,53400000,158268,'-38682.952499999636,165821.94200000024'
'Reparação de grelha / boca de lobo','Rua de João Ramalho','229','','Estacionamento',1686092400000,-1800000,1686092400000,81900000,'',1686092400000,-8.59546,41.16155,-1320000,1686092400000,-1260000,160270,'-38802.02060000054,165924.58159999936'
'Avaria de telecomunicações','Rua do Almada','Nº 267','Groupfix-Pedro Azevedo','Ocupação do passeio',1686092400000,27360000,1686092400000,34560000,'Abrir CVP',1686092400000,-8.612138,41.14899,27240000,1686092400000,27420000,160668,'-40209.59729999952,164536.95669999992'
'Outro motivo','Rua de Cinco de Outubro','497','','Ocupação do passeio',1686092400000,-1800000,1686092400000,81900000,'Reparar crl',1686092400000,-8.633015,41.16255,-1560000,1686092400000,-1500000,160268,'-41953.489199999756,166052.75780000005'
'Outro motivo','Rua de Pinto Bessa','Com rua da Estação (na rotunda)','','Estreitamento',1686092400000,28800000,1686092400000,43200000,'Inspeção de coletores; Com acompanhamento policial',1686092400000,-8.586315,41.14883,-1080000,1686092400000,-1020000,160272,'-38041.87409999961,164508.09679999918'
'Avaria de telecomunicações','Praça do General Humberto Delgado','267','','Ocupação do passeio',1686092400000,26580000,1686092400000,34200000,'',1686092400000,-8.611365,41.14942,26520000,1686092400000,26640000,160273,'-40144.451500000396,164584.35759999978'
'Outro motivo','Avenida dos Aliados','Nº 170','','Ocupação do passeio',1686092400000,28500000,1686092400000,81900000,'Reparação de Ramal',1686092400000,-8.611242,41.14853,28440000,1686092400000,28500000,160670,'-40134.656999999694,164485.97220000008'
'Reparação de válvula','Rua da Nau Vitória','Nº 921','','Ocupação do passeio',1686092400000,28560000,1686092400000,81900000,'',1686092400000,-8.57979,41.17444,28440000,1686092400000,28560000,160669,'-37479.47639999996,167349.37150000015'
'Reparação de válvula','Rua de Antero de Quental','766','','Estreitamento',1686092400000,30300000,1686092400000,81900000,'s/ policiamento',1686092400000,-8.610955,41.16508,30240000,1686092400000,30420000,161068,'-40100.42420000023,166324.2553000003'
'Outro motivo','Avenida da Boavista','R. Beato Inácio de Azevedo','','Ocupação do passeio',1686092400000,30600000,1686092400000,81900000,'Avaria poste de baixa tensão',1686092400000,-8.649956,41.16178,30780000,1686092400000,30900000,161069,'-43375.796299999616,165976.31959999917'
'Outro motivo','Rua de Espinho','19','','Ocupação do passeio',1686092400000,30600000,1686092400000,81900000,'Avaria poste de baixa tensão',1686092400000,-8.653768,41.15086,30960000,1686092400000,31080000,161070,'-43703.050999999956,164765.26170000093'
'Outro motivo','Rua de Sá Noronha','25','','Ocupação do passeio',1686092400000,30600000,1686092400000,81900000,'Avaria poste de baixa tensão',1686092400000,-8.615182,41.14809,31140000,1686092400000,31200000,161071,'-40465.67169999991,164438.4608999998'
'Avaria elétrica','Rua do Amial','Nº 1229','','Ocupação do passeio',1686092400000,34980000,1686092400000,81900000,'Baixa tensão',1686092400000,-8.61339,41.18371,34920000,1686092400000,35040000,161468,'-40293.294800000265,168393.88880000054'
'Avaria de telecomunicações','Rua de Alferes Malheiro','n.97','','Estreitamento',1686092400000,32400000,1686092400000,39600000,'CVP na via com policiamento',1686092400000,-8.610392,41.15198,32100000,1686092400000,32220000,160672,'-40061.207899999754,164869.1942999992'
'Rotura de conduta','Rua Particular Diamantina','14','','Ocupação do passeio',1686092400000,47100000,1686092400000,81900000,'',1686092400000,-8.575254,41.17956,47340000,1686092400000,47880000,162668,'-37095.987599999644,167915.94360000096'
'Avaria de telecomunicações','Rua de Passos Manuel','8','Wondercom','Ocupação do passeio',1686092400000,45000000,1686092400000,52200000,'',1686092400000,-8.608483,41.14731,44880000,1686092400000,44880000,162268,'-39903.80200000016,164349.16369999992'
'Avaria de telecomunicações','Rua de Fernandes Tomás','900','Wondercom','Ocupação do passeio',1686092400000,31500000,1686092400000,38700000,'',1686092400000,-8.609078,41.15058,31380000,1686092400000,31440000,160671,'-39951.69369999973,164712.96699999954'
'Avaria de telecomunicações','Rua das Flores','Nº 275','Groupfix- Vitor Portela','Ocupação do passeio',1686092400000,36000000,1686092400000,39600000,'abrir CVP',1686092400000,-8.611901,41.14484,35940000,1686092400000,36000000,161868,'-40192.24739999979,164076.161699999'
'Avaria de telecomunicações','Rua de Sá da Bandeira','Nº 94','WONDERCOM','Ocupação do passeio',1686092400000,49140000,1686092400000,56340000,'abrir cvp',1686092400000,-8.608976,41.14688,49140000,1686092400000,49200000,162669,'-39945.383200000004,164301.55390000026'
'Outro motivo','Rua de Gondarém','Nº 1355','','Ocupação do passeio',1686092400000,49500000,1686092400000,81900000,'Reparação de boca de incêndio',1686092400000,-8.684785,41.16363,49140000,1686092400000,49260000,163069,'-46297.76090000013,166199.34579999893'
'Outro motivo','Rua do Arco de Noeda','34','','Estreitamento',1686265200000,27000000,1686265200000,81900000,'Rutura de conduta',1686265200000,-8.583851,41.14686,26700000,1686265200000,26940000,165471,'-37836.173899999885,164287.826300001'
'Outro motivo','Rua da Pasteleira','Com Bairro Nuno Pinheiro Torres','','Ocupação do passeio',1686265200000,-3600000,1686265200000,81900000,'Reparar CI',1686178800000,-8.654166,41.15352,-420000,1686178800000,-360000,164673,'-43734.66990000004,165060.53189999977'
'Outro motivo','Rua de D. Estevão da Gama','59 a 89','','Estreitamento',1686265200000,-3600000,1686265200000,81900000,'Reparação de conduta',1686178800000,-8.653304,41.17033,-180000,1686178800000,-120000,165070,'-43651.174299999904,166926.97069999928'
'Outro motivo','Rua do Padrão','193','','Ocupação do passeio',1686265200000,-3600000,1686265200000,81900000,'Abrir sonda',1686178800000,-8.67897,41.15712,-240000,1686178800000,-180000,164675,'-45814.309299999906,165472.99169999958'
'Acidente rodoviário','Via de Cintura Interna','','','Estreitamento',1686092400000,62100000,1686092400000,64800000,'',1686092400000,-8.632091,41.17191,62520000,1686092400000,62520000,163870,'-41869.91150000032,167091.80890000102'
'Outro motivo','Rua de Rodolfo de Araújo','201','','Estreitamento',1686092400000,63600000,1686092400000,81900000,'Desentulhar tomada',1686092400000,-8.600787,41.15054,63600000,1686092400000,63720000,164270,'-39255.75000000004,164704.5571'
'Anomalia de sinalização luminosa','Rua de Sá da Bandeira','Rua Sá Bandeira / Rua Passos Manuel / Praça D. João I','SolTráfego','Estreitamento',1686092400000,57600000,1686092400000,59400000,'',1686092400000,-8.608586,41.14741,57660000,1686092400000,57960000,163470,'-39912.34860000016,164360.00640000068'
'Avaria de telecomunicações','Avenida da Boavista','Nº 4691','Visabeira','Estreitamento',1686092400000,55800000,1686092400000,57600000,'',1686092400000,-8.678378,41.16611,55860000,1686092400000,55980000,163071,'-45758.313699999744,166471.12800000102'
'Avaria de telecomunicações','Rua do Pinheiro Manso','Com Rua Mota Pinto','','Estreitamento',1686092400000,74700000,1686092400000,78300000,'',1686092400000,-8.651196,41.16654,74940000,1686092400000,75000000,163871,'-43476.71540000009,166505.15829999925'
'Aluimento','Rua de Contumil','660','','Estreitamento',1686265200000,-3600000,1686265200000,81900000,'',1686178800000,-8.583271,41.16838,-660000,1686178800000,-600000,164670,'-37775.118599999696,166677.69679999966'
'Avaria de telecomunicações','Rua da Lapa','65','Altice','Estacionamento',1686092400000,50400000,1686092400000,57600000,'',1686092400000,-8.613419,41.15817,50400000,1686092400000,50520000,162671,'-40311.47209999988,165557.19060000032'
'Avaria de CCTV','','PSP002 - Rua de Santa Catarina / Rua Da Escola Normal','','',1686092400000,54049000,'','','Instalação da CV e passagem de cabos ',1686092400000,-8.604621,41.154841,54049000,1686092400000,54049000,163070,'-39575.004300000175,165183.76490000085'
'Avaria de CCTV','','PMV06 - Rua dos Luzares / Alameda das Antas','','',1686178800000,42360000,'','',' Desconectado ',1686178800000,-8.58837,41.1635,42360000,1686178800000,42360000,164676,'-38205.84420000021,166138.1377000008'
'Outro motivo','Rua da Lomba','74','','Estreitamento',1686265200000,-3600000,1686265200000,81900000,'Reparar CRL',1686178800000,-8.590455,41.14826,-600000,1686178800000,-540000,164671,'-38389.75179999975,164446.74650000047'
'Avaria de telecomunicações','Rua de João das Regras','R. Dr. ALfredo Magalhães','Visabeira','Ocupação do passeio',1686092400000,49200000,1686092400000,52800000,'',1686092400000,-8.609196,41.1552,49200000,1686092400000,49380000,162670,'-39958.81979999954,165225.56589999952'
'Reparação de grelha / boca de lobo','Rua da Lomba','179','','Estreitamento',1686265200000,-3600000,1686265200000,81900000,'',1686178800000,-8.58986,41.14973,-360000,1686178800000,-300000,164674,'-38338.91280000001,164609.58109999992'
'Outro motivo','Rua de Diogo Brandão','29','','Ocupação do passeio',1686265200000,-3600000,1686265200000,81900000,'Reparar CRL',1686178800000,-8.617654,41.14974,-540000,1686178800000,-480000,164672,'-40672.15419999981,164622.88069999972'
'Outro motivo','Rua de Meixomil','205','','Ocupação do passeio',1686265200000,26580000,1686265200000,81900000,'Passar broca',1686265200000,-8.670219,41.16758,26460000,1686265200000,26640000,165470,'-45072.55570000031,166630.49450000038'
'Outro motivo','Rua de Rodrigues Sampaio','149','','Ocupação do passeio',1686265200000,27000000,1686265200000,81900000,'Aluimento',1686265200000,-8.609809,41.14862,27000000,1686265200000,27180000,165870,'-40014.29939999995,164494.7974999999'
'Outro motivo','Rua Central de Francos','nº 56','','Estreitamento',1686265200000,27240000,1686265200000,81900000,'Endireitar tomada',1686265200000,-8.634827,41.16766,27180000,1686265200000,27240000,165472,'-42102.265200000315,166621.70470000015'
'Acidente rodoviário','Avenida da Associação Empresarial de Portugal','','PSP/ INEM','Estreitamento',1686265200000,26700000,1686265200000,34200000,'Embate entre 1 pesado e 2 ligeiros',1686265200000,-8.647444,41.1714,30180000,1686265200000,30240000,165871,'-43158.63939999979,167042.77910000097'
'Avaria elétrica','Rua de Pedro Homem de Mello','Nº 280','','Ocupação do passeio',1686265200000,27660000,1686265200000,81900000,'Media Tensão',1686265200000,-8.667745,41.16334,27600000,1686265200000,27660000,165473,'-44867.774299999684,166158.23020000002'
'Outro motivo','Rua de D. Manuel II','Rua Júlio Dinis','PDT Rui Silva','Estreitamento',1686265200000,35100000,1686265200000,81900000,'Reparação de avaria',1686265200000,-8.625201,41.14858,34740000,1686265200000,35100000,166271,'-41306.42399999963,164498.11559999915'
'Acidente rodoviário','Via de Cintura Interna','C/ N14','IP/PSP','Estreitamento',1686265200000,33900000,1686265200000,36900000,'Despiste viatura',1686265200000,-8.622412,41.17524,36660000,1686265200000,36960000,166671,'-41055.60209999974,167457.24049999958'
'Outro motivo','Rua da Piedade','88','PDT-Rui Silva','Estreitamento',1686265200000,40500000,1686265200000,42300000,'Reparação de Avaria- com policiamento',1686265200000,-8.627526,41.15193,40020000,1686265200000,40380000,167871,'-41499.50150000021,164870.74909999906'
'Acidente rodoviário','Via de Cintura Interna','Saída para N14','IP','Estreitamento',1686265200000,33720000,1686265200000,36300000,'Despiste de viatura',1686265200000,-8.622144,41.17343,36480000,1686265200000,36660000,166670,'-41034.22659999965,167256.21189999892'
'Avaria de telecomunicações','Rua de D. João IV','Nº 910','Wondercom - Rita Margalho','Ocupação do passeio',1686265200000,46560000,1686265200000,53760000,'Abrir CVP',1686265200000,-8.602531,41.15468,46440000,1686265200000,46560000,167872,'-39399.67179999961,165164.55370000005'
'Reparação de grelha / boca de lobo','Rua do Ouro','c/ Rua da mocidade','','Estreitamento',1686265200000,39000000,1686265200000,81900000,'',1686265200000,-8.63753,41.14847,39300000,1686265200000,39480000,167870,'-42341.524099999864,164491.45619999917'
'Avaria de telecomunicações','Rua da Senhora da Lapa','Nº 70','Altice- Fábio Ribeiro','Estacionamento',1686265200000,36780000,1686265200000,40380000,'',1686265200000,-8.613474,41.15755,36720000,1686265200000,36840000,166672,'-40316.47040000012,165488.23150000031'
'Outro motivo','Rua de Rodolfo de Araújo','201','','Estreitamento',1686265200000,39300000,1686265200000,81900000,'Reparação de faixa',1686265200000,-8.600759,41.15052,39060000,1686265200000,39300000,167470,'-39253.400899999746,164701.74229999952'
'Outro motivo','Rua da Senhora da Luz','290','Altice- Luis Santos','Ocupação do passeio',1686265200000,39600000,1686265200000,81900000,'Reparação junta de fibra',1686265200000,-8.676945,41.15158,39720000,1686265200000,39900000,167471,'-45648.19089999987,164856.62729999996'
'Reparação de válvula','Rua Carlos Graça','Nº 91','','Estreitamento',1686265200000,46020000,1686265200000,81900000,'',1686265200000,-8.590896,41.15843,45960000,1686265200000,46140000,167472,'-38420.790099999926,165576.04719999936'
'Outro motivo','Rua de Cedofeita','Nº 171','','Ocupação do passeio',1686265200000,34200000,1686265200000,81900000,'Reparação CRL',1686265200000,-8.617124,41.15061,34200000,1686265200000,34260000,166270,'-40627.09889999978,164720.09359999932'
'Reparação de válvula','Rua de Santo António de Contumil','Nº 490','','Estreitamento',1686265200000,45900000,1686265200000,81900000,'',1686265200000,-8.581652,41.17271,46020000,1686265200000,46080000,167473,'-37636.69489999953,167158.1775999996'
'Avaria de telecomunicações','Rua de Carlos Malheiro Dias','Nº 48','PDT-António Fonseca','Ocupação do passeio',1686265200000,51000000,1686265200000,52800000,'Abrir CVP',1686265200000,-8.594131,41.1606,51000000,1686265200000,51060000,168272,'-38691.076000000285,165818.39680000034'
'Avaria de telecomunicações','Avenida de Fernão de Magalhães','1382','PDT','Ocupação do passeio',1686265200000,53100000,1686265200000,55800000,'',1686265200000,-8.59153,41.16153,53160000,1686265200000,53220000,168273,'-38472.24760000037,165920.93669999982'
'Outro motivo','Rua do Bonfim','628','','Ocupação do passeio',1686265200000,53100000,1686265200000,81900000,'Verificação de ramal aos 30',1686265200000,-8.591102,41.15373,53280000,1686265200000,53460000,168673,'-38440.883000000395,165053.9284000002'
'Avaria de telecomunicações','Rua de Manuel Pinto de Azevedo','Nº 4','BYSAT-COOLT','Ocupação do passeio',1686524400000,29700000,1686524400000,31500000,'abrir CVP',1686524400000,-8.643898,41.17044,29640000,1686524400000,29760000,170278,'-42861.75289999967,166935.20299999966'
'Avaria de telecomunicações','Rua da Prelada','Nº 111','Wondercom','Estreitamento',1686524400000,32400000,1686524400000,39600000,'Abrir CVP c/ policiamento',1686524400000,-8.626087,41.16696,28560000,1686524400000,28680000,170277,'-41369.18499999961,166539.20930000045'
'Outro motivo','Travessa da Natária','39','','Ocupação do passeio',1686351600000,47160000,1686351600000,81900000,'Rutura de ramal',1686351600000,-8.624628,41.16721,47040000,1686351600000,47160000,169075,'-41246.59429999997,166567.2592999998'
'Outro motivo','Rua de Pinto Bessa','229','','Ocupação do passeio',1686351600000,34200000,1686351600000,81900000,'Abertura de buraco',1686351600000,-8.588692,41.1495,34680000,1686351600000,34740000,169473,'-38241.073099999674,164583.57349999997'
'Avaria de telecomunicações','Rua das Tílias','46','','Ocupação do passeio',1686524400000,31020000,1686524400000,41400000,'',1686524400000,-8.656753,41.17208,30960000,1686524400000,31020000,170280,'-43939.44429999961,167123.02220000056'
'Aluimento','Rua de Paredes','46','','Estreitamento',1686524400000,25200000,1686524400000,81900000,'',1686524400000,-8.661249,41.16418,-2880000,1686524400000,-2820000,170273,'-44322.046799999705,166248.24329999968'
'Avaria elétrica','Rua de Alexandre Herculano','71','','Ocupação do passeio',1686697200000,31260000,1686697200000,39600000,'',1686697200000,-8.602835,41.14326,31200000,1686697200000,31320000,182288,'-39432.07710000039,163896.29039999977'
'Outro motivo','Rua do Bolhão','149','','Ocupação do passeio',1686351600000,28800000,1686351600000,81900000,'Rutura de conduta',1686351600000,-8.607253,41.15163,28740000,1686351600000,28860000,169074,'-39797.86359999984,164828.70060000016'
'Outro motivo','Avenida de Vasco da Gama','21','','Ocupação do passeio',1686438000000,30000000,1686438000000,81900000,'Rutura de conduta',1686438000000,-8.65621,41.17067,29940000,1686438000000,30000000,169874,'-43894.82529999964,166966.61430000007'
'Outro motivo','Rua de António Borges','160','','Ocupação do passeio',1686524400000,25200000,1686524400000,81900000,'Substituição de tampa em CRL',1686524400000,-8.589442,41.17324,-2460000,1686524400000,-2400000,170274,'-38290.13970000018,167220.4254999998'
'Outro motivo','Praceta Bernarda Ferreira Lacerda','32','','Estacionamento',1686351600000,27000000,1686351600000,81900000,'Rutura de conduta',1686351600000,-8.585165,41.17937,26940000,1686351600000,27060000,169073,'-37927.68109999972,167898.7799999991'
'Incêndio urbano','Rua da Estação','48','','Estreitamento',1629500400000,69000000,1629500400000,72900000,'',1629500400000,-8.586179,41.14827,70980000,1629500400000,73320000,3618,'-38030.81049999964,164445.85139999958'
'Avaria de telecomunicações','Rua de Camões','153 C/ R. João das Regras','Visabeira','Estreitamento',1686524400000,32400000,1686524400000,36000000,'C/ policiamento',1686524400000,-8.609973,41.1551,30300000,1686524400000,30900000,170279,'-40024.10099999983,165215.2532000001'
'Outro motivo','Rua da Senhora da Luz','219','','Estreitamento',1686524400000,25200000,1686524400000,81900000,'Substituição de tampa de CI',1686524400000,-8.676543,41.15102,-2340000,1686524400000,-2280000,170275,'-45614.80370000011,164794.7331000008'
'Outro motivo','Rua da Lomba','74','','Estreitamento',1686524400000,25200000,1686524400000,81900000,'',1686524400000,-8.590443,41.14826,-1920000,1686524400000,-1860000,170276,'-38388.75549999988,164446.85290000064'
'Outro motivo','Rua do Padrão','com a rua de Gondarém','','Estreitamento',1686524400000,26100000,1686524400000,81900000,'Substituição de válvula de conduta no passeio',1686524400000,-8.68009,41.15648,25920000,1686524400000,26040000,170676,'-45908.72929999974,165402.7907999997'
'Avaria de telecomunicações','Rua de Faria Guimarães','Nº 1107','Groupfix- Pedro Azevedo','Ocupação do passeio',1686524400000,27600000,1686524400000,38400000,'Abrir CVP',1686524400000,-8.606509,41.16704,27540000,1686524400000,27600000,170677,'-39726.057900000415,166539.21429999877'
'Outro motivo','Rua de D. Estevão da Gama','Entre o n.º 59 e 89','','Estreitamento',1686524400000,25200000,1686524400000,81900000,'Reparação de conduta .',1686524400000,-8.653393,41.17034,-1740000,1686524400000,-1620000,170675,'-43658.59020000045,166929.03339999914'
'Outro motivo','Rua de Ruben A','101','','Estreitamento',1686524400000,25200000,1686524400000,81900000,'Construção de sumidouro',1686524400000,-8.643771,41.15544,-2640000,1686524400000,-2520000,170674,'-42860.84659999979,165269.1994000007'
'Reparação de grelha / boca de lobo','Rua de Antero de Quental','Nº 445','','Ocupação do passeio',1686524400000,29220000,1686524400000,81900000,'',1686524400000,-8.611273,41.16209,29160000,1686524400000,29220000,170679,'-40128.91770000011,165992.0185000003'
'Aluimento','Rua da Prelada','Nº 111','Wondercom','Ocupação do passeio',1686524400000,28800000,1686524400000,36000000,'abrir CVP',1686524400000,-8.626194,41.16696,28740000,1686524400000,28800000,170678,'-41360.63619999957,166538.26369999922'
'Acidente rodoviário','Via de Cintura Interna','Acesso a Paranhos','IP','Estreitamento',1686524400000,30600000,1686524400000,34200000,'',1686524400000,-8.60565,41.17197,31980000,1686524400000,31980000,171074,'-39660.45519999971,167092.3904999997'
'Aluimento','Rua de Pero da Covilhã','Com a Rua de Gondarém','','Ocupação do passeio',1686524400000,25200000,1686524400000,81900000,'',1686524400000,-8.68536,41.16488,-2820000,1686524400000,-2700000,170673,'-46345.14049999978,166339.00390000085'
'Reparação de grelha / boca de lobo','Rua do Padre António Vieira','Nº 152','','Ocupação do passeio',1686524400000,38700000,1686524400000,81900000,'',1686524400000,-8.588449,41.14856,38820000,1686524400000,38880000,173074,'-38221.14450000043,164479.24609999894'
'Outro motivo','Largo do Adro','nº4','','Ocupação do passeio',1686524400000,38640000,1686524400000,81900000,'Verif. Ramal aos 30',1686524400000,-8.630349,41.14613,38580000,1686524400000,38640000,173073,'-41740.15799999981,164228.90049999906'
'Avaria elétrica','Largo de Tomé Pires','Nº 35','','Ocupação do passeio',1686524400000,36600000,1686524400000,81900000,'Baixa Tensão',1686524400000,-8.664807,41.16146,36660000,1686524400000,36780000,172673,'-44622.53990000027,165947.68180000028'
'Avaria de telecomunicações','Praça da Corujeira','Nº 71','PDT- Rocha','Ocupação do passeio',1686524400000,36900000,1686524400000,40500000,'abrir CVP',1686524400000,-8.579765,41.15635,36840000,1686524400000,36900000,172274,'-37487.73880000046,165340.77649999998'
'Avaria elétrica','Rua de Fez','Nº 1056','','Ocupação do passeio',1686524400000,33720000,1686524400000,81900000,'Baixa Tensão',1686524400000,-8.664161,41.16169,33660000,1686524400000,33780000,171873,'-44568.13040000018,165973.8347'
'Outro motivo','Rua do Revilão','Nº 400','','Estreitamento',1686524400000,46800000,1686524400000,81900000,'Reparação de CI',1686524400000,-8.658783,41.17238,46800000,1686524400000,46860000,174674,'-44109.53359999982,167157.91950000043'
'Aluimento','Rua de Camões','Nº 653','','Estreitamento',1686524400000,43200000,1686524400000,81900000,'C/ Policiamento',1686524400000,-8.609969,41.15781,43800000,1686524400000,46560000,173473,'-40022.06720000042,165515.63429999864'
'Outro motivo','Rua do Melo','c/ Aguas férreas','','Ocupação do passeio',1686524400000,33000000,1686524400000,81900000,'Abertura de Sonda',1686524400000,-8.617994,41.15701,32940000,1686524400000,33060000,171474,'-40696.19859999979,165431.16249999971'
'Outro motivo','Rua do Dr. Pedro de Sousa','Nº 702','','Ocupação do passeio',1686524400000,47400000,1686524400000,81900000,'Rotura de Ramal',1686524400000,-8.654433,41.17285,47220000,1686524400000,47520000,174676,'-43744.17910000025,167207.96110000086'
'Rotura de conduta','Rua de Barbosa du Bocage','Nº 11','IP','Ocupação do passeio',1686524400000,32400000,1686524400000,81900000,'',1686524400000,-8.628868,41.15355,32460000,1686524400000,32520000,171473,'-41611.10290000033,165051.44940000086'
'Aluimento','Rua de Cândida Sá de Albergaria','Nº 167','','Estreitamento',1686524400000,43200000,1686524400000,81900000,'C/ policiamento',1686524400000,-8.675916,41.15366,43860000,1686524400000,46500000,173873,'-45560.335199999696,165087.0657000003'
'Outro motivo','Rua do Monte dos Burgos','C/ Circunvalação','','Estreitamento',1686524400000,46200000,1686524400000,81900000,'Reparação CI',1686524400000,-8.626478,41.17283,46620000,1686524400000,46680000,174273,'-41398.34130000043,167191.29930000007'
'Avaria de CCTV','Avenida da Boavista','1032','Soltrafego - 230612140945','Estreitamento',1686524400000,47700000,1686524400000,51300000,'Retirar cv antiga',1686524400000,-8.635837,41.159,47460000,1686524400000,47640000,174678,'-42191.58829999997,165675.54819999982'
'Outro motivo','Rua das Fontainhas','Nº 129','','Ocupação do passeio',1686524400000,46800000,1686524400000,81900000,'Reparação de CI',1686524400000,-8.602601,41.14418,47040000,1686524400000,47100000,174675,'-39411.88960000039,163999.0759999987'
'Outro motivo','Rua do Engenheiro Ferreira Dias','Nº 452','','Estreitamento',1686524400000,46200000,1686524400000,81900000,'Reparação de CI',1686524400000,-8.64365,41.1731,46740000,1686524400000,46800000,174673,'-42839.13729999964,167230.59390000123'
'Outro motivo','','Rua do Comandante Rodolfo Araújo, 80/144','','Ocupação do passeio',1686524400000,48600000,1686524400000,81900000,'Desentulhar tomada',1686524400000,-8.60184,41.14945,48720000,1686524400000,49620000,175073,'-39344.77780000041,164584.24880000015'
'Outro motivo','Rua do Padre José Pacheco do Monte','252','','Ocupação do passeio',1686524400000,52200000,1686524400000,81900000,'Descobrir tomada',1686524400000,-8.6159,41.16565,52680000,1686524400000,52800000,174277,'-40515.08399999998,166388.97110000008'
'Rotura de conduta','Rua do Dr. Alberto de Macedo','Nº 737','','Ocupação do passeio',1686524400000,47400000,1686524400000,81900000,'',1686524400000,-8.654859,41.16893,47340000,1686524400000,47400000,174275,'-43782.577700000285,166772.86559999923'
'Outro motivo','Rua de Coutinho de Azevedo','130','','Ocupação do passeio',1686524400000,53100000,1686524400000,81900000,'Rotura de ramal domiciliário',1686524400000,-8.595667,41.15749,52620000,1686524400000,52860000,175074,'-38821.821399999724,165474.10429999986'
'Avaria de telecomunicações','Rua de Álvares Cabral','351','Visabeira','Estreitamento',1686524400000,50400000,1686524400000,52200000,'C/ policiamento',1686524400000,-8.614738,41.15451,53640000,1686524400000,53760000,174278,'-40424.43489999982,165151.2129999992'
'Outro motivo','Avenida do Marechal Gomes da Costa','168','','Ocupação do passeio',1686524400000,53100000,1686524400000,81900000,'Descobrir tomada',1686524400000,-8.657315,41.16145,52620000,1686524400000,52920000,174276,'-43993.69569999999,165942.90709999934'
'Avaria de CCTV','','PSP018 - Rua de José Falcão / Rua de Santa Teresa ','','',1686524400000,53724000,'','',' Passagem de cavos',1686524400000,-8.614441,41.147865,53724000,1686524400000,53724000,174279,'-40403.59360000021,164413.5457999999'
'Avaria de telecomunicações','Rua de Carlos Malheiro Dias','48','PDT','Ocupação do passeio',1686524400000,54000000,1686524400000,54900000,'',1686524400000,-8.593995,41.16062,53640000,1686524400000,53700000,175075,'-38679.67360000029,165820.68600000016'
'Anomalia de sinalização vertical','Rua de José Falcão','Rua de santa teresa','Soltráfego','Estreitamento',1686524400000,54000000,1686524400000,61200000,'',1686524400000,-8.614472,41.14785,54180000,1686524400000,54300000,174280,'-40406.18840000035,164412.1871999995'
'Outro motivo','Rua de D. Estevão da Gama','59/89','','Estreitamento',1686610800000,27000000,1686610800000,81900000,'Reparação de conduta',1686610800000,-8.653097,41.17032,4860000,1686610800000,5040000,175081,'-43633.77630000007,166926.14159999997'
'Outro motivo','Travessa da Via-Sacra','77','','Ocupação do passeio',1686610800000,27000000,1686610800000,81900000,'Reparação de CRL no passeio',1686610800000,-8.607497,41.17082,3900000,1686610800000,4020000,175477,'-39806.67559999972,166960.18549999964'
'Outro motivo','Rua de João Pedro Ribeiro','732','','Ocupação do passeio',1686610800000,27000000,1686610800000,81900000,'Reparação CRL',1686610800000,-8.607664,41.16111,3300000,1686610800000,3420000,175079,'-39826.63470000024,165881.5927000008'
'Outro motivo','','Largo São Francisco 24','','Ocupação do passeio',1686610800000,27000000,1686610800000,81900000,'Reparação CRL',1686610800000,-8.61681,41.14111,5640000,1686610800000,6600000,175082,'-40606.67960000035,163664.0252000001'
'Outro motivo','Pátio do Bolhão','','','Estreitamento',1686610800000,27000000,1686610800000,81900000,'Aluimento',1686610800000,-8.607145,41.15166,1560000,1686610800000,1980000,175078,'-39788.78479999953,164831.61620000034'
'Aluimento','Rua de Diogo Botelho','Nº 90','','Estreitamento',1686610800000,27360000,1686610800000,81900000,'C/ Policiamento',1686610800000,-8.668912,41.15218,27300000,1686610800000,27360000,175481,'-44973.43769999968,164919.94069999998'
'Avaria de telecomunicações','Rua dos Mercadores','n.74','','Estreitamento',1686610800000,26100000,1686610800000,29700000,'Abertura de CVP em passeio',1686610800000,-8.613049,41.14158,25920000,1686610800000,26040000,175480,'-40290.600900000005,163714.45759999892'
'Outro motivo','','','','Estreitamento',1571958000000,70080000,1571958000000,70800000,'',1571958000000,-8.587797,41.16744,70740000,1571958000000,70800000,10,'-38155.50050000014,166575.06509999887'
'Reparação de boca de incêndio','Rua do Monte Aventino','6','','Ocupação do passeio',1686610800000,29100000,1686610800000,81900000,'Reparação marco de incêndio',1686610800000,-8.587839,41.16137,28980000,1686610800000,29160000,175877,'-38162.49920000045,165900.89190000002'
'Avaria de telecomunicações','Rua de S. João','','','Ocupação do passeio',1686610800000,25200000,1686610800000,31500000,'',1686610800000,-8.61343,41.14129,26280000,1686610800000,26340000,175083,'-40322.731999999865,163682.98850000044'
'Outro motivo','Rua de Barbosa du Bocage','11','','Estreitamento',1686610800000,27000000,1686610800000,81900000,'Aluimento na faixa',1686610800000,-8.628974,41.15353,1320000,1686610800000,1440000,175077,'-41620.030699999945,165049.79169999948'
'Outro motivo','Rua da Fonte do Outeiro','n486','','Estreitamento',1686610800000,27000000,1686610800000,81900000,'Verificação de ramal aos 30 no passeio',1686610800000,-8.592168,41.17501,26520000,1686610800000,26640000,175085,'-38517.8783999998,167418.2512'
'Avaria de telecomunicações','Avenida da França','com a rua da Constituição','PDT','Estreitamento',1686610800000,32400000,1686610800000,34200000,'Abertura de cvp na faixa com policiamento',1686610800000,-8.62709,41.16468,30600000,1686610800000,30780000,175878,'-41454.78870000031,166287.28680000096'
'Avaria de telecomunicações','Rua de Camões','C/ Alferes Malheiro','Visabeira- Marco Martins','Estreitamento',1686610800000,32400000,1686610800000,36000000,'abrir CVP C/ policiamento',1686610800000,-8.609495,41.15149,32460000,1686610800000,32520000,175881,'-39986.183400000446,164813.4661'
'Outro motivo','Rua do Conde de Vizela','n.82','','Estreitamento',1686610800000,27000000,1686610800000,81900000,'descobrir tomada no passeio',1686610800000,-8.613588,41.14695,26460000,1686610800000,26700000,175084,'-40332.582499999604,164311.4966999997'
'Outro motivo','Rua do Revilão','rua dos choupos','','Estreitamento',1686610800000,27000000,1686610800000,81900000,'Reparação de CI na faixa',1686610800000,-8.65888,41.17246,4680000,1686610800000,4740000,175080,'-44117.632600000055,167166.75779999993'
'Outro motivo','Rua do Engenheiro Ferreira Dias','452','','Estreitamento',1686610800000,27000000,1686610800000,81900000,'Reparação de CI na faixa',1686610800000,-8.643717,41.17317,4320000,1686610800000,4440000,175479,'-42844.73849999992,167237.99989999965'
'Outro motivo','Rua de Pinto Bessa','97','','Estreitamento',1686610800000,27000000,1686610800000,81900000,'Reparação de CI na faixa',1686610800000,-8.587185,41.1491,4080000,1686610800000,4200000,175478,'-38114.790599999935,164538.19850000012'
'Acidente rodoviário','Rua de D. Manuel II','','PM/ INEM','Estreitamento',1686610800000,30900000,1686610800000,34200000,'despiste motociclo',1686610800000,-8.622425,41.14771,31320000,1686610800000,31560000,175879,'-41073.91160000022,164400.17100000012'
'Avaria de veículo','Túnel dos Almadas','','','Estreitamento',1686610800000,27000000,1686610800000,29700000,'Viatura avaria na via da direita',1686610800000,-8.613595,41.14833,27240000,1686610800000,29580000,175086,'-40332.3123000004,164464.49599999958'
'Avaria elétrica','Rua de D. Francisco de Almeida','Nº 276','','Ocupação do passeio',1686610800000,31440000,1686610800000,81900000,'Baixa Tensão',1686610800000,-8.665037,41.16111,31380000,1686610800000,31500000,175880,'-44642.09279999977,165909.53219999984'
'Avaria de telecomunicações','Rua de S. Dinis','C/ Rua da Aliança','Groupfix- José Augusto','Estreitamento',1686610800000,32400000,1686610800000,37800000,'Abrir CVP',1686610800000,-8.616805,41.16758,32880000,1686610800000,32940000,175882,'-40589.85960000015,166603.81430000064'
'Acidente rodoviário','Via Futebol Clube do Porto','Nº 9','PSP','Estreitamento',1686610800000,33600000,1686610800000,36000000,'',1686610800000,-8.582168,41.1608,33840000,1686610800000,33900000,175883,'-37686.881699999845,165835.57809999958'
'Outro motivo','Rua do Campo Alegre','Nº 1308','','Ocupação do passeio',1686610800000,33960000,1686610800000,81900000,'Descobrir Tomada',1686610800000,-8.643362,41.15438,33960000,1686610800000,34020000,176277,'-42827.25679999956,165151.27459999875'
'Avaria de telecomunicações','Rua de Pedro Hispano','1437','','Estreitamento',1686610800000,35100000,1686610800000,42300000,'',1686610800000,-8.626649,41.16665,35220000,1686610800000,35280000,175884,'-41416.54970000026,166505.17099999974'
'Outro motivo','Rua dos Choupos','158','','Ocupação do passeio',1686610800000,49620000,1686610800000,81900000,'Descobrir Tomada',1686610800000,-8.657506,41.17352,49500000,1686610800000,49620000,179479,'-44001.60599999969,167283.50709999952'
'Avaria de telecomunicações','Rua de Manuel Pinto de Azevedo','Nº 748','Groupfix- José Pinto','Estacionamento',1686610800000,47460000,1686610800000,49260000,'Abrir CVP',1686610800000,-8.650281,41.17563,47340000,1686610800000,47460000,177878,'-43393.973299999714,167513.97719999906'
'Avaria de telecomunicações','Rua de Álvaro Castelões','Nº 389','Wondercom','Ocupação do passeio',1686610800000,41400000,1686610800000,48600000,'Abrir CVP',1686610800000,-8.603478,41.16704,40320000,1686610800000,40380000,177078,'-39471.74029999978,166537.80839999972'
'Outro motivo','Rua de Júlio Dinis','Nº 728','','Ocupação do passeio',1686610800000,39600000,1686610800000,81900000,'Verificar Ramal 30',1686610800000,-8.627122,41.15523,39720000,1686610800000,39780000,176679,'-41463.46659999998,165237.8101'
'Avaria elétrica','Praça da Galiza','','','Ocupação do passeio',1686610800000,48000000,1686610800000,81900000,'Baixa tensão',1686610800000,-8.626571,41.15222,47940000,1686610800000,48060000,178278,'-41419.10259999983,164902.6816000005'
'Reparação de coletor','Rua de Serpa Pinto','Nº 337','','Estreitamento',1686610800000,46200000,1686610800000,81900000,'',1686610800000,-8.618123,41.13357,46200000,1686610800000,46260000,177479,'-40721.534699999705,162827.43909999914'
'Outro motivo','Rua do Monte da Luz','16','','Ocupação do passeio',1686610800000,48600000,1686610800000,81900000,'Tamponar ramal',1686610800000,-8.678923,41.15445,48660000,1686610800000,48780000,179478,'-45812.1953999996,165177.11700000014'
'Avaria de CCTV','','PSP074 - Rua de Rodrigues Sampaio (BVP)','','',1686610800000,50030000,'','',' Instalação de cctv - passagem de cabos',1686610800000,-8.61009,41.14891,50030000,1686610800000,50030000,179083,'-40037.69440000041,164527.584699999'
'Avaria elétrica','Rua da Formiga','Nº 6','','Ocupação do passeio',1686610800000,38400000,1686610800000,81900000,'Baixa Tensão',1686610800000,-8.587649,41.14619,38340000,1686610800000,38400000,176678,'-38155.395499999635,164215.84510000088'
'Avaria elétrica','Rua de Santa Catarina','Nº 966','','Ocupação do passeio',1686610800000,48000000,1686610800000,81900000,'Baixa Tensão',1686610800000,-8.604677,41.15478,47940000,1686610800000,48000000,178678,'-39579.744199999666,165177.5401000014'
'Aluimento','Rua de Felicidade Brown','6','','Estacionamento',1686610800000,48600000,1686610800000,81900000,'',1686610800000,-8.639084,41.15626,48540000,1686610800000,48600000,179079,'-42466.91609999998,165357.74120000008'
'Avaria de telecomunicações','Rua do Monte Cativo','C/ Egas Moniz','PDT- Vasco Bacelar','Estreitamento',1686610800000,48900000,1686610800000,49800000,'Abrir CVP C/ Policiamento',1686610800000,-8.616477,41.16238,48840000,1686610800000,49020000,179080,'-40565.54389999997,166026.08860000016'
'Avaria de telecomunicações','Travessa da Bainharia','Nº 6','Groupfix- André Sousa','Ocupação do passeio',1686610800000,48600000,1686610800000,50400000,'Abrir CVP',1686610800000,-8.613675,41.14271,48540000,1686610800000,48660000,179078,'-40342.49289999995,163840.45850000024'
'Outro motivo','Rua da Constituição','Nº 1009','','Ocupação do passeio',1686610800000,36900000,1686610800000,81900000,'Verificar Ramal 30',1686610800000,-8.610075,41.16259,36960000,1686610800000,37020000,176278,'-40028.05559999957,166046.74489999923'
'Outro motivo','Rua de Pinto Bessa','C/ Vera Cruz','','Estreitamento',1686610800000,46200000,1686610800000,81900000,'Subst. CI',1686610800000,-8.591277,41.15018,46140000,1686610800000,46320000,177478,'-38457.6354999999,164660.56710000022'
'Avaria de telecomunicações','Avenida de Fernão de Magalhães','1631','Altice-Fábio Ribeiro','Ocupação do passeio',1686610800000,49320000,1686610800000,52920000,'Abrir CVP',1686610800000,-8.589925,41.16371,49260000,1686610800000,49320000,179081,'-38336.24409999975,166162.21990000093'
'Avaria de telecomunicações','Rua do Campo Alegre','Nº 754','Groupfix- Manuel Rodrigues','Ocupação do passeio',1686610800000,50220000,1686610800000,52200000,'Abrir CVP',1686610800000,-8.63753,41.15285,50160000,1686610800000,50280000,179084,'-42333.31510000007,164974.1181000005'
'Outro motivo','Rua do Dr. Nuno Pinheiro Torres','Nº 331','','Ocupação do passeio',1686610800000,49680000,1686610800000,81900000,'Endireitar Tomada',1686610800000,-8.654954,41.15497,49440000,1686610800000,49740000,179082,'-43799.8614999997,165222.35119999963'
'Acidente rodoviário','Avenida da Associação Empresarial de Portugal','','PSP','Estreitamento',1686610800000,50400000,1686610800000,53100000,'Embate entre 1 pesado e 1 ligeiro',1686610800000,-8.64334,41.16804,51000000,1686610800000,51060000,179480,'-42816.44409999994,166668.50899999938'
'Aluimento','Rua Particular Diamantina','Nº 14','','Ocupação do passeio',1686610800000,51480000,1686610800000,81900000,'',1686610800000,-8.575231,41.17952,51480000,1686610800000,51480000,179481,'-37094.04370000025,167911.64330000072'
'Outro motivo','Rua do Dr. Alberto de Macedo','737','','Estreitamento',1686697200000,27000000,1686697200000,81900000,'Aluimento e estrutura de CL',1686697200000,-8.654943,41.16904,1440000,1686697200000,1680000,182278,'-43789.520299999946,166785.21309999935'
'Avaria elétrica','Rua de Santa Catarina','1426','','Ocupação do passeio',1686610800000,53100000,1686610800000,64800000,'',1686610800000,-8.604509,41.15882,53340000,1686610800000,53400000,179484,'-39563.208499999826,165625.7161'
'Avaria de telecomunicações','Rua da Areosa','c/ R. de Costa Cabral','CME','Estreitamento',1686610800000,69300000,1686610800000,73800000,'',1686610800000,-8.585687,41.17625,69660000,1686610800000,69720000,181479,'-37973.24940000012,167552.8296000009'
'Reparação de boca de incêndio','Rua Nascente da Quinta do Almor ','49/65/298','','Ocupação do passeio',1686610800000,52200000,1686610800000,81900000,'',1686610800000,-8.581131,41.16711,52380000,1686610800000,52380000,179483,'-37596.188599999936,166536.00040000002'
'Outro motivo','Rua de Justino Teixeira','111','','Estreitamento',1686697200000,27000000,1686697200000,81900000,'Substituição de cabo',1686697200000,-8.586283,41.15001,-2700000,1686697200000,-2520000,181878,'-38038.47640000007,164639.05020000009'
'Outro motivo','Rua de S. Roque da Lameira','1063','','Ocupação do passeio',1686610800000,60300000,1686610800000,81900000,'Avaria de média tensão',1686610800000,-8.576273,41.1614,60540000,1686610800000,60540000,181078,'-37191.73110000039,165900.05040000033'
'Avaria de telecomunicações','Rua do Monte da Luz','c/ Avenida Brasil','','Estacionamento',1686610800000,54900000,1686610800000,57600000,'',1686610800000,-8.67941,41.15429,54840000,1686610800000,60780000,180279,'-45853.1753000002,165158.9810000006'
'Aluimento','Praça da Corujeira','293','','Estreitamento',1686610800000,56700000,1686610800000,81900000,'',1686610800000,-8.579843,41.15834,56580000,1686610800000,56700000,180678,'-37493.129700000434,165561.72339999993'
'Aluimento','Rua do Engenheiro Guilherme Bonfim Barreiros','244','','Estreitamento',1686610800000,54900000,1686610800000,81900000,'',1686610800000,-8.599014,41.16633,54960000,1686610800000,55140000,179879,'-39097.51109999981,166456.6689999997'
'Reparação de boca de incêndio','Rua do Arco de Noeda','c/ R. de Noeda','','Ocupação do passeio',1686610800000,52200000,1686610800000,81900000,'',1686610800000,-8.583734,41.14619,52260000,1686610800000,52320000,179482,'-37826.76290000052,164213.86219999945'
'Avaria de telecomunicações','Rua de Camões','19','GroupFix','Estreitamento',1686610800000,71100000,1686610800000,72000000,'Faixa do Bus',1686610800000,-8.610045,41.15205,71040000,1686610800000,71160000,181480,'-40031.97319999977,164876.0412000012'
'Avaria de telecomunicações','Rua de Cândido dos Reis','nº 110','wondercom','Ocupação do passeio',1686610800000,51660000,1686610800000,58860000,'abrir CVP',1686610800000,-8.613857,41.14724,51660000,1686610800000,51780000,179085,'-40354.95849999965,164344.06399999873'
'Avaria de telecomunicações','Avenida da França','c/ R. de Domingos Sequeira','','Estreitamento',1686610800000,68400000,1686610800000,73800000,'',1686610800000,-8.627461,41.16353,68760000,1686610800000,68820000,181478,'-41486.69680000002,166159.30079999936'
'Aluimento','Rua do Engenheiro Pedro Inácio Lopes','97','','Estreitamento',1686610800000,54000000,1686610800000,81900000,'',1686610800000,-8.583477,41.16922,54540000,1686610800000,60720000,180278,'-37791.92300000044,166770.81039999964'
'Avaria de telecomunicações','Rua da Constituição','Cruzamento com a Rua de Oliveira Monteiro','MEO','Estreitamento',1686610800000,72000000,1686610800000,73800000,'',1686610800000,-8.624853,41.16442,71520000,1686610800000,71760000,181481,'-41267.26200000016,166256.84760000004'
'Avaria de telecomunicações','Rua da Constituição','Nº 2327','MEO','Estreitamento',1686610800000,70200000,1686610800000,72000000,'',1686610800000,-8.625781,41.16452,70260000,1686610800000,70380000,181079,'-41345.08440000003,166268.9509999996'
'Avaria de telecomunicações','Rua de Mouzinho da Silveira','113','MEO','Estacionamento',1686610800000,54000000,1686610800000,57600000,'',1686610800000,-8.61375,41.14318,54300000,1686610800000,54360000,179878,'-40348.506900000364,163893.01989999964'
'Avaria de telecomunicações','Rua Formosa','c/ r. de Sá da Bandeira','','Estreitamento',1686610800000,72900000,1686610800000,81900000,'',1686610800000,-8.607848,41.14878,73260000,1686610800000,73260000,181482,'-39849.5707,164511.618000001'
'Outro motivo','Rua do Campo Alegre','1308','','Ocupação do passeio',1686697200000,27000000,1686697200000,81900000,'Reparação de Aluimento',1686697200000,-8.643415,41.1544,1080000,1686697200000,1200000,181879,'-42831.698499999955,165153.41290000093'
'Outro motivo','Rua de Paredes','46','','Estreitamento',1686697200000,27000000,1686697200000,81900000,'Aluimento na via',1686697200000,-8.661283,41.16416,1800000,1686697200000,1860000,182279,'-44324.949799999595,166245.75929999893'
'Outro motivo','Rua do Padrão','rua de Gondarém','','Estreitamento',1686697200000,27000000,1686697200000,81900000,'Aluimento no passeio',1686697200000,-8.68009,41.15646,1920000,1686697200000,2040000,181880,'-45908.74069999993,165400.9966000001'
'Outro motivo','','rua de D. Pedro de sousa 702','','Ocupação do passeio',1686697200000,27000000,1686697200000,81900000,'Aluimento no passeio',1686697200000,-8.654438,41.17284,2220000,1686697200000,2460000,181881,'-43744.634600000405,167207.06689999954'
'Outro motivo','Travessa da Natária','39','','Ocupação do passeio',1686697200000,27000000,1686697200000,81900000,'Aluimento no passeio',1686697200000,-8.624657,41.1672,2520000,1686697200000,2580000,181882,'-41249.07809999961,166565.9278999997'
'Outro motivo','Rua de S. Dionísio','11','','Estreitamento',1686697200000,27000000,1686697200000,81900000,'Reparação de sumidouro',1686697200000,-8.600635,41.14414,3000000,1686697200000,3060000,182280,'-39246.8344,163993.73980000036'
'Outro motivo','Avenida de D. Carlos I','sem','','Estreitamento',1686697200000,27000000,1686697200000,81900000,'Reparação de pavimento no passeio',1686697200000,-8.674034,41.14785,27000000,1686697200000,27240000,182287,'-45406.36649999953,164441.3379999994'
'Outro motivo','Rua de D. Estevão da Gama','59/89','','Estreitamento',1686697200000,27000000,1686697200000,81900000,'Rutura de conduta',1686697200000,-8.65578,41.17047,4020000,1686697200000,4140000,182282,'-43858.83490000018,166944.59099999958'
'Outro motivo','Rua do Revilão','rua dos Choupos','','Estreitamento',1686697200000,27000000,1686697200000,81900000,'Construção de CI',1686697200000,-8.658845,41.17249,3780000,1686697200000,3900000,182281,'-44114.65629999992,167169.80839999972'
'Outro motivo','Rua do Engenheiro Ferreira Dias','452','','Estreitamento',1686697200000,27000000,1686697200000,81900000,'Reparação de CI',1686697200000,-8.643685,41.17315,3540000,1686697200000,3720000,181885,'-42842.050800000245,167235.74169999931'
'Outro motivo','Travessa do Carregal','77','','Ocupação do passeio',1686697200000,27000000,1686697200000,81900000,'CRL Passeio',1686697200000,-8.617507,41.14919,2760000,1686697200000,2820000,181883,'-40660.167799999974,164561.695399999'
'Outro motivo','Rua de Pinto Bessa','257','','Estreitamento',1686697200000,27000000,1686697200000,81900000,'Colocação de degraus',1686697200000,-8.589052,41.14961,4200000,1686697200000,4320000,182283,'-38271.20509999994,164595.99310000113'
'Outro motivo','Largo da Maternidade de Júlio Dinis','Rua Boa Nova','','Estreitamento',1686697200000,27000000,1686697200000,39600000,'Inspeção de coletor/ corte largo com Policiamento',1686697200000,-8.623477,41.15053,4440000,1686697200000,4500000,182284,'-41160.51850000028,164714.24320000052'
'Outro motivo','Rua de Pinto Bessa','rua Vera Cruz','','Estreitamento',1686697200000,27000000,1686697200000,81900000,'Substituição de tampo',1686697200000,-8.591246,41.15026,3360000,1686697200000,3480000,181884,'-38455.00669999984,164669.1884999996'
'Outro motivo','Rua do Monte da Luz','n.16','','Estreitamento',1686697200000,27000000,1686697200000,81900000,'tamponar ramal na zona de estacionamento',1686697200000,-8.678937,41.15445,26340000,1686697200000,26700000,182285,'-45813.319099999935,165177.4605000006'
'Outro motivo','Rua do Farol','n.127','','Estreitamento',1686697200000,27000000,1686697200000,81900000,'Substituição de CRL no passeio',1686697200000,-8.677467,41.15297,26820000,1686697200000,26940000,182286,'-45691.0398000002,165011.29900000102'
'Acidente rodoviário','Rua do Freixo','1377','PM','Corte total',1688338800000,48600000,1688338800000,55800000,'',1688425200000,-8.584013,41.14607,49020000,1688425200000,49020000,223595,'-37850.196499999576,164200.1724999992'
'Outro motivo','Rua da Fonte do Outeiro','n.506','','Estreitamento',1686697200000,30600000,1686697200000,81900000,'Verificar ramal aos 30 no passeio',1686697200000,-8.592037,41.17514,26160000,1686697200000,26220000,181887,'-38506.772699999594,167432.7670000009'
'Avaria de telecomunicações','Rua de Antero de Quental','86','Wondercom','Ocupação do passeio',1686697200000,30900000,1686697200000,38100000,'C/ policiamento',1686697200000,-8.611959,41.15887,30780000,1686697200000,30900000,181890,'-40188.465499999984,165634.82139999908'
'Avaria de CCTV','','PSP076 - Rua de Camões / Rua Alferes Malheiro','','',1686697200000,32396000,'','',' Orientação de cctv.',1686697200000,-8.61003,41.15189,32396000,1686697200000,32396000,182289,'-40030.83839999984,164858.5121000005'
'Outro motivo','Rua de António Aroso','n115','','Estreitamento',1686697200000,26100000,1686697200000,81900000,'Substituição de valvula de conduta no estacionamento',1686697200000,-8.670898,41.16604,25980000,1686697200000,26100000,181886,'-45130.58870000011,166460.19729999994'
'Outro motivo','Rua de Vale Formoso','Nº 124','','Estreitamento',1686697200000,32940000,1686697200000,81900000,'Reparação de CI',1686697200000,-8.611559,41.16654,32880000,1686697200000,32940000,181892,'-40150.218000000335,166486.22389999963'
'Avaria de CCTV','','PMV09 - Avenida Fernão de Magalhães / Travessa Fernão de Magalhães','','',1686697200000,33166000,'','',' status Warning',1686697200000,-8.59737,41.15143,33166000,1686697200000,33166000,181893,'-38968.38140000035,164801.66129999992'
'Avaria de telecomunicações','Rua das Flores','Nº 152','Altice- Daniel Teixeira','Ocupação do passeio',1686697200000,55800000,1686697200000,61200000,'Abrir CVP',1686697200000,-8.6129,41.14434,32100000,1686697200000,55560000,181891,'-40276.38619999961,164021.87930000055'
'Outro motivo','Rua da Argentina','30','','Ocupação do passeio',1686697200000,30000000,1686697200000,81900000,'Passar broca no passeio',1686697200000,-8.645728,41.15763,30060000,1686697200000,30180000,181889,'-43023.71879999993,165512.64660000056'
'Outro motivo','Rua da Venezuela','245','','Estreitamento',1686697200000,27000000,1686697200000,81900000,'Rotura de conduta no passeio',1686697200000,-8.644479,41.1576,26280000,1686697200000,26340000,181888,'-42918.906399999745,165509.32750000036'
'Avaria de telecomunicações','Rua de Cedofeita','Nº 319','Viabeira- António Mendes','Estreitamento',1686697200000,33600000,1686697200000,33600000,'Abrir CVP C/ Policiamento',1686697200000,-8.617721,41.15177,33780000,1686697200000,33840000,182290,'-40676.56659999962,164848.32909999916'
'Avaria de telecomunicações','Avenida da Boavista','nº 4623','VISABEIRA- Tiago Sousa','Estreitamento',1686697200000,47400000,1686697200000,51000000,'Abrir CVP C/ Policiamento',1686697200000,-8.677831,41.16603,47220000,1686697200000,47400000,183079,'-45712.439000000195,166462.231499999'
'Avaria de telecomunicações','Rua de S. Victor','Nº 291','PDT- António Fonseca','Ocupação do passeio',1686697200000,38520000,1686697200000,39600000,'abrir CVP',1686697200000,-8.601923,41.14571,38460000,1686697200000,38580000,183078,'-39354.02060000039,164168.4692000006'
'Outro motivo','Rua do Capitão Pombeiro','140','','Ocupação do passeio',1686783600000,27000000,1686783600000,81900000,'Substituição de tampa CRL',1686783600000,-8.611904,41.16563,-2100000,1686783600000,-1920000,183885,'-40179.706600000274,166385.62790000104'
'Rotura de conduta','Rua de Júlio Dantas','C/ Travessa de Nevogilde','','Estreitamento',1686697200000,58200000,1686697200000,81900000,'',1686697200000,-8.675907,41.1648,58260000,1686697200000,58380000,183488,'-45551.80850000031,166325.08840000106'
'Rotura de conduta','Rua da Lomba','175','','Ocupação do passeio',1686697200000,36000000,1686697200000,81900000,'',1686697200000,-8.589862,41.14963,35940000,1686697200000,36060000,182678,'-38339.20590000047,164598.67549999978'
'Outro motivo','Rua de Cinco de Outubro','Nº 459','','Ocupação do passeio',1686697200000,47760000,1686697200000,81900000,'Rutura de Ramal',1686697200000,-8.63281,41.16231,47700000,1686697200000,47880000,183479,'-41936.37719999999,166026.3121000006'
'Outro motivo','Rua de Vale Formoso','128','','Estreitamento',1686697200000,49500000,1686697200000,81900000,'Reparação de coletor',1686697200000,-8.611558,41.16657,49620000,1686697200000,49680000,183082,'-40150.13140000036,166489.17270000107'
'Outro motivo','Rua de S. Rosendo','Nº 300','','Ocupação do passeio',1686697200000,48480000,1686697200000,81900000,'Verificar Ramal 30',1686697200000,-8.590442,41.15103,48420000,1686697200000,48480000,183480,'-38387.01690000034,164754.58929999892'
'Outro motivo','Rua de D. Estevão da Gama','Nº 171','','Ocupação do passeio',1686697200000,47400000,1686697200000,81900000,'Rotura de Ramal',1686697200000,-8.652288,41.17072,47640000,1686697200000,47940000,183080,'-43565.600499999884,166970.63280000092'
'Avaria de veículo','Avenida da Associação Empresarial de Portugal','','','Estreitamento',1686697200000,51900000,1686783600000,55200000,'','',-8.646119,41.17029,'',1686697200000,52020000,183483,'-43048.170000000064,166919.68839999998'
'Aluimento','Rua de Diogo Botelho','Nº 90','','Estreitamento',1686697200000,33900000,1686697200000,81900000,'Reparação Pavimento',1686697200000,-8.669038,41.15225,33960000,1686697200000,34020000,181894,'-44983.97150000005,164927.85649999956'
'Avaria elétrica','Rua das Antas','nº 297','','Ocupação do passeio',1686697200000,50580000,1686697200000,81900000,'Baixa Tensão',1686697200000,-8.591595,41.15923,50520000,1686697200000,50580000,183481,'-38479.05829999972,165665.3307000013'
'Avaria de CCTV','','PSP052 - Rua da Alfandega / Rua do Infante D. Henrique','','',1686697200000,51032000,'','',' ajustes',1686697200000,-8.61472,41.1409,51032000,1686697200000,51032000,183482,'-40431.3103999998,163640.1528999995'
'Outro motivo','Rua de Guedes de Azevedo','19','','Ocupação do passeio',1686697200000,52800000,1686697200000,63000000,'Abrir tampa',1686697200000,-8.605331,41.15189,52860000,1686697200000,52920000,183484,'-39636.41779999987,164856.5945'
'Aluimento','Rua Nova do Regado','207','','Estreitamento',1686697200000,55800000,1686697200000,81900000,'',1686697200000,-8.619898,41.16949,56040000,1686697200000,56100000,183487,'-40848.26510000041,166817.87439999956'
'Avaria de telecomunicações','Rua da Boavista','612','GroupFix','Ocupação do passeio',1686697200000,55800000,1686697200000,63000000,'',1686697200000,-8.620466,41.15651,55920000,1686697200000,56040000,183485,'-40904.03450000007,165376.0845999996'
'Avaria de CCTV','','PSP072 - Rua de Gonçalo Cristóvão / Rua das Carvalheiras','','',1686697200000,56029000,'','',' ',1686697200000,-8.60622,41.15349,56029000,1686697200000,56029000,183486,'-39710.04299999956,165034.45519999968'
'Rotura de conduta','Rua de Santo Isidro','144','','Estreitamento',1686697200000,54900000,1686697200000,81900000,'',1686697200000,-8.59991,41.15772,55380000,1686697200000,55440000,183085,'-39177.827100000344,165501.74250000017'
'Avaria de telecomunicações','Avenida de Fernão de Magalhães','505','PDT','Ocupação do passeio',1686697200000,62100000,1686697200000,65700000,'',1686697200000,-8.595813,41.15437,62460000,1686697200000,62520000,183489,'-38835.89749999995,165127.6779999991'
'Outro motivo','Travessa do Carregal','77','','Ocupação do passeio',1686783600000,27000000,1686783600000,81900000,'Retirar Cifam do passeio',1686783600000,-8.617947,41.14899,-1020000,1686783600000,-900000,183886,'-40697.21619999974,164540.14399999895'
'Outro motivo','Praça de Almeida Garrett','42','','Ocupação do passeio',1686783600000,27000000,1686783600000,81900000,'Reparação de Grelha no Passeio',1686783600000,-8.611794,41.14607,-780000,1686783600000,-660000,183887,'-40182.47850000025,164212.9219'
'Aluimento','Rua de Diogo Botelho','nº 90','','Estreitamento',1686783600000,27300000,1686783600000,81900000,'Reparação de Pavimento',1686783600000,-8.669221,41.15233,27240000,1686783600000,27360000,183888,'-44999.22649999989,164936.92310000025'
'Avaria de CCTV','','PSP062 - Rua das Flores / Rua de Trindade de Coelho','','',1686783600000,29447000,'','','Abertura de vala para colocação de maciço para poste de CV . ',1686783600000,-8.61184,41.14488,29447000,1686783600000,29447000,183889,'-40187.07180000005,164080.82750000042'
'Outro motivo','Rua do Estevão','rua Dom Estevão da Gama59/89','','Estreitamento',1686783600000,27000000,1686783600000,81900000,'Reparação de conduta',1686783600000,-8.653188,41.17008,-1260000,1686783600000,-1080000,184288,'-43641.58930000012,166899.50349999973'
'Outro motivo','Rua do Revilão','rua dos choupos','','Estreitamento',1686783600000,27000000,1686783600000,81900000,'Estreitamento de via',1686783600000,-8.658853,41.17247,-1500000,1686783600000,-1380000,184287,'-44115.37770000011,167167.41679999995'
'Outro motivo','Rua de Pinto Bessa','525','','Estreitamento',1686783600000,27000000,1686783600000,81900000,'Colocar degrau',1686783600000,-8.592029,41.15041,-1740000,1686783600000,-1680000,184286,'-38520.66700000037,164685.9099000016'
'Avaria elétrica','Rua da Formiga','Nº 140','','Ocupação do passeio',1686783600000,28440000,1686783600000,81900000,'Baixa Tensão',1686783600000,-8.587556,41.14606,28440000,1686783600000,28500000,184293,'-38147.64199999999,164200.86020000104'
'Avaria de telecomunicações','Rua do Tenente Valadim','Nº 113','Groupfix- Joaquim','Ocupação do passeio',1686783600000,34320000,1686783600000,39600000,'retirar poste',1686783600000,-8.640908,41.16102,34260000,1686783600000,34380000,184296,'-42616.924200000256,165887.34080000094'
'Outro motivo','Rua de Serpa Pinto','Nº 86','','Estacionamento',1686783600000,28800000,1686783600000,81900000,'Verificar CI',1686783600000,-8.621055,41.1613,28920000,1686783600000,28980000,184294,'-40950.420500000044,165909.2289000001'
'Avaria elétrica','Rua de Guilhermina Suggia','Nº 126','','Ocupação do passeio',1686783600000,28380000,1686783600000,81900000,'Baixa Tensão',1686783600000,-8.594999,41.16333,28380000,1686783600000,28440000,184292,'-38788.4440000001,166126.27939999977'
'Avaria de CCTV','','PMV01 - Avenida Associação Empresarial de Portugal (AEP)','','',1686783600000,29878000,'','',' Pmv,1-E',1686783600000,-8.65116,41.17439,29878000,1686783600000,29878000,183890,'-43468.52359999996,167377.1613999991'
'Outro motivo','Rua do Seixal','150','','Estreitamento',1686783600000,27000000,1686783600000,81900000,'Construtor do corpo de CI',1686783600000,-8.59792,41.16059,-1860000,1686783600000,-1800000,184285,'-39009.097500000156,165819.44319999978'
'Avaria de CCTV','','PMV09 - Avenida Fernão de Magalhães / Travessa Fernão de Magalhães','','',1686783600000,29888000,'','',' Status warning',1686783600000,-8.59737,41.15143,29888000,1686783600000,29888000,184295,'-38968.38140000035,164801.66129999992'
'Avaria de CCTV','','PSP054 - Largo de S. Domingos / Rua das Flores','','',1686783600000,33874000,'','','Reconhecimento de cabos ',1686783600000,-8.61482,41.14292,33874000,1686783600000,33874000,183891,'-40438.45980000031,163864.53749999974'
'Rotura de conduta','Rua das Condominhas','437','','Estreitamento',1686783600000,27000000,1686783600000,81900000,'',1686783600000,-8.649821,41.15119,26820000,1686783600000,26940000,184290,'-43371.47910000015,164800.17699999906'
'Avaria de CCTV','','PSP030 - Rua da Restauração / Largo do Viriato','','',1686783600000,27788000,'','','Abertura de vala para colocação de maciço para o  poste da CV . ',1686783600000,-8.620219,41.146119,27788000,1686783600000,27788000,184291,'-40889.73809999971,164222.3443999999'
'Aluimento','Rua do Bonfim','Com a Rua de Barros Lima','','Estreitamento',1686783600000,24300000,1686783600000,81900000,'',1686783600000,-8.594174,41.15084,23880000,1686783600000,23940000,184289,'-38700.436200000346,164734.97289999964'
'Avaria de telecomunicações','Rua de S. Victor','324','PDT','Ocupação do passeio',1686697200000,52200000,1686697200000,54000000,'',1686697200000,-8.601506,41.14548,52200000,1686697200000,52260000,183084,'-39319.15139999981,164142.93119999953'
'Avaria de CCTV','','PSP069 - Rua de Trás / Rua do Arquiteto Nicolau Nasoni','','',1686783600000,36482000,'','',' verificações ',1686783600000,-8.61347,41.14567,36482000,1686783600000,36482000,183892,'-40323.4287999999,164169.3202000001'
'Avaria de CCTV','','PMV03 - Rua Faria Guimarães / Rua do Dr. Pedro Dias','','',1686783600000,36606000,'','',' Desconectado ',1686783600000,-8.60636,41.16852,36606000,1686783600000,36606000,184297,'-39712.69020000001,166703.73470000012'
'Avaria de CCTV','','PSP064 - Campo 24 de Agosto / Rua do Duque de Saldanha','','',1686783600000,39223000,'','',' ',1686783600000,-8.59832,41.1483,39223000,1686783600000,39223000,183893,'-39049.992899999925,164454.47479999988'
'Avaria de telecomunicações','Rua da Picaria','Nº 74','Wondercom','Ocupação do passeio',1686783600000,48000000,1686783600000,55200000,'Abrir CVP',1686783600000,-8.612988,41.14941,47940000,1686783600000,48060000,185496,'-40280.652700000435,164584.06609999997'
'Outro motivo','Rua do Casal do Pedro','nº 16','','Ocupação do passeio',1686783600000,48600000,1686783600000,81900000,'Reparar Hidrante',1686783600000,-8.630657,41.14769,48360000,1686783600000,48720000,185899,'-41765.04679999973,164402.1051000004'
'Outro motivo','Rua da Fonte Taurina','nº 58','','Ocupação do passeio',1686783600000,48600000,1686783600000,81900000,'Reparação Hidrante',1686783600000,-8.613919,41.14055,48300000,1686783600000,48660000,185898,'-40364.31460000015,163600.77759999916'
'Rotura de conduta','Rua dos Bragas','Nº 365','','Estreitamento',1686783600000,48600000,1686783600000,81900000,'',1686783600000,-8.617895,41.15249,48240000,1686783600000,48600000,185897,'-40690.64670000036,164928.84000000037'
'Avaria de telecomunicações','Avenida da Boavista','c/ Guerra Junqueiro','Soltrafego','Ocupação do passeio',1686783600000,45900000,1686783600000,81900000,'',1686783600000,-8.635768,41.15901,45780000,1686783600000,45840000,185097,'-42186.82749999966,165661.80379999967'
'Avaria elétrica','Via de Cintura Interna','','','Estreitamento',1686783600000,40800000,1686783600000,43200000,'',1686783600000,-8.588133,41.16776,41340000,1686783600000,41400000,185096,'-38183.50499999991,166610.89680000022'
'Avaria de telecomunicações','Avenida de Camilo','Nº 352','Wondercom','Ocupação do passeio',1686783600000,48120000,1686783600000,55320000,'Abrir CVP',1686783600000,-8.597756,41.14833,48060000,1686783600000,48120000,185896,'-39002.65890000013,164457.70260000063'
'Acidente rodoviário','Rua do Freixo','Rot. Manuel Pinto de Azevedo júnior','PM/INEM/PSP/ B.V.S. Pedro Cova','Corte total',1686783600000,38400000,1686783600000,40500000,'',1686783600000,-8.578113,41.14524,41100000,1686783600000,41280000,184696,'-37355.359600000025,164106.25940000077'
'Avaria de telecomunicações','Rua de João Ramalho','Nº 141','Wondercom','Ocupação do passeio',1686783600000,40320000,1686783600000,47520000,'abrir CVP',1686783600000,-8.594406,41.16144,40260000,1686783600000,40320000,184298,'-38713.64869999974,165911.7047'
'Avaria de telecomunicações','Rua de Timor','nº 114','GROUPFIX','Ocupação do passeio',1686783600000,46800000,1686783600000,54000000,'ABRIR CVP',1686783600000,-8.686663,41.16617,46920000,1686783600000,46980000,185098,'-46453.599000000366,166483.0168999995'
'Avaria de telecomunicações','Rua da Agra','Nº 100','Wondercom','Ocupação do passeio',1686783600000,39600000,1686783600000,46800000,'Abrir CVP',1686783600000,-8.678794,41.15533,39720000,1686783600000,39780000,183894,'-45800.756199999756,165274.21079999986'
'Avaria de CCTV','','PSP007 - Praça da República / Rua do Almada','','',1686783600000,48230000,'','',' ',1686783600000,-8.612131,41.153578,48230000,1686783600000,48230000,185497,'-40206.16899999975,165046.95119999856'
'Outro motivo','Rua de Santos Pousada','Nº 828','','Ocupação do passeio',1686783600000,48480000,1686783600000,81900000,'abrir sonda',1686783600000,-8.599213,41.15613,48420000,1686783600000,48540000,185498,'-39120.25439999998,165324.93980000014'
'Avaria de telecomunicações','Rua da Firmeza','Nº 187','Groupfix-António Fonseca','Ocupação do passeio',1686783600000,49140000,1686783600000,52800000,'Abrir CVP',1686783600000,-8.603665,41.15097,49140000,1686783600000,49200000,185499,'-39497.10049999965,164752.92520000006'
'Avaria de CCTV','','PSP064 - Campo 24 de Agosto / Rua do Duque de Saldanha','','',1686783600000,50910000,'','',' ',1686783600000,-8.59832,41.1483,50910000,1686783600000,50910000,185900,'-39049.992899999925,164454.47479999988'
'Acidente rodoviário','Via de Cintura Interna','Ponte do Freixo','','Estreitamento',1686870000000,23400000,1686870000000,29700000,'',1686870000000,-8.581097,41.1434,27600000,1686870000000,29700000,187104,'-37606.92279999988,163902.55390000014'
'Outro motivo','Rua do Seixal','150','','Estreitamento',1686870000000,27000000,1686870000000,81900000,'Construção de corpo CI',1686870000000,-8.59786,41.16039,-1740000,1686870000000,-1680000,186303,'-39004.18780000049,165796.93510000038'
'Outro motivo','Largo do Viriato','12','','Estreitamento',1686870000000,27000000,1686870000000,81900000,'Abertura de sonda na faixa',1686870000000,-8.620196,41.14592,-1920000,1686870000000,-1860000,186302,'-40887.928399999655,164200.57909999974'
'Outro motivo','Rua de Pinto Bessa','361','','Ocupação do passeio',1686870000000,27000000,1686870000000,81900000,'Reparação de cifam no passeio',1686870000000,-8.590243,41.14994,-2400000,1686870000000,-2340000,186301,'-38370.95579999968,164632.5195999992'
'Avaria de veículo','Via de Cintura Interna','Mercado Abastecedor','','Estreitamento',1686783600000,64800000,1686783600000,67500000,'',1686783600000,-8.58277,41.16582,65340000,1686783600000,67140000,185901,'-37734.52340000011,166393.7602'
'Avaria de telecomunicações','Rua de Vale Formoso','P 488','GroupFix','Ocupação do passeio',1686783600000,51300000,1686783600000,54000000,'',1686783600000,-8.612804,41.16962,51360000,1686783600000,51480000,185501,'-40252.817099999564,166829.13990000126'
'Outro motivo','Rua de D. Estevão da Gama','59/89','','Estreitamento',1686870000000,27000000,1686870000000,81900000,'Reparação de conduta  na faixa',1686870000000,-8.653076,41.17038,-1560000,1686870000000,-1440000,187101,'-43632.00399999979,166933.13429999858'
'Outro motivo','Rua de Ferreira Borges','Nº 230','','Ocupação do passeio',1686870000000,24300000,1686870000000,81900000,'Passar broca',1686870000000,-8.615314,41.14168,24480000,1686870000000,24780000,187103,'-40480.69680000006,163726.7714000009'
'Outro motivo','Avenida de Gustavo Eiffel','20','','Estreitamento',1686870000000,27000000,1686870000000,81900000,'Reparação de injetores/ com PM',1686870000000,-8.604861,41.14187,-1380000,1686870000000,-1320000,187102,'-39602.96599999995,163742.9561000001'
'Outro motivo','Rua de Serpa Pinto','Nº 460','','Estreitamento',1686870000000,29520000,1686870000000,81900000,'Levantamento Tampas',1686870000000,-8.620574,41.16459,29460000,1686870000000,29580000,187106,'-40908.00310000037,166273.87299999973'
'Outro motivo','Rua de Trás','Nº 22','','Estacionamento',1686870000000,24300000,1686870000000,24300000,'Instalar ramal',1686870000000,-8.61275,41.14575,24480000,1686870000000,24600000,186305,'-40262.91750000039,164177.78700000042'
'Outro motivo','Travessa da Póvoa','nº 392','','Estacionamento',1686783600000,51360000,1686783600000,81900000,'Abrir Sonda',1686783600000,-8.59768,41.15604,51300000,1686783600000,51360000,185500,'-38991.61949999997,165314.1362999998'
'Reparação de válvula','Travessa de Fernão de Magalhães','nº 165','','Estreitamento',1686870000000,28080000,1686870000000,81900000,'',1686870000000,-8.596596,41.15132,27840000,1686870000000,28080000,186306,'-38903.487800000235,164788.8478999995'
'Outro motivo','Rua de Ferreira Borges','Nº 76','','Ocupação do passeio',1686870000000,24300000,1686870000000,81900000,'Passar broca',1686870000000,-8.6152,41.14239,24300000,1686870000000,24840000,186304,'-40470.6485999999,163806.29099999918'
'Aluimento','Rua de Diogo Botelho','Nº 90','','Estreitamento',1686870000000,27900000,1686870000000,81900000,'Com policiamento',1686870000000,-8.652312,41.15221,28080000,1686870000000,28200000,186308,'-43579.94529999977,164913.92320000034'
'Aluimento','Rua de António Aroso','nº 115','','Estreitamento',1686870000000,27900000,1686870000000,81900000,'',1686870000000,-8.670907,41.16604,27840000,1686870000000,27900000,186307,'-45131.32569999994,166459.9036999995'
'Aluimento','Rua de Camões','Nº 81','','Estreitamento',1686870000000,27900000,1686870000000,81900000,'Com policiamento',1686870000000,-8.61003,41.15265,28380000,1686870000000,28620000,186310,'-40030.40110000033,164943.14330000125'
'Avaria de CCTV','','PSP041 - Rua da Constituição / Rua de Costa Cabral','','',1686870000000,31147000,'','',' ',1686870000000,-8.6042,41.1619,31147000,1686870000000,31147000,186311,'-39535.40780000013,165967.53739999954'
'Aluimento','Rua da Constituição','Nº 1617','','Estreitamento',1686870000000,27900000,1686870000000,81900000,'Com policiamento',1686870000000,-8.617235,41.16348,28200000,1686870000000,28260000,186309,'-40628.48660000036,166148.55859999897'
'Acidente rodoviário','Avenida da Associação Empresarial de Portugal','A meio da Avenida','','Estreitamento',1686870000000,27000000,1686870000000,30600000,'',1686870000000,-8.651049,41.1743,27720000,1686870000000,29640000,187105,'-43459.226499999815,167367.5295999996'
'Outro motivo','Rua do Bonjardim','780','','Estreitamento',1686870000000,30600000,1686870000000,81900000,'Substituição de válvula de ramal',1686870000000,-8.607726,41.15423,31140000,1686870000000,31260000,186312,'-39836.034599999744,165117.6575000008'
'Avaria de telecomunicações','Rua de Augusto Lessa','Nº 720','Tnord Tech','Estreitamento',1686870000000,31500000,1686870000000,42300000,'',1686870000000,-8.603138,41.16994,31800000,1686870000000,31980000,186314,'-39441.46800000038,166859.80399999925'
'Outro motivo','Rua da Constituição','Nº 650','SolTráfego','Estreitamento',1686870000000,31500000,1686870000000,61200000,'Instalação de postes de sinalização',1686870000000,-8.605807,41.16207,31200000,1686870000000,31440000,187107,'-39670.151200000255,165986.84380000096'
'Outro motivo','Rua do Revilão','495','','Estreitamento',1686870000000,27000000,1686870000000,81900000,'Substituição da  boca do lobo',1686870000000,-8.659532,41.17302,-2220000,1686870000000,-2040000,186701,'-44171.94979999961,167229.42529999992'
'Rotura de conduta','Rua de António Aroso','Com a Rua de Roriz','','Estreitamento',1686870000000,30600000,1686870000000,81900000,'',1686870000000,-8.670897,41.16612,31260000,1686870000000,31380000,186313,'-45130.43719999959,166468.74259999974'
'Avaria de telecomunicações','Rua de Cinco de Outubro','Nº 583','CME- Diogo Campos','Ocupação do passeio',1686870000000,50100000,1686870000000,53700000,'abrir cvp',1686870000000,-8.633549,41.16324,50220000,1686870000000,50280000,187904,'-41998.2942000003,166129.9400999993'
'Aluimento','Rua do Revilão','Nº 409','','Estreitamento',1686870000000,49920000,1686870000000,81900000,'',1686870000000,-8.658839,41.17241,49800000,1686870000000,49920000,187507,'-44114.22599999977,167160.73200000034'
'Avaria de CCTV','','PSP005 - Rua de Santa Catarina / Rua da Firmeza','','',1686870000000,49999000,'','',' Colocar prumos',1686870000000,-8.605388,41.151028,49999000,1686870000000,49999000,187508,'-39641.69180000015,164760.6480999989'
'Rotura de conduta','Travessa dos Campos','81','','Ocupação do passeio',1686870000000,46800000,1686870000000,81900000,'',1686870000000,-8.607093,41.15897,46200000,1686870000000,46320000,187902,'-39780.02670000036,165643.21250000063'
'Outro motivo','Rua de Francisco Carqueja','Nº 67','','Ocupação do passeio',1686870000000,45900000,1686870000000,81900000,'',1686870000000,-8.590729,41.15994,46200000,1686870000000,46380000,187503,'-38405.92630000044,165743.58659999902'
'Outro motivo','Rua de Honório de Lima','60','','Ocupação do passeio',1686870000000,53100000,1686870000000,81900000,'Substituir válvula de ramal',1686870000000,-8.588889,41.17162,52680000,1686870000000,52920000,187905,'-38244.69400000012,167040.0216000008'
'Avaria de telecomunicações','Rua Formosa','nº 112','wondercom','Ocupação do passeio',1686870000000,47880000,1686870000000,55080000,'abrir cvp',1686870000000,-8.604042,41.14767,47820000,1686870000000,47940000,187505,'-39530.71690000038,164387.6190000005'
'Aluimento','Rua da Restauração','Com Campo dos Mártires da Pátria','','Estreitamento',1686870000000,47700000,1686870000000,81900000,'',1686870000000,-8.61775,41.14641,48060000,1686870000000,48120000,187903,'-40682.27639999988,164253.0708000005'
'Outro motivo','Praça da República','Cruzamento com a Rua de Álvares Cabral','SolTráfego','Ocupação do passeio',1686870000000,45000000,1686870000000,61200000,'Instalação de postes de sinalização',1686870000000,-8.613393,41.15414,45480000,1686870000000,45600000,187901,'-40311.777200000295,165109.53229999918'
'Outro motivo','Rua Direita de Francos','nº 1123','','Estreitamento',1686870000000,45900000,1686870000000,81900000,'Substituição de válvula de ramal',1686870000000,-8.635059,41.16708,46200000,1686870000000,46320000,187504,'-42122.106900000006,166557.75520000057'
'Outro motivo','Rua de André de Rezende','traseiras do 88','','Ocupação do passeio',1686870000000,53100000,1686870000000,81900000,'Rotura de ramal',1686870000000,-8.664183,41.15187,53100000,1686870000000,53160000,187906,'-44576.64039999992,164882.26850000038'
'Avaria de telecomunicações','Rua de Santa Catarina','c/ passos Manuel','Visabeira','Estreitamento',1686870000000,49500000,1686870000000,49500000,'Abrir cvp c/ polici',1686870000000,-8.606799,41.14703,49500000,1686870000000,49800000,187506,'-39762.58440000007,164316.87490000064'
'Outro motivo','Rua de Costa Cabral','Nº 81','Soltráfego','Estreitamento',1686870000000,36900000,1686870000000,61200000,'Instalação de postes de sinalização',1686870000000,-8.60334,41.16249,36780000,1686870000000,37020000,187501,'-39462.900999999474,166032.25019999934'
'Avaria de CCTV','','PSP065 - Praça da República / Rua de Alvares de Cabral','','',1686870000000,45491000,'','','Instalação de postes de sinalização - fornecido o NPG/187107/2023/CMP ',1686870000000,-8.61338,41.15423,45491000,1686870000000,45491000,187502,'-40310.61110000031,165119.9414000012'
'Acidente rodoviário','Rua de Santo Ildefonso','Junto a Cidália Meireles','PM;PSP','Corte total',1686870000000,54000000,1686870000000,54900000,'',1686870000000,-8.60026,41.14767,53820000,1686870000000,54600000,187907,'-39213.19959999985,164385.90210000015'
'Outro motivo','Rua de Santa Justa','Com Av. Fernão Magalhães','Soltrafego','Estreitamento',1686870000000,50400000,1686870000000,52200000,'Desativar viragens',1686870000000,-8.584657,41.1744,50220000,1686870000000,50340000,187509,'-37887.895499999584,167346.6500999996'
'Avaria de CCTV','','PSP076 - Rua de Camões / Rua Alferes Malheiro','','',1686870000000,54517000,'','',' ',1686870000000,-8.61003,41.15189,54517000,1686870000000,54517000,187908,'-40030.83839999984,164858.5121000005'
'Avaria de CCTV','','PSP070 - Rua do Almada / Praça Filipa de Lencastre','','',1686870000000,55765000,'','',' ',1686870000000,-8.61212,41.14801,55765000,1686870000000,55765000,187909,'-40208.659599999904,164428.5709000002'
'Avaria de telecomunicações','Rua de Santa Catarina','816','Wondercom','Ocupação do passeio',1686870000000,61200000,1686870000000,68400000,'',1686870000000,-8.604718,41.15336,61020000,1686870000000,61080000,187912,'-39584.06599999967,165019.32310000097'
'Avaria de telecomunicações','Rua de Guerra Junqueiro','566','PDT','Ocupação do passeio',1686870000000,55800000,1686870000000,57600000,'',1686870000000,-8.63638,41.15785,55860000,1686870000000,55920000,187910,'-42238.90629999993,165532.91939999897'
'Avaria de CCTV','','PSP064 - Campo 24 de Agosto / Rua do Duque de Saldanha','','',1686870000000,58392000,'','',' ',1686870000000,-8.59832,41.1483,58392000,1686870000000,58392000,187911,'-39049.992899999925,164454.47479999988'
'Rotura de conduta','Rua de Álvaro Castelões','700','','Ocupação do passeio',1686870000000,63000000,1686870000000,81900000,'',1686870000000,-8.603461,41.16983,63000000,1686870000000,63120000,187913,'-39468.584099999636,166847.99660000025'
'Rotura de conduta','Rua da Vilarinha','804','','Ocupação do passeio',1686956400000,33300000,1686956400000,81900000,'',1686956400000,-8.668989,41.16912,33540000,1686956400000,33600000,188708,'-44968.2423,166800.71729999955'
'Outro motivo','Rua de Costa Cabral','1956','','Estreitamento',1686956400000,28800000,1686956400000,57600000,'Substituição de aro e tampa na faixa de rodagem .',1686956400000,-8.587165,41.17312,28080000,1686956400000,28320000,188304,'-38099.08889999992,167205.77239999938'
'Avaria de CCTV','','PMV08 - Avenida Fernão de Magalhães / Rua do Monte Aventino','','',1686956400000,38602000,'','',' ',1686956400000,-8.59074,41.16262,38602000,1686956400000,38602000,188710,'-38405.271599999636,166041.45209999912'
'Avaria de veículo','Avenida da Associação Empresarial de Portugal','Meio da avenida','','Estreitamento',1686870000000,64800000,1686870000000,66600000,'',1686870000000,-8.648908,41.17258,64500000,1686870000000,66600000,187512,'-43280.75299999951,167174.96969999914'
'Avaria de CCTV','','PMV09 - Avenida Fernão de Magalhães / Travessa Fernão de Magalhães','','',1686956400000,27989000,'','',' ',1686956400000,-8.59737,41.15143,27989000,1686956400000,27989000,188303,'-38968.38140000035,164801.66129999992'
'Avaria de CCTV','','PMV06 - Rua dos Luzares / Alameda das Antas','','',1686956400000,40435000,'','',' ',1686956400000,-8.58837,41.1635,40435000,1686956400000,40435000,188310,'-38205.84420000021,166138.1377000008'
'Rotura de conduta','Rua de Pinho Leal','391','','Ocupação do passeio',1686956400000,34200000,1686956400000,81900000,'',1686956400000,-8.670367,41.16367,34500000,1686956400000,34560000,188305,'-45087.69099999957,166195.96210000024'
'Avaria de CCTV','','PMV01 - Avenida Associação Empresarial de Portugal (AEP)','','',1686956400000,35256000,'','','PMV - Warning ',1686956400000,-8.65116,41.17439,35256000,1686956400000,35256000,188306,'-43468.52359999996,167377.1613999991'
'Avaria de CCTV','','PMV14 - Avenida Fernão de Magalhães / Rua de Barros Lima / Rua de Câmara Pestana','','',1686956400000,35725000,'','',' ',1686956400000,-8.59553,41.15481,35725000,1686956400000,35725000,188307,'-38811.9222999998,165176.21490000014'
'Avaria de CCTV','','PMV07 - Avenida Fernão de Magalhães / Via Cintura Interna','','',1686956400000,48754000,'','',' ',1686956400000,-8.58837,41.16745,48754000,1686956400000,48754000,188712,'-38203.543399999886,166576.82049999974'
'Incêndio urbano','Rua de Júlio Dinis','160','','Estreitamento',1686956400000,36000000,1686956400000,43200000,'',1686956400000,-8.625826,41.15036,36960000,1686956400000,41760000,188308,'-41357.78230000009,164695.56810000012'
'Avaria de CCTV','','PMV09 - Avenida Fernão de Magalhães / Travessa Fernão de Magalhães','','',1686956400000,47528000,'','',' 	Status warning',1686956400000,-8.59737,41.15143,47528000,1686956400000,47528000,188711,'-38968.38140000035,164801.66129999992'
'Outro motivo','Rua de Fez','n.900','','Estreitamento',1686956400000,49500000,1686956400000,81900000,'',1686956400000,-8.666,41.16155,48780000,1686956400000,48840000,188311,'-44722.57469999975,165958.64000000092'
'Avaria de CCTV','','PMV13 - Avenida Fernão de Magalhães / Rua Dr. Alberto de Aguiar / Rua dos Navegantes','','',1686956400000,37083000,'','',' ',1686956400000,-8.59346,41.15818,37083000,1686956400000,37083000,188709,'-38636.17949999962,165549.55890000093'
'Outro motivo','Rua do Professor Bonfim Barreiros','Bloco 5, Entrada 156','','Ocupação do passeio',1686870000000,57600000,1686870000000,81900000,'descobrir tomada',1686870000000,-8.584078,41.1698,57660000,1686870000000,57720000,187510,'-37841.95579999967,166835.7060000001'
'Rotura de conduta','Rua de Fez','500','','Ocupação do passeio',1686956400000,81900000,1686956400000,81900000,'',1686956400000,-8.670584,41.16128,38280000,1686956400000,38340000,188309,'-45107.4778000004,165930.7100000006'
'Outro motivo','Rua de Santos Pousada','1071','','Estreitamento',1686956400000,28800000,1686956400000,81900000,'Verificar ramal aos 30 cm',1686956400000,-8.598841,41.15833,28800000,1686956400000,28860000,188706,'-39087.75119999979,165568.2042999999'
'Outro motivo','Rua de Bonjóia','486','','Estreitamento',1686956400000,28800000,1686956400000,81900000,'',1686956400000,-8.58033,41.15264,28680000,1686956400000,28740000,188705,'-37537.23880000045,164928.80250000066'
'Outro motivo','Avenida de Fernão de Magalhães','1213/1235/1243','','Estreitamento',1686956400000,28800000,1686956400000,81900000,'',1686956400000,-8.592457,41.16023,28560000,1686956400000,28620000,188704,'-38550.770899999705,165776.9877000003'
'Outro motivo','Rua de Costa Cabral','993','','Estreitamento',1686956400000,28800000,1686956400000,57600000,'Substituição de aro e tampa na faixa de rodagem',1686956400000,-8.592041,41.16812,28200000,1686956400000,28320000,188703,'-38511.222500000156,166652.72519999946'
'Rotura de conduta','Rua do Almada','437','','Estreitamento',1686956400000,28800000,1686956400000,81900000,'',1686956400000,-8.612094,41.15093,28860000,1686956400000,28980000,188707,'-40204.718299999775,164752.842599999'
'Avaria elétrica','Rua do Zaire','n.158','','Estreitamento',1686956400000,51300000,1686956400000,81900000,'abertura de buraco no passeio',1686956400000,-8.620103,41.16584,51000000,1686956400000,51120000,188713,'-40867.74309999957,166412.89970000068'
'Avaria de CCTV','','PMV05 - Rua Marques Pinto / Via Futebol Clube do Porto','','',1686956400000,55614000,'','',' ',1686956400000,-8.58262,41.15993,55614000,1686956400000,55614000,188714,'-37725.308899999545,165739.14279999948'
'Aluimento','','','','Ocupação do passeio',1581465600000,28800000,1581465600000,81900000,'',1581465600000,-8.584053,41.17489,49020000,1583452800000,64500000,4129,'-37836.95040000045,167401.14299999928'
'Outro motivo','Avenida de Fernão de Magalhães','1213/1235/1243','','Estreitamento',1686956400000,28800000,1687129200000,32400000,'',1687042800000,-8.592448,41.16024,24240000,1687129200000,48600000,189103,'-38549.99160000032,165778.16359999965'
'Aluimento','Praça da Cidade do Salvador','No jardim da rotunda','','Ocupação do passeio',1687129200000,26640000,1687129200000,81900000,'',1687129200000,-8.68847,41.17339,26520000,1687129200000,26820000,190704,'-46600.073800000326,167285.66920000024'
'Outro motivo','Rua das Condominhas','310','','Ocupação do passeio',1687129200000,31140000,1687129200000,81900000,'Avaria de baixa tensão',1687129200000,-8.651148,41.15054,31080000,1687129200000,31200000,190707,'-43483.32919999962,164728.391000001'
'Incêndio urbano','Praça de Guilherme Gomes Fernandes','7','','Estreitamento',1687042800000,36000000,1687042800000,39600000,'',1687042800000,-8.614904,41.14736,37140000,1687042800000,37140000,189504,'-40442.73560000023,164357.97140000036'
'Outro motivo','Largo do Viriato','12','','Estreitamento',1687129200000,-1800000,1687129200000,81900000,'',1687129200000,-8.620132,41.14561,-1860000,1687129200000,-1800000,189904,'-40882.72360000009,164166.25850000043'
'Aluimento','Rua da India','Nº 236','','Estreitamento',1687129200000,26640000,1687129200000,81900000,'',1687129200000,-8.679988,41.16041,26460000,1687129200000,26760000,190703,'-45897.3952000003,165839.11229999925'
'Avaria de telecomunicações','Avenida da França','Nº 473','Tnord - Tech','Estreitamento',1687129200000,32400000,1687129200000,39600000,'Com policiamento',1687129200000,-8.627579,41.16302,32580000,1687129200000,32760000,190708,'-41496.91139999967,166102.58219999986'
'Outro motivo','Rua de Santos Pousada','1071','','Ocupação do passeio',1687129200000,27120000,1687129200000,81900000,'verificar ramal aos 30',1687129200000,-8.598892,41.15836,27180000,1687129200000,27240000,189906,'-39092.010700000465,165571.5913999999'
'Avaria de CCTV','','PSP057 - Rua D. Manuel II / Rua Alberto Aires Gouveia','','',1687129200000,34638000,'','','Colocação de sinalização relativa à CV ',1687129200000,-8.62033,41.14731,34638000,1687129200000,34638000,189911,'-40898.314000000304,164354.6677999997'
'Aluimento','Travessa dos Campos','Nº 81','','Ocupação do passeio',1687129200000,26640000,1687129200000,81900000,'',1687129200000,-8.607146,41.15896,26520000,1687129200000,26640000,190705,'-39784.42410000048,165641.8909000011'
'Avaria de CCTV','','PSP048 - Rua dos Mercadores / Rua do Clube Fluvial Portuense','','',1687129200000,36841000,'','',' Fazer maciço e pôr poste.',1687129200000,-8.61293,41.14156,36841000,1687129200000,36841000,190709,'-40280.62059999986,163712.61889999884'
'Reparação de coletor','Calçada do Forno Velho','','','Ocupação do passeio',1687129200000,-1800000,1687129200000,81900000,'',1687129200000,-8.617478,41.14124,-1980000,1687129200000,-1980000,189903,'-40662.69359999983,163679.59919999895'
'Outro motivo','Rua de Fez','922','abertura de sonda','Ocupação do passeio',1687129200000,28260000,1687129200000,81900000,'',1687129200000,-8.665681,41.16153,28500000,1687129200000,28620000,189908,'-44695.79970000036,165956.12050000016'
'Acidente rodoviário','Via de Cintura Interna','Saída para a A3','','Estreitamento',1687042800000,34200000,1687042800000,36000000,'',1687042800000,-8.593821,41.17135,34680000,1687042800000,34740000,189503,'-38658.709300000184,167012.14420000068'
'Rotura de conduta','Rua de Francos','viaduto bloco 9','','Ocupação do passeio',1687129200000,28260000,1687129200000,81900000,'',1687129200000,-8.634564,41.16709,28320000,1687129200000,28380000,189907,'-42080.581199999884,166557.75009999992'
'Rotura de conduta','Rua do Mestre Afonso Domingues','20','','Ocupação do passeio',1687129200000,28260000,1687129200000,81900000,'',1687129200000,-8.672511,41.16122,28440000,1687129200000,28860000,190706,'-45269.26929999979,165925.7316999995'
'Avaria de CCTV','','PSP006 - Rua de Camões / Rua Gonçalo Cristóvão ','','',1687129200000,30411000,'','','Instalação de poste para futura colocação de sinalização',1687129200000,-8.610052,41.153477,30411000,1687129200000,30411000,189909,'-40031.71630000039,165034.77250000104'
'Rotura de conduta','Rua do Lidador','757','','Ocupação do passeio',1687042800000,38700000,1687042800000,81900000,'',1687042800000,-8.661503,41.17606,39180000,1687042800000,39720000,189505,'-44335.339800000125,167567.95240000123'
'Avaria de telecomunicações','Praça do Bom Sucesso','Nº 12','Visabeira','Estreitamento',1687129200000,31500000,1687129200000,33300000,'Com policiamento',1687129200000,-8.629092,41.15522,31380000,1687129200000,31500000,189910,'-41628.86729999998,165237.66520000045'
'Outro motivo','Rua de D. Estevão da Gama','59/89','','Estreitamento',1687129200000,-1800000,1687129200000,81900000,'',1687129200000,-8.653307,41.17032,-1740000,1687129200000,-1680000,189905,'-43651.40350000007,166926.29929999963'
'Outro motivo','Rua da Restauração','','','Estreitamento',1687129200000,-1800000,1687129200000,81900000,'',1687129200000,-8.618587,41.14631,-1920000,1687129200000,-1860000,190303,'-40752.593199999974,164242.24779999946'
'Avaria de iluminação pública','Travessa de Nova Sintra','284','','Ocupação do passeio',1687129200000,37560000,1687129200000,81900000,'',1687129200000,-8.58763,41.14675,37560000,1687129200000,37620000,189912,'-38153.52539999974,164277.2832999995'
'Outro motivo','Rua de Silva Porto','n.153','','Estreitamento',1687129200000,62100000,1687129200000,81900000,'Rotura de ramal na faixa',1687129200000,-8.617026,41.16877,61800000,1687129200000,61860000,191117,'-40607.660799999736,166736.31970000087'
'Acidente rodoviário','Rua da Boavista','Barão Forrester','','Estreitamento',1687129200000,53100000,1687129200000,54900000,'',1687129200000,-8.619335,41.15631,53160000,1687129200000,53220000,191111,'-40809.152499999866,165353.21189999982'
'Avaria de telecomunicações','Rua do Dr. Alberto de Macedo','182','meo','Estreitamento',1687129200000,50400000,1687129200000,52800000,'',1687129200000,-8.655952,41.16412,50640000,1687129200000,50760000,191507,'-43877.47680000031,166238.71500000096'
'Avaria de CCTV','','PSP064 - Campo 24 de Agosto / Rua do Duque de Saldanha','','',1687129200000,53688000,'','',' ',1687129200000,-8.59832,41.1483,53688000,1687129200000,53688000,191112,'-39049.992899999925,164454.47479999988'
'Avaria de CCTV','','PSP064 - Campo 24 de Agosto / Rua do Duque de Saldanha','','',1687129200000,54070000,'','',' instalação de postes de sinalização de área vigiada, pela psp.',1687129200000,-8.59832,41.1483,54070000,1687129200000,54070000,191113,'-39049.992899999925,164454.47479999988'
'Avaria de CCTV','','PSP032 - Praça da República / Rua da Boavista','','',1687129200000,55695000,'','',' instalação de poste.',1687129200000,-8.613393,41.155258,55695000,1687129200000,55695000,191114,'-40311.070399999626,165234.1159000008'
'Outro motivo','Rua de Bordeaux','79','','Ocupação do passeio',1687129200000,47100000,1687129200000,81900000,'rotura ramal',1687129200000,-8.644659,41.17755,47220000,1687129200000,47220000,191504,'-42920.89010000048,167725.22790000006'
'Avaria de telecomunicações','Rua de Pinto Bessa','c/ Travessa de Pinto Bessa','','Estacionamento',1687129200000,51420000,1687129200000,58620000,'meo',1687129200000,-8.59292,41.15069,51420000,1687129200000,51780000,191110,'-38595.254900000036,164717.48349999983'
'Outro motivo','Rua do Crasto','958','','Estacionamento',1687129200000,46380000,1687129200000,81900000,'rotura ramal domiciliário',1687129200000,-8.67153,41.16133,46440000,1687129200000,46500000,191503,'-45186.85240000041,165937.2446000003'
'Avaria de CCTV','','PSP029 - Rua Nova da Alfandega (Largo da Alfandega)','','',1687129200000,46989000,'','',' chegada 13:00',1687129200000,-8.622451,41.143981,46989000,1687129200000,46989000,191106,'-41078.455900000445,163985.95529999942'
'Avaria de CCTV','','PSP021 - Praça da Batalha / Rua da Madeira','','',1687129200000,53030000,'','',' ',1687129200000,-8.607474,41.145413,53030000,1687129200000,53030000,191508,'-39820.2105999999,164138.00880000042'
'Avaria de CCTV','','PSP050 - Rua da Lada (Ponte D. Luis)','','',1687129200000,58127000,'','',' Colocação de poste (Chegou ao local às 15:50)',1687129200000,-8.61023,41.14078,58127000,1687129200000,58127000,191115,'-40054.41409999971,163624.74340000056'
'Rotura de conduta','Rua das Andorinhas','n.124','','Estreitamento',1687129200000,58500000,1687215600000,81900000,'Rotura de conduta na faixa',1687129200000,-8.638018,41.18026,58500000,1687129200000,58680000,191116,'-42361.89529999995,168023.10949999987'
'Avaria de telecomunicações','Rua de Guerra Junqueiro','131','meo','Ocupação do passeio',1687129200000,47340000,1687129200000,49740000,'',1687129200000,-8.638268,41.15428,47460000,1687129200000,50760000,191107,'-42399.70619999996,165137.7579999993'
'Outro motivo','Rua dos Mártires da Liberdade','223','','Ocupação do passeio',1687129200000,40980000,1687129200000,81900000,'rotura de ramal',1687129200000,-8.613658,41.15238,41160000,1687129200000,41220000,191103,'-40335.04940000006,164914.29549999864'
'Avaria de CCTV','','PSP007 - Praça da República / Rua do Almada','','',1687129200000,41284000,'','',' ',1687129200000,-8.612131,41.153578,41284000,1687129200000,41284000,191104,'-40206.16899999975,165046.95119999856'
'Avaria de CCTV','','PSP025 - Praça da Ribeira / Cubo','','',1687129200000,41461000,'','','Instalação de postes para colocação de sinalização das CV - técnico Jorge Soares com chegada ao local às 10h e saída às 11h ',1687129200000,-8.612909,41.140425,41461000,1687129200000,41461000,191105,'-40279.55510000053,163586.5578000001'
'Outro motivo','Rua das Águas Férreas','n.2','','Estreitamento',1687129200000,64800000,1687129200000,81900000,'Verificar ramal aos 30 no passeio',1687129200000,-8.617821,41.1562,64680000,1687129200000,64800000,191118,'-40682.1809999999,165340.27979999894'
'Rotura de conduta','Avenida de Fernão de Magalhães','c/ Rodrigues Semide','','Ocupação do passeio',1687129200000,47100000,1687129200000,81900000,'',1687129200000,-8.582785,41.17786,47280000,1687129200000,47400000,191506,'-37728.8360000002,167730.17860000048'
'Avaria de CCTV','','PSP040 - Rua Azevedo de Albuquerque / Rua Dr. António Macedo','','',1687129200000,47920000,'','',' Montagem de placa',1687129200000,-8.618194,41.144617,47920000,1687129200000,47920000,191108,'-40720.66970000039,164054.58180000135'
'Avaria de CCTV','','PSP066 - Rua de Cedofeita / Rua do Breyner','','',1687129200000,49540000,'','',' Colocação de poste',1687129200000,-8.61766,41.15162,49540000,1687129200000,49540000,191109,'-40671.49600000028,164832.0759999993'
'Avaria elétrica','Rua da Constituição','n.450','','Estreitamento',1687129200000,70200000,1687129200000,81900000,'Abertura de buraco no passeio',1687129200000,-8.603544,41.16178,70260000,1687129200000,70320000,191119,'-39480.391900000155,165954.07369999902'
'Avaria de veículo','Praça da Cidade do Salvador','','PSP;B.V. Leixões ;RSB;','Corte total',1687129200000,72900000,1687129200000,79200000,'',1687129200000,-8.688557,41.17367,73560000,1687129200000,73620000,191509,'-46607.163700000405,167316.62829999975'
'Outro motivo','Rua Central de Francos','junto ao bloco 6','','Estreitamento',1687215600000,-1800000,1687215600000,81900000,'Reparação de pavimento',1687215600000,-8.638558,41.1715,-1620000,1687215600000,-1500000,192303,'-42412.88090000024,167050.1877000001'
'Aluimento','Rua do Lidador','757','','Ocupação do passeio',1687215600000,-1800000,1687215600000,81900000,'',1687215600000,-8.661047,41.17565,-1740000,1687215600000,-1680000,191904,'-44297.355999999636,167521.9788000003'
'Outro motivo','Rua de Santa Catarina','Rua de Passos Manuel','','Estreitamento',1687215600000,32400000,1687215600000,34200000,'CVP com Policiamento',1687215600000,-8.606856,41.1471,32400000,1687215600000,32520000,191911,'-39767.29420000032,164324.8460000007'
'Rotura de conduta','Praça da República','Nº 75','','Estreitamento',1687215600000,26100000,1687215600000,81900000,'',1687215600000,-8.613324,41.15441,25860000,1687215600000,26100000,191906,'-40305.80030000013,165139.8498999996'
'Outro motivo','Rua do Professor Agostinho da Silva','177','','Ocupação do passeio',1687215600000,30600000,1687215600000,81900000,'rotura ramal',1687215600000,-8.623767,41.17603,30780000,1687215600000,31020000,191910,'-41168.83150000031,167545.73120000036'
'Avaria de CCTV','','PSP051 - Rua Reboleira / Rua do Infante D. Henrique','','',1687215600000,31779000,'','',' Colocação de poste e sinais.',1687215600000,-8.61601,41.14044,31779000,1687215600000,31779000,192309,'-40539.900200000004,163589.66789999945'
'Rotura de conduta','Rua de D. Estevão da Gama','59/89','','Estreitamento',1687215600000,-1800000,1687215600000,81900000,'',1687215600000,-8.653196,41.17001,-900000,1687215600000,-840000,192305,'-43642.261099999814,166891.28810000085'
'Outro motivo','Travessa da Natária','39','','Ocupação do passeio',1687215600000,26820000,1687215600000,81900000,'Aluimento',1687215600000,-8.623829,41.16719,26340000,1687215600000,26880000,191907,'-41179.576700000165,166563.8565999995'
'Outro motivo','Rua do Bacelo','Nº 17','','Ocupação do passeio',1687215600000,26100000,1687215600000,81900000,'Rotura de ramal',1687215600000,-8.575263,41.14511,25860000,1687215600000,26040000,192306,'-37116.23479999971,164090.04900000023'
'Avaria de CCTV','','PSP078 - Campos dos Mártires da Pátria / Rua da Assunção ','','',1687215600000,30191000,'','',' ',1687215600000,-8.61555,41.14542,30191000,1687215600000,30191000,191909,'-40498.20239999985,164142.52429999868'
'Outro motivo','Rua do Seixal','150','','Estreitamento',1687215600000,-1800000,1687215600000,81900000,'reparação de tampa',1687215600000,-8.597882,41.16059,-1020000,1687215600000,-960000,192304,'-39005.94930000041,165818.75349999944'
'Aluimento','Rua de Álvaro Castelões','700','','Estreitamento',1687215600000,-1800000,1687215600000,81900000,'',1687215600000,-8.603626,41.17032,-1860000,1687215600000,-1740000,191903,'-39482.19359999992,166902.6296999989'
'Outro motivo','Rua do Bonfim','Nº 288','','Ocupação do passeio',1687215600000,32400000,1687215600000,81900000,'Abertura de sonda',1687215600000,-8.595882,41.14983,32820000,1687215600000,32940000,191913,'-38844.392000000036,164623.50269999926'
'Outro motivo','Rua da Restauração','lado do Hospital','','Estreitamento',1687215600000,-1800000,1687215600000,81900000,'Substituição de tampas',1687215600000,-8.617857,41.14639,-1140000,1687215600000,-1020000,191905,'-40691.293300000034,164251.32660000026'
'Outro motivo','Travessa de S. Carlos','Nº 44','','Ocupação do passeio',1687215600000,32400000,1687215600000,81900000,'Verificar ramal aos 30 cms',1687215600000,-8.614013,41.15162,32820000,1687215600000,33000000,191912,'-40365.38680000029,164830.38250000027'
'Avaria de telecomunicações','Campo de Vinte e Quatro de Agosto','Nº 16','Wondercom','Ocupação do passeio',1687215600000,34200000,1687215600000,41400000,'',1687215600000,-8.598887,41.14867,34080000,1687215600000,34260000,192310,'-39097.38489999991,164496.04599999983'
'Outro motivo','Rua de Entreparedes','Nº 47','','Estreitamento',1687215600000,26100000,1687215600000,81900000,'Reparação de válvula de empanque',1687215600000,-8.60541,41.1456,25920000,1687215600000,25980000,192307,'-39646.80559999958,164157.56589999972'
'Outro motivo','Rua de Álvares Cabral','Nº 341','','Ocupação do passeio',1687215600000,35100000,1687215600000,81900000,'Verificar ramal aos 30 cms',1687215600000,-8.614853,41.15454,35520000,1687215600000,35580000,192312,'-40434.10340000043,165154.83269999883'
'Outro motivo','','Rua Nova do Barão de Sintra ,285','','Estreitamento',1687215600000,26700000,1687215600000,42300000,'Aluimento na faixa',1687215600000,-8.590762,41.14529,26400000,1687215600000,42060000,192308,'-38417.25449999979,164117.3398000001'
'Avaria de telecomunicações','Rua da Aliança','54','MEO','Estacionamento',1687215600000,34680000,1687215600000,35280000,'',1687215600000,-8.617352,41.16402,34740000,1687215600000,34800000,192311,'-40637.972000000045,166209.28969999953'
'Avaria de telecomunicações','Rua de Robert Auzelle','5','cme','Ocupação do passeio',1687215600000,38820000,1687215600000,42420000,'',1687215600000,-8.667236,41.16932,38820000,1687215600000,39240000,191914,'-44821.01339999956,166822.4779999997'
'Avaria de CCTV','','PSP037 - Campo 24 de Agosto (CMP Balneário)','','',1687215600000,39796000,'','',' Colocação de poste .',1687215600000,-8.59954,41.149517,39796000,1687215600000,39796000,191915,'-39151.68340000048,164590.18300000043'
'Outro motivo','Campo de Vinte e Quatro de Agosto','Rua Duque Saldanha','','Estreitamento',1687215600000,46200000,1687215600000,48600000,'Estreitamento',1687215600000,-8.598866,41.14906,46140000,1687215600000,46620000,192316,'-39095.360100000114,164538.9673000008'
'Avaria de CCTV','','PSP053 - Rua de Sousa Viterbo / Mouzinho da Silveira','','',1687215600000,47085000,'','',' ',1687215600000,-8.61459,41.14183,47085000,1687215600000,47085000,192318,'-40419.82230000011,163743.37659999874'
'Outro motivo','Rua do Revilão','407','','Estacionamento',1687215600000,47460000,1687215600000,81900000,'sondar fuga',1687215600000,-8.658915,41.17243,47580000,1687215600000,47580000,191916,'-44120.579099999784,167163.41220000008'
'Avaria de telecomunicações','Rua de Pinto Bessa','c/ Rua do Padre António Vieira','altice','Estreitamento',1687215600000,48960000,1687215600000,51360000,'',1687215600000,-8.588065,41.14932,49020000,1687215600000,51120000,192320,'-38188.51489999988,164563.25859999988'
'Outro motivo','Rua do Bonjardim','582','','Ocupação do passeio',1687215600000,47460000,1687215600000,81900000,'rotura ramal domiciliário',1687215600000,-8.608352,41.15148,47640000,1687215600000,47700000,192319,'-39890.206100000054,164811.79649999933'
'Avaria de CCTV','','PSP063 - Praça dos Poveiros','','',1687215600000,50680000,'','',' colocação de sinalização de zona com Vídio vigilância.',1687215600000,-8.60377,41.14638,50680000,1687215600000,50680000,193103,'-39508.66899999982,164243.7093999998'
'Avaria de CCTV','','PSP050 - Rua da Lada (Ponte D. Luis)','','',1687215600000,49434000,'','','Abertura de buraco para instalação de poste para placa . ',1687215600000,-8.61023,41.14078,49434000,1687215600000,49434000,192321,'-40054.41409999971,163624.74340000056'
'Outro motivo','Rua do Padre Américo','Com a Rua Frederico Ozonam','','Estreitamento',1687215600000,54000000,1687215600000,81900000,'Reparação de válvula de empanque .',1687215600000,-8.638649,41.16812,54300000,1687215600000,54420000,193503,'-42422.69730000006,166674.57660000003'
'Avaria de telecomunicações','Rua da Alegria','162','wondercom','Ocupação do passeio',1687215600000,45900000,1687215600000,53100000,'',1687215600000,-8.60403,41.14903,45780000,1687215600000,46020000,192315,'-39528.91820000021,164538.14719999916'
'Outro motivo','Rua da Boavista','Nº248','','Ocupação do passeio',1687215600000,49500000,1687215600000,81900000,'rotura a de ramal.',1687215600000,-8.616287,41.15582,49800000,1687215600000,49860000,192322,'-40553.651600000456,165297.8716000002'
'Avaria de CCTV','','PSP021 - Praça da Batalha / Rua da Madeira','','',1687215600000,39138000,'','',' Montagem de poste.',1687215600000,-8.607474,41.145413,39138000,1687215600000,39138000,192313,'-39820.2105999999,164138.00880000042'
'Avaria de telecomunicações','Rua de Gonçalo Sampaio','243','','Ocupação do passeio',1687215600000,39600000,1687215600000,42300000,'',1687215600000,-8.631134,41.1546,39780000,1687215600000,39840000,192314,'-41800.65569999996,165169.85659999898'
'Avaria de telecomunicações','Rua de Serpa Pinto','95','PDT','Estreitamento',1687215600000,53700000,1687215600000,54900000,'',1687215600000,-8.62107,41.16136,53640000,1687215600000,53700000,193104,'-40951.668899999975,165914.92789999995'
'Avaria de telecomunicações','Rua do Sol','127','','Ocupação do passeio',1687215600000,49500000,1687215600000,56700000,'',1687215600000,-8.607243,41.14328,49620000,1687215600000,49680000,191917,'-39802.087100000084,163900.8245999995'
'Avaria de CCTV','','PSP056 - Largo S. Domingos / Rua Sousa Viterbo ','','',1687215600000,54712000,'','','Colocação de sinalização indicativa de zona vigiada . ',1687215600000,-8.614619,41.142788,54712000,1687215600000,54712000,193504,'-40421.66619999981,163849.7840999996'
'Avaria de CCTV','','PSP064 - Campo 24 de Agosto / Rua do Duque de Saldanha','','',1687215600000,54780000,'','',' verificação da cv.',1687215600000,-8.59832,41.1483,54780000,1687215600000,54780000,193903,'-39049.992899999925,164454.47479999988'
'Outro motivo','Rua do Almada','435','','Ocupação do passeio',1687215600000,46680000,1687215600000,81900000,'Rotura ramal domiciliário',1687215600000,-8.612135,41.15092,46740000,1687215600000,46800000,192317,'-40208.11490000045,164751.93170000028'
'Avaria de telecomunicações','Rua dos Navegantes','51','','Estreitamento',1687215600000,55800000,1687215600000,57600000,'',1687215600000,-8.593965,41.15887,55920000,1687215600000,56100000,193904,'-38678.15979999961,165626.95929999964'
'Rotura de conduta','Rua Conde de Silva Monteiro','Frente à ETAR do Freixo','','Ocupação do passeio',1687215600000,61200000,1687215600000,81900000,'',1687215600000,-8.578369,41.14904,61800000,1687215600000,61860000,193505,'-37374.73990000053,164527.6525999994'
'Acidente rodoviário','Rua de Costa Cabral','Com a Rua do Prof. Correia de Araújo','','Estreitamento',1687215600000,49500000,1687215600000,51300000,'',1687215600000,-8.600909,41.16433,50280000,1687215600000,50340000,192703,'-39165.02419999989,166317.29499999993'
'Outro motivo','Rua dos Mártires da Liberdade','Nº34','','Ocupação do passeio',1687215600000,58500000,1687215600000,81900000,'',1687215600000,-8.614593,41.15152,58260000,1687215600000,58380000,193905,'-40414.10579999992,164819.69390000027'
'Incêndio urbano','Rua de Costa Cabral','366','','Estreitamento',1687215600000,65400000,1687215600000,66600000,'',1687215600000,-8.60014,41.16487,65880000,1687215600000,66420000,193908,'-39192.902400000065,166295.51700000084'
'Acidente rodoviário','Via de Cintura Interna','Após faria Guimarães','','Estreitamento',1687215600000,64200000,1687215600000,69300000,'',1687215600000,-8.60267,41.17133,64560000,1687215600000,67860000,193907,'-39401.30080000033,167014.34710000077'
'Outro motivo','Rua dos Mártires da Liberdade','Com a Rua dos Bragas','','Estreitamento',1687215600000,62100000,1687215600000,81900000,'Endireitar tomada',1687215600000,-8.613589,41.15287,62460000,1687215600000,62520000,193906,'-40329.002399999685,164969.43989999962'
'Acidente rodoviário','Avenida de Rodrigues de Freitas','Junto Biblioteca Municipal','','Estreitamento',1687215600000,65700000,1687215600000,66600000,'',1687215600000,-8.601727,41.14567,66120000,1687215600000,66840000,193506,'-39337.55850000029,164164.0847999994'
'Avaria de iluminação pública','Rua de Serpa Pinto','658','','Ocupação do passeio',1687302000000,28740000,1687302000000,81900000,'',1687302000000,-8.620288,41.16636,28980000,1687302000000,29040000,195110,'-40882.870900000424,166470.6626999994'
'Rotura de conduta','Rua das Cegonhas','50','','Estreitamento',1687302000000,-1800000,1687302000000,81900000,'',1687302000000,-8.636589,41.18069,-1320000,1687302000000,-1260000,195106,'-42241.74849999981,168069.37869999933'
'Reparação de grelha / boca de lobo','Rua da Agra','290','','Estreitamento',1687302000000,-1800000,1687302000000,81900000,'',1687302000000,-8.676854,41.15616,-2160000,1687302000000,-2100000,194304,'-45637.33519999967,165365.57929999914'
'Reparação de coletor','Rua de Serpa Pinto','Ramada alta','','Estreitamento',1687302000000,-1800000,1687302000000,81900000,'com policiamento',1687302000000,-8.621161,41.16052,-1260000,1687302000000,-420000,195107,'-40959.81080000007,165822.0184000004'
'Reparação de boca de incêndio','Rua do Revilão','Rua dos Choupos','','Estreitamento',1687302000000,-1800000,1687302000000,81900000,'',1687302000000,-8.658853,41.17245,-1440000,1687302000000,-1380000,195105,'-44115.385900000125,167166.07149999993'
'Outro motivo','Rua Formosa','328','','Ocupação do passeio',1687302000000,30600000,1687302000000,81900000,'Ligações para a Nós',1687302000000,-8.607968,41.1488,30480000,1687302000000,30600000,194310,'-39859.62239999975,164514.86439999953'
'Outro motivo','Rua do Duque de Saldanha','65','','Ocupação do passeio',1687302000000,-1800000,1687302000000,81900000,'Abertura de sonda',1687302000000,-8.596289,41.14227,-1560000,1687302000000,-1440000,195104,'-38883.1001000004,163784.3485000002'
'Avaria de telecomunicações','Avenida de Fernão de Magalhães','557','meo','Estreitamento',1687302000000,28140000,1687302000000,35340000,'',1687302000000,-8.595509,41.15477,28440000,1687302000000,28500000,195109,'-38810.218000000306,165172.1754000004'
'Rotura de conduta','Rua do Revilão','Cruzamento com a Rua dos Choupos','','Ocupação do passeio',1687302000000,26100000,1687302000000,81900000,'',1687302000000,-8.658868,41.17252,25920000,1687302000000,26100000,194306,'-44116.62069999984,167172.98440000036'
'Outro motivo','Largo do Viriato','12','','Estreitamento',1687302000000,-1800000,1687302000000,81900000,'Pavimentação',1687302000000,-8.620154,41.14561,-2340000,1687302000000,-2280000,194303,'-40884.59370000003,164165.32420000047'
'Aluimento','Rua da India','Nº 236','','Estreitamento',1687302000000,26100000,1687302000000,81900000,'',1687302000000,-8.679961,41.16041,26400000,1687302000000,26760000,194307,'-45895.14389999958,165839.0980999994'
'Outro motivo','Rua do Duque de Saldanha','612','','Ocupação do passeio',1687302000000,-1800000,1687302000000,81900000,'',1687302000000,-8.597695,41.14707,-1620000,1687302000000,-1560000,195103,'-38998.247100000226,164317.06689999983'
'Outro motivo','Avenida de Gustavo Eiffel','Nº 286','','Ocupação do passeio',1687302000000,26100000,1687302000000,81900000,'Colocação de degrau em CI',1687302000000,-8.608836,41.14106,26460000,1687302000000,26580000,194308,'-39937.18780000042,163655.26960000073'
'Outro motivo','Rua de Barros Lima','Nº 793','','Ocupação do passeio',1687302000000,26100000,1687302000000,81900000,'Tamponar ramal',1687302000000,-8.595111,41.15346,25920000,1687302000000,26040000,195108,'-38777.57039999965,165025.65929999907'
'Outro motivo','Bairro Herculano','Rua 1 casa 25','','Estreitamento',1687302000000,-1800000,1687302000000,81900000,'',1687302000000,-8.604095,41.14243,-1740000,1687302000000,-1620000,194305,'-39538.36380000043,163804.9651999991'
'Outro motivo','Rua do Professor Bonfim Barreiros','Rua da Ajuda','','Ocupação do passeio',1687302000000,33300000,1687302000000,81000000,'Descobrir tomada do passeio',1687302000000,-8.584094,41.16985,33300000,1687302000000,33540000,194313,'-37843.27610000035,166841.5430999999'
'Outro motivo','','Rua de Monte dos Burgos,422','PDT','Estreitamento',1687302000000,31500000,1687302000000,81900000,'Avaria com policiamento',1687302000000,-8.62673,41.17331,31800000,1687302000000,32100000,194311,'-41419.19180000008,167245.45800000092'
'Outro motivo','Rua Direita de Francos','1123','','Estreitamento',1687302000000,29280000,1687302000000,81900000,'substituir válvula ramal',1687302000000,-8.635104,41.16707,29340000,1687302000000,29400000,194309,'-42125.8992999997,166555.79699999993'
'Avaria de CCTV','','PSP033 - Praça da República / Rua de João das Regras','','',1687302000000,34420000,'','',' Instalação de placa de sinalização adicional',1687302000000,-8.611886,41.155171,34420000,1687302000000,34420000,194315,'-40184.62700000033,165223.7543999996'
'Outro motivo','Rua do Revilão','495','','Estreitamento',1687302000000,33300000,1687302000000,81900000,'Aluimento',1687302000000,-8.659513,41.17302,33120000,1687302000000,33240000,194312,'-44170.37829999996,167228.74310000057'
'Outro motivo','Rua da Boavista','Nº 743','','Ocupação do passeio',1687302000000,34200000,1687302000000,81900000,'Desentulhar tomada',1687302000000,-8.62204,41.15669,33840000,1687302000000,34020000,194314,'-41036.019799999944,165397.21859999964'
'Avaria de CCTV','','PSP047 - Avenida Vimara Peres / Rua de Saraiva Carvalho','','',1687302000000,36951000,'','',' Colocação de chapas de sinalização',1687302000000,-8.61042,41.14329,36951000,1687302000000,36951000,195111,'-40068.83129999968,163903.58770000012'
'Avaria de telecomunicações','Rua da Lapa','65','Altice','Estacionamento',1687302000000,38160000,1687302000000,41760000,'',1687302000000,-8.613057,41.15659,38340000,1687302000000,38400000,194316,'-40282.085199999594,165381.53659999944'
'Outro motivo','Rua de André de Rezende','88','','Estreitamento',1687302000000,-1800000,1687302000000,81900000,'Pavimentação',1687302000000,-8.664333,41.15185,-2220000,1687302000000,-2220000,194703,'-44589.291400000424,164880.77349999928'
'Avaria de CCTV','','PSP057 - Rua D. Manuel II / Rua Alberto Aires Gouveia','','',1687302000000,39601000,'','',' Adicionar placa.',1687302000000,-8.62033,41.14731,39601000,1687302000000,39601000,195112,'-40898.314000000304,164354.6677999997'
'Avaria de CCTV','','PSP064 - Campo 24 de Agosto / Rua do Duque de Saldanha','','',1687302000000,40466000,'','','Instalação de placa de sinalização adicional ',1687302000000,-8.59832,41.1483,40466000,1687302000000,40466000,195113,'-39049.992899999925,164454.47479999988'
'Avaria de telecomunicações','Rua de Sá da Bandeira','152/174','','Ocupação do passeio',1687302000000,50400000,1687302000000,57600000,'',1687302000000,-8.60855,41.14751,50640000,1687302000000,50760000,194320,'-39909.248100000375,164371.05949999942'
'Avaria de telecomunicações','Rua Formosa','146','wondercom','Ocupação do passeio',1687302000000,50700000,1687302000000,57900000,'',1687302000000,-8.604016,41.14772,50700000,1687302000000,50760000,195118,'-39528.50360000034,164392.84520000019'
'Avaria de CCTV','','PSP044 - Rua Santa Catarina / Rua Formosa','','',1687302000000,66841000,'','','Colocação de placas indicativas de zona vigiada . ',1687302000000,-8.60637,41.14829,66841000,1687302000000,66841000,194325,'-39725.784500000045,164457.01850000024'
'Avaria de telecomunicações','Rua do Clube dos Fenianos','105','','Ocupação do passeio',1687302000000,54000000,1687302000000,64800000,'',1687302000000,-8.610922,41.15049,54600000,1687302000000,54660000,195119,'-40106.53160000041,164703.82349999977'
'Avaria de telecomunicações','Rua de Delfim Ferreira','466','meo','Estacionamento',1687302000000,49200000,1687302000000,56400000,'',1687302000000,-8.649634,41.17212,49260000,1687302000000,50580000,195117,'-43342.010900000074,167124.3695'
'Reparação de boca de incêndio','Avenida de Sidónio Pais','379','','Ocupação do passeio',1687302000000,55800000,1687302000000,81900000,'',1687302000000,-8.638095,41.16453,56220000,1687302000000,56400000,195121,'-42378.51709999988,166275.50400000095'
'Avaria de telecomunicações','Rua do Dr. Sousa Rosa','330','Wondercom','Ocupação do passeio',1687302000000,52200000,1687302000000,59400000,'',1687302000000,-8.678771,41.15789,51780000,1687302000000,51840000,194321,'-45797.0059000002,165558.39049999992'
'Avaria de CCTV','','PSP042 - Rua de Santa Catarina / Rua Fernandes Tomás','','',1687302000000,51965000,'','',' Montagem de placas.',1687302000000,-8.60576,41.14973,51965000,1687302000000,51965000,194322,'-39673.70469999961,164616.66389999902'
'Avaria de telecomunicações','Praça de D. Filipa de Lencastre','210','Visabeira','Ocupação do passeio',1687302000000,47760000,1687302000000,51360000,'',1687302000000,-8.612309,41.14823,47820000,1687302000000,47880000,195115,'-40224.40149999974,164453.01520000023'
'Avaria de CCTV','','PSP031 - Rua de Latino Coelho / Praça Marquês Pombal','','',1687302000000,48055000,'','',' Colocação de placas indicativas de zona vigiada .',1687302000000,-8.604388,41.160389,48055000,1687302000000,48055000,194318,'-39552.09870000001,165799.81310000084'
'Avaria de CCTV','','PSP057 - Rua D. Manuel II / Rua Alberto Aires Gouveia','','',1687302000000,48310000,'','','Orientação da CV ',1687302000000,-8.62033,41.14731,48310000,1687302000000,48310000,194319,'-40898.314000000304,164354.6677999997'
'Avaria de CCTV','','PSP064 - Campo 24 de Agosto / Rua do Duque de Saldanha','','',1687302000000,48495000,'','','Colocação de placas indicativas de zona vigiada ',1687302000000,-8.59832,41.1483,48495000,1687302000000,48495000,195116,'-39049.992899999925,164454.47479999988'
'Outro motivo','Rua do Amial','906','','Estreitamento',1687302000000,37800000,1687302000000,81900000,'CI Substituição de tampa',1687302000000,-8.613774,41.18079,41400000,1687302000000,41520000,195114,'-40327.36120000017,168069.51970000018'
'Outro motivo','Rua da Boavista','405','','Estreitamento',1687302000000,55800000,1687302000000,81900000,'Endireitar tomada',1687302000000,-8.618106,41.15607,56220000,1687302000000,56520000,195120,'-40706.16750000055,165326.8332000007'
'Avaria de CCTV','','PSP021 - Praça da Batalha / Rua da Madeira','','',1687302000000,58123000,'','',' Colocação de placas indicativas de zona vigiada',1687302000000,-8.607474,41.145413,58123000,1687302000000,58123000,194324,'-39820.2105999999,164138.00880000042'
'Outro motivo','Rua de Silva Porto','153','','Ocupação do passeio',1687302000000,62100000,1687302000000,81900000,'tamponar ramal domiciliário',1687302000000,-8.617042,41.16876,62220000,1687302000000,62340000,195125,'-40609.010999999926,166735.2271999999'
'Avaria de CCTV','','PSP021 - Praça da Batalha / Rua da Madeira','','',1687302000000,65367000,'','','Colocação de placas indicativas de zona vigiada ',1687302000000,-8.607474,41.145413,65367000,1687302000000,65367000,195126,'-39820.2105999999,164138.00880000042'
'Avaria de CCTV','','PSP063 - Praça dos Poveiros','','',1687302000000,68875000,'','','Colocação de placas indicativas de zona vigiada ',1687302000000,-8.60377,41.14638,68875000,1687302000000,68875000,195127,'-39508.66899999982,164243.7093999998'
'Avaria de CCTV','','PSP054 - Largo de S. Domingos / Rua das Flores','','',1687302000000,69075000,'','',' Colocação de placas indicativas de zona vigiada',1687302000000,-8.61482,41.14292,69075000,1687302000000,69075000,195128,'-40438.45980000031,163864.53749999974'
'Outro motivo','Rua do Bonjardim','582','','Ocupação do passeio',1687302000000,55800000,1687302000000,81900000,'Rutura de ramal',1687302000000,-8.608339,41.15149,56280000,1687302000000,56340000,194323,'-39889.121799999804,164813.20539999972'
'Avaria de CCTV','','PSP060 - Praça da Liberdade (Intercontinental)','','',1687302000000,59142000,'','',' 	Colocação de placas indicativas de zona vigiada .',1687302000000,-8.61122,41.14601,59142000,1687302000000,59142000,195122,'-40134.329699999675,164206.0368000007'
'Avaria de CCTV','','PSP064 - Campo 24 de Agosto / Rua do Duque de Saldanha','','',1687302000000,60488000,'','',' instalação de placas.',1687302000000,-8.59832,41.1483,60488000,1687302000000,60488000,195123,'-39049.992899999925,164454.47479999988'
'Avaria de CCTV','','PSP059 - Rua Mouzinho da Silveira / Praça Almeida Garrett','','',1687302000000,62006000,'','','Colocação de placas indicativas de zona vigiada',1687302000000,-8.61101,41.14517,62006000,1687302000000,62006000,195124,'-40117.21380000003,164112.65039999975'
'Avaria de CCTV','','PSP005 - Rua de Santa Catarina / Rua da Firmeza','','',1687302000000,71450000,'','',' Colocação de placas indicativas de zona vigiada',1687302000000,-8.605388,41.151028,71450000,1687302000000,71450000,195129,'-39641.69180000015,164760.6480999989'
'Avaria de CCTV','','PSP037 - Campo 24 de Agosto (CMP Balneário)','','',1687302000000,72166000,'','',' Colocação de placas indicativas de zona vigiada',1687302000000,-8.59954,41.149517,72166000,1687302000000,72166000,195130,'-39151.68340000048,164590.18300000043'
'Reparação de grelha / boca de lobo','Rua da Agra','290','','Estreitamento',1687388400000,-1800000,1687388400000,81900000,'',1687388400000,-8.676822,41.15615,-1740000,1687388400000,-1680000,195529,'-45634.63920000007,165364.66520000013'
'Aluimento','Rua de Maria Lamas','494','','Estreitamento',1687388400000,-1800000,1687388400000,81900000,'',1687388400000,-8.633396,41.17259,-2100000,1687388400000,-2040000,195528,'-41979.0241999999,167168.75230000002'
'Reparação de grelha / boca de lobo','Rua de Feliciano de Castilho','22','','Estreitamento',1687388400000,-1800000,1687388400000,81900000,'',1687388400000,-8.63727,41.15698,-1800000,1687388400000,-1800000,195929,'-42314.150999999576,165436.95040000067'
'Outro motivo','Rua da Igreja da Areosa','120','','Estreitamento',1687388400000,28800000,1687388400000,81900000,'reparador coletor',1687388400000,-8.587401,41.17618,28140000,1687388400000,29040000,195934,'-38117.15830000027,167545.41329999967'
'Outro motivo','','Praça de Humberto de Delgado,263','','Ocupação do passeio',1687388400000,27900000,1687388400000,81900000,'Avaria de Galeria',1687388400000,-8.611247,41.14976,27900000,1687388400000,28200000,195933,'-40134.334099999614,164622.46670000028'
'Outro motivo','Rua Formosa','304','','Ocupação do passeio',1687388400000,27000000,1687388400000,81900000,'Trocar cabo da Nós',1687388400000,-8.607973,41.1488,26760000,1687388400000,26880000,195532,'-39860.07440000026,164513.90200000105'
'Avaria de iluminação pública','Rua do Amial','283','','Ocupação do passeio',1687388400000,28800000,1687388400000,81900000,'',1687388400000,-8.6138,41.17537,29100000,1687388400000,29280000,195935,'-40332.86019999999,167468.36539999957'
'Outro motivo','Travessa da Fontinha','Rua de santa Catarina','','Estreitamento',1687388400000,-1800000,1687388400000,81900000,'',1687388400000,-8.604746,41.15483,-1920000,1687388400000,-1860000,195928,'-39585.5384999998,165182.69619999974'
'Aluimento','Rua do Padre Américo','junto ao bloco 10','','Estreitamento',1687388400000,-1800000,1687388400000,81900000,'',1687388400000,-8.639332,41.16653,-2160000,1687388400000,-2100000,195527,'-42481.10199999995,166498.4482000014'
'Avaria de iluminação pública','Rua de S. Roque da Lameira','1063','','Ocupação do passeio',1687388400000,31140000,1687388400000,81900000,'',1687388400000,-8.576328,41.16135,31260000,1687388400000,31260000,195937,'-37196.38059999985,165894.01219999968'
'Avaria de CCTV','','PSP017 - Rua Conde de Vizela','','',1687388400000,31709000,'','',' Abertura de vala.',1687388400000,-8.613589,41.146983,31709000,1687388400000,31709000,195533,'-40332.61160000039,164315.1955999994'
'Reparação de grelha / boca de lobo','Rua de Costa Cabral','1188','','Ocupação do passeio',1687388400000,-1800000,1687388400000,81900000,'',1687388400000,-8.58954,41.16954,-1980000,1687388400000,-1920000,195927,'-38300.54839999973,166809.9085000003'
'Outro motivo','Rua da Maternidade','153','','Ocupação do passeio',1687388400000,26100000,1687388400000,81900000,'',1687388400000,-8.621353,41.1516,26160000,1687388400000,26220000,195931,'-40981.52359999993,164832.11590000053'
'Avaria de telecomunicações','Rua da Alegria','125','visabeira','Estacionamento',1687388400000,31140000,1687388400000,34740000,'',1687388400000,-8.604044,41.1486,31080000,1687388400000,31200000,195936,'-39530.30570000024,164489.9365999996'
'Avaria de telecomunicações','Avenida do Dr. Antunes Guimarães','11','','Estreitamento',1687388400000,32400000,1687388400000,36000000,'',1687388400000,-8.662897,41.16378,32400000,1687388400000,32520000,195535,'-44460.619699999734,166204.98049999936'
'Rotura de conduta','Rua de Marques Marinho','72','','Corte total',1687388400000,26100000,1687388400000,81900000,'',1687388400000,-8.619427,41.16084,26040000,1687388400000,26100000,195930,'-40814.105899999835,165856.9232000004'
'Rotura de conduta','Rua das Cegonhas','50','','Estreitamento',1687388400000,-1800000,1687388400000,81900000,'',1687388400000,-8.636573,41.1807,-1680000,1687388400000,-1620000,195530,'-42240.39039999992,168070.71610000017'
'Outro motivo','Rua de Serpa Pinto','Na ramada Alta','','Estreitamento',1687388400000,-1800000,1687388400000,81900000,'Com policiamento',1687388400000,-8.621145,41.16043,-1560000,1687388400000,-540000,195531,'-40958.51809999998,165811.69449999882'
'Outro motivo','Rua do Monsenhor Manuel Marinho','18','','Estreitamento',1687388400000,26100000,1687388400000,81900000,'',1687388400000,-8.674815,41.15211,26520000,1687388400000,26640000,195932,'-45468.98919999966,164914.4255000003'
'Rotura de conduta','Rua de Artur Loureiro','Nº 48','','Estreitamento',1687388400000,32400000,1687388400000,81900000,'',1687388400000,-8.638064,41.16317,32760000,1687388400000,32820000,195939,'-42376.82349999993,166124.08180000054'
'Avaria de telecomunicações','Rua do Rosário','143','Wondercom','Ocupação do passeio',1687388400000,31500000,1687388400000,38700000,'',1687388400000,-8.620849,41.14923,31860000,1687388400000,31920000,195938,'-40940.653400000156,164568.5503'
'Avaria de telecomunicações','Rua Formosa','206','Visabeira','Ocupação do passeio',1687388400000,32400000,1687388400000,36000000,'',1687388400000,-8.60494,41.14796,32100000,1687388400000,32160000,195534,'-39605.91689999954,164419.6493999999'
'Outro motivo','Rua do Duque de Saldanha','374','','Ocupação do passeio',1687388400000,34620000,1687388400000,81900000,'reparaqção crl',1687388400000,-8.597034,41.14503,34680000,1687388400000,34740000,195536,'-38943.94529999977,164091.13919999963'
'Outro motivo','Rua de Costa Cabral','2629','','Estreitamento',1687388400000,34620000,1687388400000,81900000,'reparação SI',1687388400000,-8.584138,41.17888,34860000,1687388400000,34920000,195940,'-37841.775899999935,167843.97729999956'
'Outro motivo','Calçada da Maceda','35','','Ocupação do passeio',1687388400000,46500000,1687388400000,81900000,'substituir válvula de ramal',1687388400000,-8.573817,41.16257,46740000,1687388400000,46800000,195945,'-36984.99760000041,166028.00560000032'
'Outro motivo','Rua de Vale Formoso','25','','Ocupação do passeio',1687388400000,46500000,1687388400000,81900000,'substituir válvula ramal',1687388400000,-8.611216,41.16551,46680000,1687388400000,46680000,195944,'-40122.079499999956,166371.1719000002'
'Outro motivo','Rua do Amparo','208','','Ocupação do passeio',1687388400000,46500000,1687388400000,81900000,'desentulhar tomada',1687388400000,-8.594276,41.15629,46560000,1687388400000,46620000,195943,'-38705.80690000026,165339.65190000072'
'Outro motivo','Travessa de Bonjóia','107','','Ocupação do passeio',1687388400000,47100000,1687388400000,81900000,'substituir válvula ramal',1687388400000,-8.580186,41.15355,47160000,1687388400000,47220000,195946,'-37524.6611000001,165029.91840000072'
'Avaria de telecomunicações','Praça das Flores','227','Wondercom','Ocupação do passeio',1687388400000,37800000,1687388400000,45000000,'',1687388400000,-8.59152,41.15598,37860000,1687388400000,37920000,195942,'-38474.666500000254,165304.2668999994'
'Incêndio urbano','Rua de S. João','','','Corte total',1687388400000,52200000,1687388400000,57600000,'Corte total entre a Rua do Infante e a Rua de Mouzinho da Silveira .',1687388400000,-8.613699,41.14183,52800000,1687388400000,57480000,195953,'-40345.03349999989,163742.67359999887'
'Avaria de telecomunicações','Rua de António Cardoso','376','','Estacionamento',1687388400000,53100000,1687388400000,54000000,'',1687388400000,-8.641332,41.15745,53100000,1687388400000,53160000,195954,'-42654.83970000035,165490.5545000004'
'Avaria de CCTV','','PMV11 - Rua de S. Brás / Rua de Damião Góis','','',1687388400000,59022000,'','',' em alarme',1687388400000,-8.60969,41.16141,59022000,1687388400000,59022000,195955,'-39996.48929999961,165915.63539999956'
'Aluimento','Avenida Artur de Andrade','Por baixo do viaduto da A43','','Estreitamento',1687388400000,47700000,1687388400000,81900000,'',1687388400000,-8.571997,41.15651,47760000,1687388400000,47880000,195949,'-36835.61770000026,165354.6425999998'
'Aluimento','Rua do Ouro','155','','Ocupação do passeio',1687388400000,46800000,1687388400000,81900000,'',1687388400000,-8.646678,41.1485,47640000,1687388400000,47700000,195948,'-43109.43819999975,164499.04209999894'
'Avaria de telecomunicações','Rua dos Mercadores','76','Groupfix','Ocupação do passeio',1687388400000,37800000,1687388400000,39600000,'',1687388400000,-8.613032,41.14158,37740000,1687388400000,37800000,195941,'-40289.14900000019,163714.46149999995'
'Avaria de telecomunicações','Rua de Cedofeita','263','wondercom','Ocupação do passeio',1687388400000,47760000,1687388400000,54960000,'',1687388400000,-8.617657,41.15164,47820000,1687388400000,47820000,195950,'-40671.217400000474,164834.75799999922'
'','Rua de Latino Coelho','Nº222','','Estreitamento',1652223600000,49380000,1672790400000,50400000,'',1652223600000,-8.601215,41.1595,49440000,1672790400000,51120000,4469,'-39286.289599999836,165699.82399999895'
'Avaria de telecomunicações','Rua de António Cardoso','Com a Rua do Campo Alegre','','Estreitamento',1687388400000,49500000,1687388400000,50400000,'',1687388400000,-8.64243,41.15413,49380000,1687388400000,49620000,195952,'-42749.17619999967,165122.2485999998'
'Avaria de telecomunicações','Avenida de Fernão de Magalhães','132','Altice','Estreitamento',1687388400000,47400000,1687388400000,54000000,'c/ policiamento',1687388400000,-8.591825,41.16115,47640000,1687388400000,47700000,195947,'-38497.17609999978,165878.5624000002'
'Outro motivo','Rua do Bonfim','102','','Ocupação do passeio',1687388400000,48660000,1687388400000,81900000,'substituição válvula ramal',1687388400000,-8.597742,41.1487,48720000,1687388400000,48780000,195951,'-39001.2632999998,164498.86339999945'
'Acidente rodoviário','Avenida de Fernão de Magalhães','Com a Rua do Monte Aventino','','Estreitamento',1687388400000,67500000,1687388400000,70200000,'',1687388400000,-8.590836,41.16266,68640000,1687388400000,68700000,195956,'-38413.33820000012,166046.14550000065'
'Outro motivo','Rua da Ribeira Grande','27','','Estreitamento',1687474800000,32700000,1687474800000,81900000,'Reparação de ramal c/ Policiamento',1687474800000,-8.611361,41.18072,32760000,1687474800000,32880000,196335,'-40124.89950000025,168060.7005999995'
'Avaria elétrica','Rua do Dr. Sousa Rosa','327','','Ocupação do passeio',1687474800000,30600000,1687474800000,81900000,'',1687474800000,-8.678829,41.15788,30660000,1687474800000,30720000,196333,'-45801.88190000039,165558.34879999934'
'Avaria de telecomunicações','Rua de Rodrigues Sampaio','133','Wondercom','Ocupação do passeio',1687474800000,31800000,1687474800000,39000000,'',1687474800000,-8.609716,41.14853,31800000,1687474800000,31920000,196334,'-40006.54320000016,164485.2736000008'
'Outro motivo','Rua da Constituição','Nº 881','','Ocupação do passeio',1687388400000,40500000,1687388400000,81900000,'Descobrir tomada',1687388400000,-8.608635,41.16238,40860000,1687388400000,41100000,195538,'-39907.3629000001,166023.1665000007'
'Outro motivo','Rua da Constituição','99','','Estreitamento',1687474800000,-1800000,1687474800000,81900000,'',1687474800000,-8.599543,41.16121,-1440000,1687474800000,-1380000,196329,'-39144.92219999989,165888.8253000003'
'Reparação de boca de incêndio','Rua de S. Brás','443','','Estreitamento',1687474800000,-1800000,1687474800000,81900000,'',1687474800000,-8.609866,41.16097,-1560000,1687474800000,-1500000,196328,'-40011.56450000032,165866.3822000002'
'Aluimento','Rua de António Aroso','Rua do Roriz','','Estreitamento',1687474800000,-1800000,1687474800000,81900000,'',1687474800000,-8.670861,41.16611,-1800000,1687474800000,-1740000,196327,'-45127.392699999764,166467.3538000001'
'Outro motivo','Rua do Dr. Manuel Laranjeira','705','','Ocupação do passeio',1687474800000,-1800000,1687474800000,81900000,'',1687474800000,-8.598042,41.1719,-1260000,1687474800000,-1200000,196330,'-39012.5806999998,167074.8707000001'
'Anomalia de sinalização vertical','Avenida dos Aliados','c/ Rodrigues Sampaio','Soltráfego','Estreitamento',1687474800000,34200000,1687474800000,36900000,'',1687474800000,-8.610443,41.14921,34620000,1687474800000,34740000,196336,'-40067.126799999765,164560.8077000012'
'Outro motivo','Rua do Amparo','Nº 207','Abertura de sonda','Ocupação do passeio',1687388400000,40500000,1687388400000,81900000,'',1687388400000,-8.594237,41.15618,40920000,1687388400000,40980000,195539,'-38702.58719999991,165327.2332000003'
'Acidente rodoviário','Estrada da Circunvalação','7234','','Estreitamento',1687388400000,64800000,1687388400000,68400000,'',1687388400000,-8.59618,41.18206,64920000,1687388400000,64980000,195543,'-38850.32739999998,168202.97709999987'
'Avaria de telecomunicações','Rua de Diu','131','visabeira','Estreitamento',1687388400000,35760000,1687388400000,37800000,'c/ policiamento',1687388400000,-8.629044,41.18173,36000000,1687388400000,36060000,195537,'-41607.970900000095,168181.5701000004'
'Outro motivo','Rua das Cegonhas','50','','Estreitamento',1687474800000,-1800000,1687474800000,81900000,'',1687474800000,-8.636562,41.18071,-1140000,1687474800000,-1080000,196331,'-42239.48230000021,168072.05600000024'
'Avaria de telecomunicações','Avenida de Rodrigues de Freitas','298','PDT','Ocupação do passeio',1687388400000,51000000,1687388400000,54600000,'',1687388400000,-8.603858,41.14547,51060000,1687388400000,51120000,195541,'-39516.58930000016,164142.7305999993'
'Avaria de CCTV','','PMV11 - Rua de S. Brás / Rua de Damião Góis','','',1687388400000,55170000,'','','PMV  em estado Warning ',1687388400000,-8.60969,41.16141,55170000,1687388400000,55170000,195542,'-39996.48929999961,165915.63539999956'
'Rotura de conduta','Rua de Cunha  Espinheira','74','','Ocupação do passeio',1687474800000,24300000,1687474800000,81900000,'',1687474800000,-8.592488,41.15918,24480000,1687474800000,24540000,196332,'-38554.009399999915,165660.3450000002'
'Acidente rodoviário','Via de Cintura Interna','acesso A3','ip','Estreitamento',1687474800000,46800000,1687474800000,50400000,'',1687474800000,-8.593535,41.17109,46920000,1687474800000,46980000,196739,'-38634.83910000063,166983.41180000076'
'Outro motivo','Rua da Restauração','c/ R. Jorge Viterbo Ferreira','PM','Corte total',1687474800000,46800000,1687474800000,52200000,'',1687474800000,-8.623876,41.14561,47040000,1687474800000,47100000,197537,'-41197.07170000022,164167.58100000073'
'Avaria de telecomunicações','Rua da Alegria','162','wondercom','Ocupação do passeio',1687474800000,36900000,1687474800000,44100000,'',1687474800000,-8.604038,41.14903,36960000,1687474800000,37020000,197137,'-39529.596099999726,164537.70229999904'
'Avaria de CCTV','','PSP033 - Praça da República / Rua de João das Regras','','',1687474800000,44419000,'','',' Montagem de PSP no poste.',1687474800000,-8.611886,41.155171,44419000,1687474800000,44419000,196738,'-40184.62700000033,165223.7543999996'
'Outro motivo','Rua do Padre António Coutinho','41','','Ocupação do passeio',1687474800000,48300000,1687474800000,81900000,'Rotura ramal',1687474800000,-8.637304,41.16732,48360000,1687474800000,48420000,197538,'-42310.39319999985,166585.0876999989'
'Reparação de válvula','Rua de Bordeaux','206','','Ocupação do passeio',1687474800000,24300000,1687474800000,81900000,'',1687474800000,-8.645286,41.17852,24660000,1687474800000,24720000,196732,'-42972.92300000051,167832.71099999934'
'Outro motivo','Rua da Igreja da Areosa','120','','Estreitamento',1687474800000,27900000,1687474800000,81900000,'Reparação de Aluimento com policiamento',1687474800000,-8.58739,41.17618,27540000,1687474800000,27720000,196733,'-38116.25330000002,167546.30550000074'
'Reparação de grelha / boca de lobo','Rua de Serralves','704','','Ocupação do passeio',1687474800000,-1800000,1687474800000,81900000,'',1687474800000,-8.653471,41.15838,-1620000,1687474800000,-1560000,196728,'-43673.151800000145,165600.47119999994'
'Aluimento','Rua da Agra','290','','Estreitamento',1687474800000,33000000,1687474800000,81900000,'',1687474800000,-8.676302,41.15641,33060000,1687474800000,33120000,196735,'-45590.78220000022,165393.09950000077'
'Outro motivo','Rua de Nazaré','61','','Ocupação do passeio',1687474800000,24300000,1687474800000,81900000,'',1687474800000,-8.651993,41.15085,24600000,1687474800000,24600000,196731,'-43554.070199999995,164763.74919999958'
'Avaria de telecomunicações','Rua da Restauração','','','Ocupação do passeio',1687474800000,32100000,1687474800000,33000000,'',1687474800000,-8.620391,41.14605,32040000,1687474800000,32160000,196734,'-40904.247700000225,164215.24560000037'
'Avaria de telecomunicações','Rua de Camões','Com Gonçalo Cristovão','','Estreitamento',1687474800000,50400000,1687474800000,55800000,'',1687474800000,-8.610024,41.15356,50160000,1687474800000,50280000,196741,'-40029.32760000037,165043.98409999922'
'Outro motivo','Rua de Requezende','436','','Estreitamento',1687474800000,48300000,1687474800000,81900000,'rotura de ramal',1687474800000,-8.636142,41.17579,48540000,1687474800000,48600000,196740,'-42207.35219999957,167525.26530000064'
'Avaria de telecomunicações','Rua de Álvaro Castelões','1','','Ocupação do passeio',1687474800000,35700000,1687474800000,81900000,'',1687474800000,-8.601674,41.16383,35640000,1687474800000,35700000,196736,'-39322.25739999949,166181.24560000031'
'Reparação de válvula','Calçada da Maceda','35','','Ocupação do passeio',1687474800000,24300000,1687474800000,81900000,'',1687474800000,-8.573804,41.16258,24420000,1687474800000,24480000,196730,'-36983.865100000075,166029.34550000017'
'Aluimento','Rua de Martim Moniz','65','','Estreitamento',1687474800000,-1800000,1687474800000,81900000,'',1687474800000,-8.670356,41.17103,-1680000,1687474800000,-1680000,196727,'-45081.68719999953,167013.79219999892'
'Anomalia de sinalização luminosa','Praça da Batalha','rua Santa Catarina','Soltráfego','Estreitamento',1687474800000,36000000,1687474800000,81900000,'',1687474800000,-8.60707,41.14625,36180000,1687474800000,36420000,196337,'-39785.81080000009,164230.29069999917'
'Outro motivo','Rua de Bento Carqueja','90','','Estreitamento',1687474800000,48300000,1687474800000,81900000,'rotura ramal',1687474800000,-8.590143,41.16072,48480000,1687474800000,48540000,197539,'-38356.24500000012,165830.46749999898'
'Reparação de grelha / boca de lobo','Rua de Feliciano de Castilho','29','','Estreitamento',1687474800000,-1800000,1687474800000,81900000,'',1687474800000,-8.637357,41.15689,-1320000,1687474800000,-1320000,196729,'-42321.567999999825,165427.05440000183'
'Acidente rodoviário','Ponte do Infante','Gaia-Porto','','Estreitamento',1687474800000,51060000,1687474800000,54000000,'',1687474800000,-8.601795,41.1417,51060000,1687474800000,51060000,196743,'-39345.70150000042,163723.06840000005'
'Avaria de telecomunicações','Rua de Pedro Hispano','946','MEO','Ocupação do passeio',1687474800000,50400000,1687474800000,54000000,'',1687474800000,-8.631858,41.16453,50220000,1687474800000,50280000,196742,'-41855.0751,166272.9178000006'
'Acidente rodoviário','Rua de Fernandes Tomás','539','PSP/VMER/Bombeiros Porto','Estreitamento',1687474800000,52080000,1687474800000,57600000,'',1687474800000,-8.604893,41.1496,51780000,1687474800000,52080000,196744,'-39600.963399999804,164602.04169999989'
'Rotura de conduta','Rua das Cegonhas','Nº 50','','Estreitamento',1687734000000,-1800000,1687734000000,81900000,'Reparação de conduta',1687734000000,-8.636537,41.18065,-600000,1687734000000,-480000,198344,'-42237.36529999976,168064.79219999906'
'Reparação de boca de incêndio','Rua dos Bragas','230','','Ocupação do passeio',1687561200000,28800000,1687561200000,81900000,'',1687561200000,-8.6163,41.15266,35520000,1687561200000,35580000,197941,'-40556.64749999992,164947.3773000002'
'Avaria de CCTV','','PMV15 - Avenida de Paiva Couceiro','','',1687561200000,81511000,'','',' ',1687561200000,-8.57839,41.1446,81511000,1687561200000,81511000,197942,'-37379.012900000416,164034.78339999937'
'Aluimento','Rua de Feliciano de Castilho','Entre os nºs 22 a 29','','Ocupação do passeio',1687734000000,-1800000,1687734000000,81900000,'Reparação do aluimento',1687734000000,-8.637296,41.15697,-2160000,1687734000000,-2040000,198340,'-42316.40890000018,165435.84210000018'
'Reparação de boca de incêndio','Rua do Progresso','','','Ocupação do passeio',1687561200000,28800000,1687561200000,81900000,'',1687561200000,-8.648605,41.15267,35400000,1687561200000,35460000,197940,'-43268.47890000041,164963.29910000044'
'Aluimento','Travessa de Bonjóia','Nº 107','','Ocupação do passeio',1687734000000,-1800000,1687734000000,81900000,'',1687734000000,-8.58024,41.15358,-1860000,1687734000000,-1800000,198341,'-37529.1501000002,165032.63299999884'
'Outro motivo','Rua de Cândido dos Reis','117','','Ocupação do passeio',1687734000000,32400000,1687734000000,81900000,'Reparação de CRL',1687734000000,-8.61388,41.14735,32760000,1687734000000,32820000,198348,'-40356.849899999674,164355.7749999996'
'Outro motivo','Rua de Salgueiros','Nº 651','','Ocupação do passeio',1687734000000,-1800000,1687734000000,81900000,'Reparação de corpo de CI',1687734000000,-8.616612,41.16055,-1560000,1687734000000,-1500000,198342,'-40577.99579999964,165822.92479999823'
'Rotura de conduta','Rua de Requezende','416','','Estacionamento',1687734000000,25200000,1687734000000,81900000,'',1687734000000,-8.636396,41.17583,24180000,1687734000000,24180000,198345,'-42228.70550000014,167530.3223000004'
'Outro motivo','Rua do Monte Cativo','Cruzamento com a Rua de Salgueiros','','Estacionamento',1687734000000,-1800000,1687734000000,81900000,'Reparação de corpo de CI',1687734000000,-8.616725,41.16089,-1440000,1687734000000,-1380000,198343,'-40587.2410000002,165860.65430000046'
'Outro motivo','Rua do Estoril','242','','Estreitamento',1687474800000,54900000,1687474800000,81900000,'Tamponar ramal domiciliário',1687474800000,-8.65159,41.15079,54960000,1687474800000,55020000,196745,'-43520.27830000035,164756.57159999956'
'Avaria de CCTV','','PSP064 - Campo 24 de Agosto / Rua do Duque de Saldanha','','',1687474800000,66417000,'','','Verificar funcionamento da CV ',1687474800000,-8.59832,41.1483,66417000,1687474800000,66417000,196746,'-39049.992899999925,164454.47479999988'
'Avaria de CCTV','','PSP070 - Rua do Almada / Praça Filipa de Lencastre','','',1687474800000,67676000,'','','Verificação de funcionamento da CV ',1687474800000,-8.61212,41.14801,67676000,1687474800000,67676000,197540,'-40208.659599999904,164428.5709000002'
'Avaria elétrica','Rua de Álvaro Gomes','Nº 80','','Ocupação do passeio',1687734000000,39600000,1687734000000,81900000,'Abrir buraco',1687734000000,-8.660262,41.15008,39660000,1687734000000,39780000,199140,'-44248.680900000116,164681.60510000036'
'Outro motivo','Rua do Ouro','c/ Calçada da Arrábida','','Estreitamento',1687734000000,33300000,1687734000000,81900000,'Reparação de Tampa',1687734000000,-8.63751,41.14849,33720000,1687734000000,33840000,198349,'-42339.79069999988,164493.67669999946'
'Outro motivo','Rua de Costa Cabral','Com a Rua de Santa Justa','Soltráfego','Ocupação do passeio',1687734000000,28800000,1687734000000,54000000,'',1687734000000,-8.586422,41.17488,28860000,1687734000000,28920000,198346,'-38035.71669999976,167401.01039999898'
'Avaria de CCTV','','PSP078 - Campos dos Mártires da Pátria / Rua da Assunção ','','',1687734000000,38966000,'','',' Configurações da CV',1687734000000,-8.61555,41.14542,38966000,1687734000000,38966000,198350,'-40498.20239999985,164142.52429999868'
'Outro motivo','','Rua António Bessa Leite 1513','Meo','Estreitamento',1687734000000,29700000,1687734000000,61200000,'Avaria',1687734000000,-8.643823,41.15908,29280000,1687734000000,51600000,198347,'-42862.83970000036,165673.57699999973'
'Outro motivo','Rua de Diu','391','','Estreitamento',1687734000000,43200000,1687734000000,81900000,'Substituição de tampa de CI',1687734000000,-8.67384,41.15452,43800000,1687734000000,43860000,199541,'-45385.45009999998,165182.5830000004'
'Aluimento','Avenida da Boavista','1745','','Estreitamento',1687734000000,47700000,1687734000000,81900000,'',1687734000000,-8.644242,41.16033,47640000,1687734000000,47760000,199542,'-42897.15660000053,165812.3311000002'
'Avaria de telecomunicações','Rua da Alegria','Nº 162','Wondercom','Ocupação do passeio',1687734000000,36900000,1687734000000,44100000,'abrir cvp',1687734000000,-8.604052,41.14902,36780000,1687734000000,36840000,198754,'-39530.72319999991,164537.48409999858'
'Outro motivo','Rua de Camões','436','','Ocupação do passeio',1687734000000,31800000,1687734000000,81900000,'Substituir válvula de ramal',1687734000000,-8.609964,41.15589,31800000,1687734000000,31860000,198748,'-40022.87949999978,165302.85019999926'
'Outro motivo','Rua de Pedro Homem de Mello','Nº 273','','Estreitamento',1687734000000,-1800000,1687734000000,81900000,'Substituição de tampa CI',1687734000000,-8.667773,41.16272,-720000,1687734000000,-660000,198742,'-44870.62689999949,166089.19930000036'
'Aluimento','Rua da Restauração','Ao lado do hospital','','Ocupação do passeio',1687734000000,25200000,1687734000000,81900000,'',1687734000000,-8.620277,41.1467,24060000,1687734000000,24120000,198743,'-40778.7547000005,164234.9915999997'
'Avaria de telecomunicações','Rua das Carmelitas','20','','Ocupação do passeio',1687734000000,34200000,1687734000000,43200000,'',1687734000000,-8.61383,41.14608,33960000,1687734000000,34020000,198751,'-40353.387099999854,164214.90650000103'
'Avaria de telecomunicações','Rua de Santos Pousada','162','','Ocupação do passeio',1687734000000,33300000,1687734000000,39600000,'',1687734000000,-8.600216,41.15026,33420000,1687734000000,33480000,198749,'-39207.94830000032,164673.03499999968'
'Outro motivo','Rua das Antas','Nº 314','','Ocupação do passeio',1687734000000,-1800000,1687734000000,81900000,'Reparação de corpo de CRL',1687734000000,-8.591575,41.15943,-1740000,1687734000000,-1620000,198741,'-38477.1924999999,165687.5603000004'
'Reparação de válvula','Rua do Professor Henrique David','Rua de Entre Campos','','Estreitamento',1687734000000,47400000,1687734000000,81900000,'',1687734000000,-8.640615,41.1514,47160000,1687734000000,47400000,199141,'-42598.60419999993,164819.02410000056'
'Aluimento','Rua do Visconde de Setúbal','199','','Ocupação do passeio',1687734000000,33300000,1687734000000,81900000,'',1687734000000,-8.60535,41.16382,33900000,1687734000000,33960000,198750,'-39630.734699999855,166181.62040000057'
'Outro motivo','Avenida de Fernão de Magalhães','Com a Estrada da Circunvalação','Soltráfego','Ocupação do passeio',1687734000000,28800000,1687734000000,32400000,'',1687734000000,-8.581913,41.18024,29520000,1687734000000,29640000,198745,'-37654.28589999975,167994.5441000001'
'Avaria de telecomunicações','Rua de Gonçalo Sampaio','243','','Estreitamento',1687734000000,34200000,1687734000000,39600000,'',1687734000000,-8.631091,41.15464,34380000,1687734000000,34440000,198752,'-41797.046000000075,165173.56279999975'
'Outro motivo','Rua de Feliciano de Castilho','Nº 57','','Estreitamento',1687734000000,-1800000,1687734000000,81900000,'Colocação de pia sifónica',1687734000000,-8.637645,41.15703,-2040000,1687734000000,-1980000,198740,'-42345.64020000019,165442.29230000035'
'Outro motivo','Rua de Camões','911','','Ocupação do passeio',1687734000000,25200000,1687734000000,81900000,'Substituição de válvula de ramal',1687734000000,-8.609951,41.16019,24300000,1687734000000,24360000,198744,'-40019.17609999985,165780.7442999991'
'Avaria de CCTV','','PSP062 - Rua das Flores / Rua de Trindade de Coelho','','',1687734000000,34755000,'','','Verificar configurações da CV ',1687734000000,-8.61184,41.14488,34755000,1687734000000,34755000,198753,'-40187.07180000005,164080.82750000042'
'Outro motivo','Rua dos Campeões Europeus','Com a Alameda das Antas','Soltráfego','Estreitamento',1687734000000,32400000,1687734000000,54000000,'Selagem de espiras',1687734000000,-8.583523,41.16314,29760000,1687734000000,29820000,198746,'-37799.22140000013,166095.63800000085'
'Outro motivo','Largo da Beneditina','23','','Ocupação do passeio',1687734000000,29700000,1687734000000,57600000,'Avaria de média tensão',1687734000000,-8.666581,41.14898,30180000,1687734000000,30240000,198747,'-44779.904000000126,164562.80639999837'
'Avaria de iluminação pública','Rua de Azevedo Coutinho','170','','Ocupação do passeio',1687734000000,43200000,1687734000000,68400000,'',1687734000000,-8.646046,41.16231,43320000,1687734000000,43380000,199540,'-43047.2878000001,166032.92300000045'
'Avaria de CCTV','','PSP004 - Rua do Bonjardim / Rua Gonçalo Cristóvão','','',1687734000000,56324000,'','',' Orientação de CV',1687734000000,-8.60808,41.15339,56324000,1687734000000,56324000,200743,'-39866.23579999994,165024.2022999997'
'Avaria de CCTV','','PSP003 - Rua de Santa Catarina / Rua de Gonçalo Cristóvão','','',1687734000000,58369000,'','','Orientação de CV',1687734000000,-8.604819,41.153381,58369000,1687734000000,58369000,200744,'-39592.5060999999,165021.7094999997'
'Outro motivo','Rua de Feliciano de Castilho','n.57','','Estreitamento',1687820400000,27000000,1687820400000,81900000,'Colocação de pia sinfónica no passeio',1687820400000,-8.637668,41.15702,-1380000,1687820400000,-1260000,201546,'-42347.53880000027,165441.87820000056'
'Outro motivo','Campo dos Mártires da Pátria','n13','','Estreitamento',1687820400000,27000000,1687820400000,81900000,'retirar sifão no passeio',1687820400000,-8.617658,41.14456,-1680000,1687820400000,-1500000,201942,'-40675.69959999995,164047.9604000011'
'Outro motivo','Rua do Mestre Afonso Domingues','n20','','Estreitamento',1687820400000,27000000,1687820400000,81900000,'Aluimento na via',1687820400000,-8.674796,41.16281,-2040000,1687820400000,-1980000,201542,'-45459.97630000024,166102.75060000093'
'Avaria de telecomunicações','Rua do Infante D. Henrique','45','wondercom','Ocupação do passeio',1687734000000,53100000,1687734000000,60300000,'',1687734000000,-8.614318,41.14113,53220000,1687734000000,53280000,200740,'-40397.41110000021,163665.59339999993'
'Avaria de CCTV','','PSP038 - Rua de D. João IV / Rua Fernandes Tomás','','',1687734000000,53310000,'','',' Orientação de CV',1687734000000,-8.602051,41.148936,53310000,1687734000000,53310000,200741,'-39362.82299999991,164526.7939999993'
'Avaria de CCTV','','PSP018 - Rua de José Falcão / Rua de Santa Teresa ','','',1687734000000,55099000,'','',' Orientação de CV',1687734000000,-8.614441,41.147865,55099000,1687734000000,55099000,201140,'-40403.59360000021,164413.5457999999'
'Outro motivo','Rua dos Armazéns','n.14','','Estreitamento',1687820400000,27000000,1687820400000,81900000,'Colocação de grelha na via',1687820400000,-8.620876,41.14381,-1860000,1687820400000,-1740000,201544,'-40946.316200000205,163966.72399999973'
'Avaria de telecomunicações','Rua Formosa','102','wondercom','Ocupação do passeio',1687734000000,55020000,1687734000000,62220000,'',1687734000000,-8.603301,41.14754,55080000,1687734000000,55200000,201141,'-39468.591699999786,164372.24609999964'
'Acidente rodoviário','Túnel das Antas I','saída para a rotunda','PSP','Estreitamento',1687734000000,61560000,1687734000000,64800000,'',1687734000000,-8.585499,41.16265,61680000,1687734000000,61680000,201142,'-37965.34850000035,166042.3335999996'
'Avaria de telecomunicações','','Rua de Àlvares Cabral, 448','','Estacionamento',1687734000000,52200000,1687734000000,55800000,'',1687734000000,-8.613554,41.15416,52080000,1687734000000,52200000,199146,'-40325.23180000013,165112.25909999933'
'Outro motivo','Rua de Artur Loureiro','n,48','','Estreitamento',1687820400000,27000000,1687820400000,81900000,'Aluimento na via',1687820400000,-8.638056,41.16317,-1920000,1687820400000,-1860000,201543,'-42376.145499999664,166124.52639999962'
'Avaria de telecomunicações','Rua de S. Roque da Lameira','Nº 1147','Wondercom','Ocupação do passeio',1687734000000,48000000,1687734000000,55200000,'abrir CVP',1687734000000,-8.577139,41.16097,47940000,1687734000000,48060000,199940,'-37264.67889999972,165852.09500000117'
'Avaria de CCTV','','PSP079 - Praça de Gomes Teixeira / Praça Carlos Alberto','','',1687734000000,51896000,'','',' Orientação de CV',1687734000000,-8.61588,41.14733,51896000,1687734000000,51896000,199145,'-40524.72640000011,164354.80059999993'
'Outro motivo','Rua de Diu','n.391','','Estreitamento',1687820400000,27000000,1687820400000,81900000,'Substituição de tampa de ci na via',1687820400000,-8.673823,41.15454,-1500000,1687820400000,-1380000,201545,'-45384.01479999995,165183.7053999989'
'Aluimento','Rua dos Bragas','230','','Ocupação do passeio',1687734000000,55320000,1687734000000,81900000,'',1687734000000,-8.616272,41.15269,55380000,1687734000000,55440000,200742,'-40554.327499999665,164950.19929999986'
'Outro motivo','Rua de Serpa Pinto','Entre a rua S, Dinis e a Ramada Alta','','Estreitamento',1687820400000,27000000,1687820400000,81900000,'Inspeção de coletor na via com Policiamento',1687820400000,-8.620529,41.16506,-960000,1687820400000,-780000,201549,'-40903.943699999705,166325.9113999997'
'Outro motivo','Rua das Cegonhas','n.50','','Estreitamento',1687820400000,27000000,1687820400000,81900000,'reparação de conduta na via',1687820400000,-8.636537,41.18069,-1260000,1687820400000,-1200000,201547,'-42237.33930000004,168069.2762000002'
'Outro motivo','Avenida de Gustavo Eiffel','Junto a ponte D. Maria','','Estreitamento',1687820400000,27000000,1687820400000,81900000,'Limpeza de ribeira na via com policiamento',1687820400000,-8.596117,41.14035,-1080000,1687820400000,-1020000,201548,'-38869.75189999956,163570.08060000118'
'Outro motivo','Rua do Ouro','junto a antiga EDP','','Estreitamento',1687820400000,27000000,1687820400000,81900000,'Reparação de injetores na via',1687820400000,-8.636924,41.14826,-780000,1687820400000,-660000,201550,'-42290.74100000034,164467.70910000044'
'Outro motivo','Rua da Vigorosa','800','','Estacionamento',1687820400000,25200000,1687820400000,81900000,'Reparação de ramal domiciliário',1687820400000,-8.590897,41.16648,25080000,1687820400000,25260000,201943,'-38416.18609999962,166469.80780000042'
'Outro motivo','Rua de Pinto Bessa','65','','Estreitamento',1687820400000,28800000,1687820400000,34200000,'Ligações fibra ótica com policiamento',1687820400000,-8.586864,41.14903,28740000,1687820400000,28860000,201552,'-38087.82650000058,164530.7990999997'
'Avaria de telecomunicações','Rua de Santo Ildefonso','Nº 403','Wondercom','Ocupação do passeio',1687734000000,49320000,1687734000000,56520000,'abrir CVP',1687734000000,-8.60101,41.14741,49320000,1687734000000,49380000,199143,'-39276.319899999486,164356.4238000008'
'Avaria de CCTV','','PSP068 - Rua do Bolhão / Rua da Firmeza','','',1687820400000,32569000,'','',' ',1687820400000,-8.60735,41.15101,32569000,1687820400000,32569000,201558,'-39806.40290000006,164759.54730000006'
'Avaria de CCTV','','PSP070 - Rua do Almada / Praça Filipa de Lencastre','','',1687820400000,32647000,'','',' ',1687820400000,-8.61212,41.14801,32647000,1687820400000,32647000,201559,'-40208.659599999904,164428.5709000002'
'Outro motivo','Travessa de Silva Porto','Com a Rua de Monsanto','','Estreitamento',1687820400000,26100000,1687820400000,81900000,'Instalação de válvula de conduta',1687820400000,-8.616501,41.1718,26040000,1687820400000,26160000,201551,'-40561.74000000021,167072.917099999'
'Avaria de telecomunicações','Rua de João de Deus','c/ Av. da Boavista','Visabeira','Estreitamento',1687820400000,33300000,1687820400000,54000000,'',1687820400000,-8.635813,41.15914,33240000,1687820400000,48900000,201561,'-42186.18609999953,165675.36730000016'
'Outro motivo','Travessa de Azevedo','491','','Estacionamento',1687820400000,34500000,1687820400000,81900000,'Reparação de CI',1687820400000,-8.56454,41.15153,34620000,1687820400000,34680000,201562,'-36212.43070000042,164798.90729999926'
'Outro motivo','','Travessa de Alvares castelões,35','Visa beira','',1687820400000,33300000,1687820400000,40500000,'Trocar caixa',1687820400000,-8.692244,41.18657,33120000,1687820400000,33480000,201560,'-46907.34009999964,168750.76620000077'
'Outro motivo','Praça de Parada Leitão','Rua do Carmo','','Ocupação do passeio',1687734000000,49500000,1687734000000,79200000,'',1687734000000,-8.617569,41.1472,49680000,1687734000000,49740000,199144,'-40666.60819999968,164340.7754999996'
'Outro motivo','Avenida da Boavista','c/ R. de Domingues Alvarez','','Estreitamento',1687820400000,31500000,1687820400000,81900000,'Rotura de ramal',1687820400000,-8.648694,41.16112,31620000,1687820400000,31680000,201555,'-43270.31010000033,165901.6340999993'
'Avaria de telecomunicações','Rua de Ferreira Cardoso','202','PDT','Estacionamento',1687820400000,31200000,1687820400000,39600000,'',1687820400000,-8.597734,41.14794,31380000,1687820400000,31500000,201554,'-39001.029900000365,164414.3372000012'
'Avaria de CCTV','','PSP038 - Rua de D. João IV / Rua Fernandes Tomás','','',1687820400000,32403000,'','',' ',1687820400000,-8.602051,41.148936,32403000,1687820400000,32403000,201556,'-39362.82299999991,164526.7939999993'
'Outro motivo','Rua da Azenha','220','','Estreitamento',1687820400000,29700000,1687820400000,81900000,'Rutura ramal',1687820400000,-8.613212,41.18142,29700000,1687820400000,29820000,201553,'-40279.805100000405,168139.65960000115'
'Avaria de CCTV','','PSP064 - Campo 24 de Agosto / Rua do Duque de Saldanha','','',1687820400000,32453000,'','',' ',1687820400000,-8.59832,41.1483,32453000,1687820400000,32453000,201557,'-39049.992899999925,164454.47479999988'
'Outro motivo','Rua de Aires de Ornelas','167','','Estreitamento',1687820400000,26100000,1687820400000,81900000,'',1687820400000,-8.59661,41.15662,26280000,1687820400000,26340000,201944,'-38901.47950000032,165378.0051000005'
'Avaria de telecomunicações','Rua de Camões','19','','Estreitamento',1687820400000,33300000,1687820400000,38700000,'',1687820400000,-8.609925,41.15196,33420000,1687820400000,33480000,201952,'-40022.00619999958,164866.4518000001'
'Avaria de telecomunicações','Rua de Guerra Junqueiro','c/ Av da Boavista','','Estreitamento',1687820400000,33300000,1687820400000,54000000,'',1687820400000,-8.635813,41.15904,33240000,1687820400000,33420000,201950,'-42190.52199999974,165665.2997999991'
'Avaria de telecomunicações','Rua de Alferes Malheiro','119','','Estacionamento',1687820400000,32400000,1687820400000,39600000,'',1687820400000,-8.610658,41.1521,31740000,1687820400000,32100000,201947,'-40083.41129999984,164882.44380000106'
'Avaria de CCTV','','PSP030 - Rua da Restauração / Largo do Viriato','','',1687820400000,32358000,'','',' ',1687820400000,-8.620219,41.146119,32358000,1687820400000,32358000,201948,'-40889.73809999971,164222.3443999999'
'Avaria de CCTV','','PSP007 - Praça da República / Rua do Almada','','',1687820400000,32603000,'','',' ',1687820400000,-8.612131,41.153578,32603000,1687820400000,32603000,201949,'-40206.16899999975,165046.95119999856'
'Avaria de telecomunicações','Rua da Graciosa','Nº 178','Wondercom','Ocupação do passeio',1687734000000,49440000,1687734000000,56640000,'abrir cvp',1687734000000,-8.626869,41.16224,49440000,1687734000000,49500000,199546,'-41437.85419999996,166015.57420000082'
'Avaria de CCTV','','PMV01 - Avenida Associação Empresarial de Portugal (AEP)','','',1687820400000,29653000,'','','PMV no estado Warning  à várias horas .',1687820400000,-8.65116,41.17439,29653000,1687820400000,29653000,201946,'-43468.52359999996,167377.1613999991'
'Avaria de telecomunicações','Rua de Clemente Menéres','Nº 80','Altice','Ocupação do passeio',1687734000000,49020000,1687734000000,51420000,'abrir cvp',1687734000000,-8.618786,41.14858,49020000,1687734000000,49080000,199545,'-40767.9030999997,164495.39189999935'
'Avaria de telecomunicações','Praça da República','Nº 210','Groupfix','Estreitamento',1687734000000,48480000,1687734000000,52080000,'Abrir cvp c/ policiamento',1687734000000,-8.612005,41.15375,48480000,1687734000000,48540000,199544,'-40195.514800000004,165066.43200000015'
'Avaria de CCTV','','PSP008 - Rua do Almada / Rua de Alferes Malheiro','','',1687820400000,35721000,'','','Instalação de CV . ',1687820400000,-8.611957,41.152915,35721000,1687820400000,35721000,202342,'-40191.96960000044,164973.23860000088'
'Avaria elétrica','Rua de Candemil','Nº 64','','Ocupação do passeio',1687820400000,47340000,1687820400000,81900000,'Baixa tensão',1687820400000,-8.669713,41.1668,47580000,1687820400000,47640000,203146,'-45030.612099999395,166543.38110000087'
'Aluimento','Rua de Requezende','Nº 426','','Estreitamento',1687820400000,47220000,1687820400000,81900000,'',1687820400000,-8.636249,41.17579,47160000,1687820400000,47220000,203143,'-42216.370299999515,167525.12830000004'
'Avaria de telecomunicações','Rua do Barão de S. Cosme','Rua do Duque de Palmela','','Estacionamento',1687820400000,57600000,1687820400000,59400000,'',1687820400000,-8.598618,41.1447,57960000,1687820400000,58080000,204744,'-39077.11569999998,164054.78489999982'
'Outro motivo','Rua de Marques Abreu','Nº 20','','Estreitamento',1687820400000,44700000,1687820400000,81900000,'Reparação de Ramal',1687820400000,-8.621861,41.17001,44640000,1687820400000,44700000,202745,'-41012.638199999776,166876.62309999915'
'Aluimento','Alameda do Professor Hernâni Monteiro','','','Ocupação do passeio',1687820400000,48780000,1687820400000,81900000,'',1687820400000,-8.600885,41.18303,48780000,1687820400000,48840000,203542,'-39244.5566999998,168313.1031000005'
'Outro motivo','Rua de Câmara Pestana','477','','Estreitamento',1687820400000,44100000,1687820400000,81900000,'Boca do lobo',1687820400000,-8.593845,41.15694,43920000,1687820400000,44220000,203142,'-38669.23500000029,165412.4456999995'
'Outro motivo','Praça do Exército Libertador','nº94','','Ocupação do passeio',1687820400000,39360000,1687820400000,81900000,'Abrir sonda',1687820400000,-8.625,41.16624,39300000,1687820400000,39360000,202743,'-41278.418100000315,166459.44060000035'
'Avaria de telecomunicações','Travessa de Álvaro Castelões','35','','Ocupação do passeio',1687820400000,48600000,1687820400000,57600000,'',1687820400000,-8.602351,41.16578,48780000,1687820400000,48840000,203543,'-39377.918200000255,166397.3114000001'
'Outro motivo','Praça Artur Santos Silva','nº 88','','Estreitamento',1687820400000,51000000,1687820400000,81900000,'rot. ramal domiciliario',1687820400000,-8.609456,41.16366,51180000,1687820400000,51180000,204342,'-39975.51119999957,166165.65520000065'
'Avaria de telecomunicações','Rua do Campo Alegre','c/ R. Guerra Junqueiro','visabeira','Estreitamento',1687820400000,54900000,1687820400000,56700000,'c/ policiamento',1687820400000,-8.638818,41.15315,54660000,1687820400000,54900000,204743,'-42446.61160000039,165011.6425000004'
'Outro motivo','Rua de Bernardino Machado','Nº 86','','Estacionamento',1687820400000,51240000,1687820400000,81900000,'Rot. Ramal domiciliário',1687820400000,-8.650736,41.15184,51240000,1687820400000,51300000,204343,'-43447.883500000404,164872.81809999968'
'Outro motivo','Rua de D. João IV','844','','Ocupação do passeio',1687820400000,39240000,1687820400000,81900000,'PDO',1687820400000,-8.602464,41.15413,39120000,1687820400000,39240000,202742,'-39394.355800000085,165103.44099999964'
'Avaria elétrica','Rua de Fernando Pessoa','','','Ocupação do passeio',1687820400000,47340000,1687820400000,81900000,'Baixa tensão',1687820400000,-8.647893,41.16192,47340000,1687820400000,47400000,203144,'-43202.608400000245,165990.68940000047'
'Outro motivo','Rua de Câmara Pestana','484','','Estreitamento',1687820400000,44100000,1687820400000,81900000,'Boca do lobo',1687820400000,-8.593856,41.15701,43920000,1687820400000,44100000,202744,'-38670.09740000027,165419.627499999'
'Avaria de CCTV','','PSP031 - Rua de Latino Coelho / Praça Marquês Pombal','','',1687820400000,54011000,'','',' Mudança do local da sinalética da CV ',1687820400000,-8.604388,41.160389,54011000,1687820400000,54011000,204742,'-39552.09870000001,165799.81310000084'
'Avaria elétrica','Rua do Dr. Vasco Valente','Nº 60','','Ocupação do passeio',1687820400000,47340000,1687820400000,81900000,'Baixa tensão',1687820400000,-8.656321,41.16518,47400000,1687820400000,47460000,203145,'-43907.75629999957,166356.43139999948'
'Aluimento','Rua do Dr. Júlio de Matos','Nº 454','','Estreitamento',1687820400000,50760000,1687820400000,81900000,'',1687820400000,-8.592139,41.17455,50640000,1687820400000,50760000,203942,'-38515.72400000038,167367.41630000013'
'Avaria de telecomunicações','Rua de Pinto Bessa','361','wondercom','Ocupação do passeio',1687820400000,60000000,1687820400000,67200000,'',1687820400000,-8.590178,41.14985,60060000,1687820400000,60120000,204745,'-38365.558699999965,164623.19089999943'
'Outro motivo','Rua de Valpaços','93','','Ocupação do passeio',1687820400000,59940000,1687820400000,81900000,'remover hidrante',1687820400000,-8.568544,41.15867,60000000,1687820400000,60060000,205144,'-36544.59989999981,165593.2606000003'
'Avaria de telecomunicações','Rua de Camões','504','Altice','Estreitamento',1687820400000,72300000,1687820400000,79500000,'c/ policiamento',1687820400000,-8.609999,41.15643,72240000,1687820400000,72420000,205145,'-40025.485600000226,165362.48120000033'
'Outro motivo','Rua do Estoril','n.242','','Estreitamento',1687906800000,27000000,1687906800000,81900000,'Aluimento na faixa',1687906800000,-8.651592,41.15079,-180000,1687906800000,-120000,205944,'-43520.453700000486,164756.07129999992'
'Avaria de telecomunicações','Rua de António da Silva Marinho','n.3','','Estreitamento',1687906800000,-3600000,1687906800000,46800000,'Abertura de CVP na via com policiamento',1687820400000,-8.653625,41.17486,82740000,1687906800000,25200000,205544,'-43675.04619999981,167430.4871999989'
'Outro motivo','Rua de Requezende','426','','Ocupação do passeio',1687906800000,26100000,1687906800000,81900000,'Verificar ramal aos 30',1687906800000,-8.636277,41.1758,26460000,1687906800000,26520000,206353,'-42218.711199999736,167526.56279999972'
'Outro motivo','Rua de Artur Loureiro','n.48','','Estreitamento',1687906800000,27000000,1687906800000,81900000,'Aluimento na faixa',1687906800000,-8.638045,41.16317,240000,1687906800000,300000,206346,'-42375.24700000055,166124.18480000074'
'Outro motivo','Rua das Cegonhas','n.50','','Estreitamento',1687906800000,27000000,1687906800000,81900000,'Reparação de conduta na faixa',1687906800000,-8.636499,41.18067,1920000,1687906800000,2100000,206351,'-42234.19629999991,168067.91269999972'
'Outro motivo','Rua da Igreja de Paranhos','Frente a igreja','','Estreitamento',1687906800000,32400000,1687906800000,54000000,'Trabalhos de coletores na faixa com policiamento  a partir das 10 horas até as 16 horas',1687906800000,-8.605767,41.17356,1500000,1687906800000,1800000,205947,'-39659.88570000049,167263.53329999876'
'Outro motivo','Rua do Dr. Aarão de Lacerda','n.369','','Estreitamento',1687906800000,27000000,1687906800000,81900000,'Reparação de tampa no passeio',1687906800000,-8.657368,41.16908,900000,1687906800000,1080000,205946,'-43993.01480000003,166790.9304000007'
'Outro motivo','Rua do Professor Henrique David','sem','','Estreitamento',1687906800000,27000000,1687906800000,81900000,'Aluimento na faixa',1687906800000,-8.640591,41.15153,120000,1687906800000,180000,206345,'-42596.473199999884,164833.2919999991'
'Outro motivo','Rua do Monte Alegre','n.371','','Estreitamento',1687906800000,27000000,1687906800000,81900000,'Abertura de sonda na zona de estacionamento',1687906800000,-8.615542,41.16492,1080000,1687906800000,1200000,206348,'-40485.505800000436,166308.62820000024'
'Outro motivo','Rua de Câmara Pestana','n.477','','Estreitamento',1687906800000,27000000,1687906800000,81900000,'reparação de ramal no passeio',1687906800000,-8.594449,41.15542,1260000,1687906800000,1320000,206349,'-38720.790500000054,165243.6066999992'
'Outro motivo','Rua de Gonçalo Sampaio','n.350','','Estreitamento',1687906800000,27000000,1687906800000,81900000,'Substituição de tampa na via com policiamento',1687906800000,-8.630288,41.15516,480000,1687906800000,600000,206347,'-41729.282999999894,165231.15550000028'
'Outro motivo','Rua da Conceição','n.20','','Estreitamento',1687906800000,27000000,1687906800000,81900000,'Reparação de tampa no passeio',1687906800000,-8.613399,41.14999,360000,1687906800000,420000,205945,'-40314.83710000007,164648.75210000123'
'Outro motivo','Rua de António Cardoso','n.235','','Estreitamento',1687906800000,27000000,1687906800000,81900000,'Aluimento na passeio',1687906800000,-8.641706,41.15633,-60000,1687906800000,60000,206344,'-42686.95390000013,165366.36319999967'
'Avaria de telecomunicações','Rua de Santos Pousada','Nº 79','Groupfix- João Costa','Estreitamento',1687906800000,28380000,1687906800000,31980000,'Abrir CVP C/ policiamento',1687906800000,-8.600399,41.14946,28260000,1687906800000,28500000,205951,'-39223.84339999961,164584.3429'
'Outro motivo','Rua do Ouro','frente a antiga EDP','','Estreitamento',1687906800000,27000000,1687906800000,81000000,'Reparação de injetores na via',1687906800000,-8.639536,41.14845,1860000,1687906800000,1920000,206350,'-42509.927799999656,164490.5203000009'
'Outro motivo','Rua do Niassa','Entre a rua do Quanza e a rua do Zaire','','Estreitamento',1687906800000,27000000,1687906800000,81900000,'Desobstrução de coletores na via com acompanhamento Policial',1687906800000,-8.620068,41.16467,2280000,1687906800000,2760000,205948,'-40865.48379999951,166282.65850000115'
'Avaria de telecomunicações','Rua do Campo Alegre','Nº1111','Visabeira- Bruno Ribeiro','Estreitamento',1687906800000,31620000,1687906800000,36000000,'Abrir CVP c/ policiamento',1687906800000,-8.641511,41.15381,31560000,1687906800000,31620000,205953,'-42672.19930000039,165086.89109999998'
'Outro motivo','Rua do Progresso','c/ R. das Condominhas','','Ocupação do passeio',1687906800000,26100000,1687906800000,81900000,'Passar broca',1687906800000,-8.648636,41.15266,26340000,1687906800000,26400000,205950,'-43271.070199999944,164962.97629999937'
'Outro motivo','Rua de Calouste Gulbenkian','67','','Ocupação do passeio',1687906800000,26100000,1687906800000,81900000,'Verificar ramal aos 30',1687906800000,-8.627558,41.1514,26400000,1687906800000,26640000,206352,'-41502.54490000008,164812.6693999991'
'Outro motivo','Praça de Almeida Garrett','16','ACA/Ferrovial','Ocupação do passeio',1687906800000,25200000,1687906800000,64800000,'',1687906800000,-8.611189,41.14534,24900000,1687906800000,25080000,205949,'-40132.10989999958,164131.53989999933'
'Outro motivo','Rua da Azenha','Nº220','','Estreitamento',1687906800000,29580000,1687906800000,81900000,'Rep. Ramal',1687906800000,-8.612052,41.18137,29520000,1687906800000,29580000,205952,'-40182.50239999972,168133.1812999988'
'Avaria de telecomunicações','Rua de Pinto Bessa','C/ R. do Padre António Vieira','Groupfix- João Costa','Estreitamento',1687906800000,32040000,1687906800000,32640000,'abrir CVP C/ policiamento',1687906800000,-8.58808,41.14933,31980000,1687906800000,32040000,206354,'-38189.74299999972,164564.0507000004'
'Avaria elétrica','Rua da Cerca','Nº 436','','Ocupação do passeio',1687906800000,32280000,1687906800000,81900000,'baixa tensão',1687906800000,-8.67408,41.15354,32220000,1687906800000,32280000,206355,'-45406.2895999998,165073.3369999995'
'Outro motivo','Rua de Cunha  Espinheira','Nº 15','','Ocupação do passeio',1687906800000,32400000,1687906800000,81900000,'Rep. Ramal',1687906800000,-8.591806,41.15895,32460000,1687906800000,32520000,206357,'-38496.93790000021,165634.28769999932'
'Avaria elétrica','Praça do Exército Libertador','Nº 30','','Ocupação do passeio',1687906800000,32400000,1687906800000,81900000,'Baixa Tensão',1687906800000,-8.625061,41.16643,32340000,1687906800000,32400000,206356,'-41283.405399999596,166480.6016000006'
'Avaria de telecomunicações','Rua de Sacadura Cabral','C/ R. de Cedofeita','Visabeira','Estreitamento',1687906800000,32700000,1687906800000,35100000,'Abrir Cvp c/ policiamento',1687906800000,-8.619105,41.15529,32760000,1687906800000,32820000,205954,'-40790.47609999965,165239.88350000055'
'Outro motivo','Praça de D. Filipa de Lencastre','Com a Rua Elisio de Melo','Soltrafego','Estreitamento',1687906800000,34200000,1687906800000,37800000,'Substituição da CV 070 da PSP',1687906800000,-8.612156,41.14797,33660000,1687906800000,34320000,206358,'-40211.72670000042,164424.00850000107'
'Avaria elétrica','Rua da Restauração','nº 292','','Ocupação do passeio',1687906800000,48180000,1687906800000,81900000,'Iluminação Publica',1687906800000,-8.623919,41.14557,48120000,1687906800000,48240000,207961,'-41200.28490000037,164164.32950000116'
'Outro motivo','Rua de Fernandes Tomás','Com Rua D. João IV','Soltrafego','Estreitamento',1687906800000,37800000,1687906800000,41400000,'Substituição da CV 038 PSP',1687906800000,-8.60207,41.14899,37560000,1687906800000,37680000,206762,'-39364.375099999874,164532.7401000002'
'Avaria de telecomunicações','Rua de Cinco de Outubro','Nº 310','CME','Ocupação do passeio',1687906800000,36000000,1687906800000,41400000,'Abrir CVP',1687906800000,-8.631862,41.16118,35940000,1687906800000,36180000,205956,'-41857.561200000375,165900.37379999962'
'Outro motivo','Rua de Pinho Leal','Nº 459','','Ocupação do passeio',1687906800000,35400000,1687906800000,81900000,'Desp. Tomada',1687906800000,-8.671141,41.16379,35340000,1687906800000,35400000,205955,'-45152.505400000075,166210.70610000016'
'Avaria de telecomunicações','Rua de Álvaro Castelões','nº 356','GROUPFIX','Ocupação do passeio',1687906800000,45180000,1687906800000,52380000,'Abrir cvp',1687906800000,-8.603477,41.16675,45180000,1687906800000,45240000,207560,'-39471.80800000025,166505.79179999942'
'Outro motivo','Rua de Santa Catarina','47','','Ocupação do passeio',1687906800000,47700000,1687906800000,81900000,'',1687906800000,-8.607015,41.14664,38820000,1687906800000,47820000,207160,'-39780.892900000305,164273.94229999944'
'Avaria de veículo','Avenida da Associação Empresarial de Portugal','','','Estreitamento',1687906800000,48600000,1687906800000,52200000,'Pesado imobilizado',1687906800000,-8.644171,41.16873,48780000,1687906800000,48840000,208360,'-42885.77850000006,166744.7138999998'
'Aluimento','Rua da Vigorosa','Nº 800','','Estreitamento',1687906800000,46380000,1687906800000,81900000,'',1687906800000,-8.590923,41.16645,46320000,1687906800000,46380000,206764,'-38418.386300000304,166466.77129999865'
'Avaria de telecomunicações','Rua dos Cedros','Nº 100','Groupfix- José Santana','Ocupação do passeio',1687906800000,45840000,1687906800000,53040000,'Abrir CVP',1687906800000,-8.656916,41.17404,45840000,1687906800000,45900000,207561,'-43951.33590000036,167340.26750000028'
'Outro motivo','Largo de António Cálem','','','Ocupação do passeio',1687906800000,34200000,1687906800000,81900000,'Verificar caixa de manobras',1687906800000,-8.653721,41.14839,34560000,1687906800000,34680000,206359,'-43700.78689999971,164490.4991'
'Aluimento','Rua de Timor','n.11','','Estreitamento',1652396400000,27000000,1652396400000,81900000,'Aluimento no passeio',1652310000000,-8.68547,41.16616,60060000,1652310000000,60120000,4733,'-46353.48709999962,166481.04189999966'
'Avaria de CCTV','','PMV12 - Avenida Gustavo Eiffel / Ponte Luiz I ','','',1687906800000,36064000,'','',' ',1687906800000,-8.60959,41.14079,36064000,1687906800000,36064000,206360,'-40000.67499999979,163625.55870000052'
'Avaria de CCTV','','PSP064 - Campo 24 de Agosto / Rua do Duque de Saldanha','','',1687906800000,40727000,'','','Substituição de camara',1687906800000,-8.59832,41.1483,40727000,1687906800000,40727000,206763,'-39049.992899999925,164454.47479999988'
'Outro motivo','Rua de Caldas Xavier','114','','Estreitamento',1687906800000,36600000,1687906800000,81900000,'Reparação de corpo de CI',1687906800000,-8.629319,41.15689,36720000,1687906800000,36840000,206760,'-41646.81809999977,165423.0997000004'
'Avaria de CCTV','','PMV02 - Rua Faria Guimarães / Via Cintura Interna','','',1687906800000,48363000,'','',' ',1687906800000,-8.60521,41.17072,48363000,1687906800000,48363000,207962,'-39614.85039999987,166947.5387000003'
'Outro motivo','Rua da Igreja de Cedofeita','3','','Estreitamento',1687906800000,47700000,1687906800000,81900000,'Visabeira',1687906800000,-8.620718,41.15595,47820000,1687906800000,47880000,207960,'-40925.530600000115,165314.43849999984'
'Avaria de telecomunicações','Rua de Guedes de Azevedo','c/ R. do Bolhão','','Estreitamento',1687906800000,48600000,1687906800000,54000000,'',1687906800000,-8.606841,41.15228,48900000,1687906800000,48960000,208361,'-39762.94620000021,164900.1258999998'
'Outro motivo','Avenida 25 de Abril','n.84','','Estreitamento',1687993200000,27000000,1687993200000,81900000,'Substituição de grelha na zona de estacionamento',1687993200000,-8.581517,41.15608,-120000,1687993200000,300000,211161,'-37634.942400000065,165310.65469999894'
'Rotura de conduta','Rua de Aires de Ornelas','286','','Estacionamento',1687993200000,25200000,1687993200000,81900000,'Rotura de ramal',1687993200000,-8.597543,41.15746,25020000,1687993200000,25080000,210765,'-38979.29420000041,165471.53740000035'
'Outro motivo','Rua da Torrinha','n.156','','Estreitamento',1687993200000,27000000,1687993200000,81900000,'Reparação de crl no passeio',1687993200000,-8.620404,41.15257,1500000,1687993200000,1560000,211162,'-40901.24579999963,164938.44070000038'
'Avaria de CCTV','','PMV03 - Rua Faria Guimarães / Rua do Dr. Pedro Dias','','',1687906800000,52422000,'','',' ',1687906800000,-8.60636,41.16852,52422000,1687906800000,52422000,208761,'-39712.69020000001,166703.73470000012'
'Outro motivo','Rua de Bordeaux','n.206','','Estreitamento',1687993200000,27000000,1687993200000,81900000,'Aluimento na via',1687993200000,-8.645471,41.17864,-720000,1687993200000,-660000,211160,'-42988.37019999971,167846.70380000013'
'Outro motivo','Rua de Pinho Leal','n,459','','Estreitamento',1687993200000,27000000,1687993200000,81900000,'Aluimento no passeio',1687993200000,-8.671124,41.16379,-1320000,1687993200000,-1260000,210760,'-45151.059000000365,166210.2457999997'
'Outro motivo','Rua do Progresso','com condominhas','','Estreitamento',1687993200000,27000000,1687993200000,81900000,'Aluimento no passeio',1687993200000,-8.648646,41.15266,-600000,1687993200000,-540000,210761,'-43271.86019999996,164962.64629999973'
'Avaria elétrica','Viela do Anjo','12','','Ocupação do passeio',1687906800000,59400000,1687906800000,72000000,'',1687906800000,-8.612858,41.14333,59220000,1687906800000,59280000,210360,'-40273.454300000274,163909.04340000084'
'Outro motivo','Rua de Santa Catarina','n,47','','Estreitamento',1687993200000,27000000,1687993200000,81900000,'Retirar sifão no passeio',1687993200000,-8.606961,41.14665,1860000,1687993200000,1920000,210763,'-39776.415799999566,164275.6513999999'
'Anomalia de sinalização luminosa','Praça da República','Rua do Almada','','Ocupação do passeio',1687906800000,54000000,1687906800000,61200000,'',1687906800000,-8.611988,41.15368,54540000,1687906800000,54660000,209561,'-40194.08009999985,165058.19050000096'
'Avaria de CCTV','','PMV11 - Rua de S. Brás / Rua de Damião Góis','','',1687906800000,57932000,'','',' ',1687906800000,-8.60969,41.16141,57932000,1687906800000,57932000,209960,'-39996.48929999961,165915.63539999956'
'Outro motivo','Rua do Cerco do Porto','n.1125','','Estreitamento',1687993200000,27000000,1687993200000,81900000,'Abertura de sonda no passeio',1687993200000,-8.570972,41.15778,1740000,1687993200000,1800000,211164,'-36748.82320000039,165495.6242999991'
'Outro motivo','Rua do Padre António Coutinho','n.41','','Estreitamento',1687993200000,27000000,1687993200000,81900000,'Aluimento no passeio',1687993200000,-8.637334,41.16722,-480000,1687993200000,-240000,210762,'-42312.935700000206,166573.66559999975'
'Avaria de telecomunicações','Largo do Priorado','76','Visabeira','Estreitamento',1687906800000,54000000,1687906800000,56400000,'c/ policiamento',1687906800000,-8.621808,41.15602,54360000,1687906800000,54420000,209560,'-41016.945500000314,165322.93740000023'
'Outro motivo','Rua das Cegonhas','n.50','','Estreitamento',1687993200000,27000000,1687993200000,81900000,'reparação de conduta na via',1687993200000,-8.636494,41.1807,2040000,1687993200000,2160000,211165,'-42233.73319999982,168070.15200000114'
'Outro motivo','Rua do Cunha','n.380','','Estreitamento',1687993200000,27000000,1687993200000,81900000,'Reparação de tampa no passeio',1687993200000,-8.602754,41.16736,1620000,1687993200000,1680000,211163,'-39410.74290000001,166573.5034000001'
'Avaria de telecomunicações','Rua das Flores','151','CME','Ocupação do passeio',1687906800000,52200000,1687906800000,63000000,'',1687906800000,-8.612842,41.14441,52500000,1687906800000,52740000,208762,'-40271.47890000047,164028.84960000016'
'Outro motivo','Rua do Monte Alegre','n.371','','Estreitamento',1687993200000,27000000,1687993200000,81900000,'Abertura de sonda na zona de estacionamento',1687993200000,-8.615518,41.16492,1980000,1687993200000,2040000,210764,'-40483.47979999981,166308.61690000028'
'Rotura de conduta','Rua da Nau Vitória','1019','','Estreitamento',1687993200000,25200000,1687993200000,81900000,'',1687993200000,-8.578587,41.17456,24900000,1687993200000,24960000,211166,'-37378.48830000028,167361.98910000015'
'Aluimento','Travessa de Silva Porto','Com a Rua de Monsanto','','Estacionamento',1687993200000,26100000,1687993200000,81900000,'',1687993200000,-8.616495,41.17181,26400000,1687993200000,26460000,210766,'-40561.22250000002,167073.63480000093'
'Outro motivo','Rua da Azenha','220','','Estreitamento',1687993200000,28800000,1687993200000,81900000,'reparação ramal',1687993200000,-8.612057,41.18137,28860000,1687993200000,28860000,211167,'-40182.94429999968,168133.39589999994'
'Rotura de conduta','Rua do Professor Bento de Jesus Caraça','181','','Ocupação do passeio',1687993200000,30600000,1687993200000,81900000,'',1687993200000,-8.597958,41.16275,31020000,1687993200000,31080000,210770,'-39010.96109999995,166059.12879999905'
'Avaria de iluminação pública','Rua de João Corregedor da Fonseca','111','','Ocupação do passeio',1687993200000,30600000,1687993200000,81900000,'',1687993200000,-8.575492,41.17841,30480000,1687993200000,30540000,210769,'-37116.609299999596,167788.2706000004'
'Avaria de telecomunicações','Rua da Constituição','2688','PDT','Ocupação do passeio',1687993200000,30600000,1687993200000,32400000,'',1687993200000,-8.629706,41.1651,30300000,1687993200000,30480000,210768,'-41674.08200000047,166335.24860000054'
'Outro motivo','Rua da Meditação','40','','Ocupação do passeio',1687993200000,28800000,1687993200000,39600000,'Avaria da Meo',1687993200000,-8.630644,41.1571,28980000,1687993200000,29100000,210767,'-41757.9040999999,165447.0832000001'
'Avaria de telecomunicações','Rua da Lapa','68','groupfix','Estacionamento',1687993200000,31140000,1687993200000,31140000,'c/ policiamento',1687993200000,-8.613185,41.15632,31260000,1687993200000,31380000,210771,'-40292.98510000016,165351.4940000009'
'Outro motivo','Rua de Cunha  Espinheira','15','','Ocupação do passeio',1687993200000,28800000,1687993200000,81900000,'reparação ramal',1687993200000,-8.59215,41.15901,28920000,1687993200000,28980000,211168,'-38525.745099999935,165640.9075000002'
'Avaria de telecomunicações','Praça de Nove de Abril','Nº 201','Wondercom','Ocupação do passeio',1687906800000,52200000,1687906800000,59400000,'abrir CVP',1687906800000,-8.611189,41.17175,52140000,1687906800000,52200000,209161,'-40115.979899999686,167064.91550000035'
'Outro motivo','Rua do Dr. Roberto Frias','c/ R. Dr. Plácido da Costa','','Ocupação do passeio',1687993200000,31800000,1687993200000,81900000,'abertura de sonda',1687993200000,-8.599082,41.17847,31800000,1687993200000,31860000,211172,'-39095.93340000048,167805.26330000005'
'Outro motivo','Avenida de Fontes Pereira de Melo','350','','Ocupação do passeio',1687993200000,31500000,1687993200000,35100000,'Reparação CME da vodafone',1687993200000,-8.650345,41.17827,31380000,1687993200000,31560000,211171,'-43397.594499999635,167807.6524999994'
'Avaria de iluminação pública','Rua de Delfim Ferreira','421','','Ocupação do passeio',1687993200000,30600000,1687993200000,81900000,'',1687993200000,-8.649313,41.17175,30540000,1687993200000,30600000,211170,'-43315.243499999866,167083.39870000147'
'Avaria de telecomunicações','Praça de Gomes Teixeira','40','NOS','Ocupação do passeio',1687993200000,33300000,1687993200000,33900000,'',1687993200000,-8.616069,41.14713,33360000,1687993200000,33360000,210772,'-40540.679600000425,164332.21560000058'
'Avaria de telecomunicações','Rua do Bonjardim','661','telcabo','Ocupação do passeio',1687993200000,33600000,1687993200000,37200000,'',1687993200000,-8.607791,41.15426,34020000,1687993200000,34080000,210773,'-39841.4626000002,165120.91669999965'
'Reparação de grelha / boca de lobo','Beco do Pedregulho','Nº 16','','Estreitamento',1687993200000,43920000,1687993200000,81900000,'',1687993200000,-8.604431,41.14625,43920000,1687993200000,43980000,212761,'-39564.26329999982,164229.83170000048'
'Outro motivo','Rua do Campo Alegre','Com a Rua António cardoso','Soltráfego','Estreitamento',1687993200000,36900000,1687993200000,54000000,'',1687993200000,-8.642462,41.15409,37320000,1687993200000,37440000,212361,'-42751.90160000047,165118.22729999965'
'Outro motivo','Rua Nova de S. Crispim','270','','Ocupação do passeio',1687993200000,35760000,1687993200000,81900000,'reparação crl',1687993200000,-8.595051,41.16009,35820000,1687993200000,35940000,211961,'-38768.56390000044,165762.85940000127'
'Avaria de CCTV','','PMV10 - Rua do Coronel Raúl Peres / Esplanada do Castelo','','',1687993200000,47624000,'','',' ',1687993200000,-8.67589,41.1497,47624000,1687993200000,47624000,213162,'-45560.8941000002,164647.80859999903'
'Avaria de CCTV','','PMV04 - Rua de Camões','','',1687993200000,51944000,'','',' ',1687993200000,-8.60994,41.15408,51944000,1687993200000,51944000,213561,'-40021.94670000028,165101.68920000066'
'Avaria de telecomunicações','Rua do Conde de Avranches','532','','Estacionamento',1687993200000,55800000,1687993200000,57600000,'',1687993200000,-8.610252,41.17713,55740000,1687993200000,55800000,214763,'-40034.07349999989,167661.51200000005'
'Outro motivo','Rua de Azevedo de Albuquerque','3','','Ocupação do passeio',1687993200000,35100000,1687993200000,81900000,'Rutura de conduta',1687993200000,-8.618322,41.14499,35340000,1687993200000,35460000,211960,'-40731.206000000246,164096.61539999984'
'Avaria de telecomunicações','Avenida da Boavista','955','CME','Estacionamento',1687993200000,53100000,1687993200000,55800000,'',1687993200000,-8.634944,41.15887,53460000,1687993200000,53520000,213961,'-42117.70689999969,165645.9686999994'
'Outro motivo','Rua da Levada','2','','Ocupação do passeio',1687993200000,55200000,1687993200000,81900000,'Rutura de ramal',1687993200000,-8.572751,41.1457,54960000,1687993200000,55200000,214761,'-36905.01419999996,164155.0643000008'
'Outro motivo','Rua de Nevala','30','','Ocupação do passeio',1687993200000,55200000,1687993200000,81900000,'Rutura de ramal',1687993200000,-8.59112,41.16484,54900000,1687993200000,55320000,214362,'-38435.8711999999,166288.6907000006'
'Outro motivo','Rua do Engenheiro Ferreira Dias','444','','Ocupação do passeio',1687993200000,35100000,1687993200000,37800000,'Intervenção de caixa de comunicações',1687993200000,-8.643529,41.17304,34740000,1687993200000,34800000,211560,'-42829.069899999486,167223.10820000106'
'Avaria de CCTV','','PMV14 - Avenida Fernão de Magalhães / Rua de Barros Lima / Rua de Câmara Pestana','','',1687993200000,55056000,'','',' ',1687993200000,-8.59553,41.15481,55056000,1687993200000,55056000,214762,'-38811.9222999998,165176.21490000014'
'Aluimento','Rua da Firmeza','Nº 365','','Estacionamento',1687993200000,46800000,1687993200000,81900000,'',1687993200000,-8.604714,41.15094,47100000,1687993200000,47100000,212764,'-39585.19849999993,164750.17180000138'
'Outro motivo','Rua da Vigorosa','734','','Ocupação do passeio',1687993200000,55200000,1687993200000,81900000,'Rutura de ramal',1687993200000,-8.590138,41.16629,54900000,1687993200000,55260000,214361,'-38352.63329999984,166449.2673000009'
'Aluimento','Avenida do Parque','112','','Estreitamento',1687993200000,45360000,1687993200000,81900000,'',1687993200000,-8.671879,41.16625,45480000,1687993200000,45540000,212763,'-45212.730399999804,166484.0977999997'
'Avaria de telecomunicações','Rua de Rodrigues Semide','504','Wondercom','Ocupação do passeio',1687993200000,56400000,1687993200000,63900000,'',1687993200000,-8.58119,41.17841,56400000,1687993200000,56520000,214363,'-37594.7169000003,167791.02989999964'
'Aluimento','Avenida da Boavista','865-863','','Estreitamento',1687993200000,45420000,1687993200000,81900000,'',1687993200000,-8.623413,41.15697,45420000,1687993200000,45420000,212762,'-41151.04939999989,165428.7084999996'
'Outro motivo','Rua do Engenheiro Pedro Inácio Lopes','Nº 69','','Estreitamento',1687993200000,46800000,1687993200000,81900000,'Rep. de CI',1687993200000,-8.582671,41.1708,47160000,1687993200000,47280000,213161,'-37723.3733999999,166945.9252999995'
'Aluimento','Rua do Lidador','757','','Ocupação do passeio',1687993200000,56700000,1687993200000,81900000,'',1687993200000,-8.6615,41.17605,56520000,1687993200000,56640000,214364,'-44335.0744000003,167567.07379999929'
'Avaria de telecomunicações','Rua de Júlio Dinis','Rua D. Manuel II','','Estreitamento',1687993200000,57600000,1687993200000,58500000,'',1687993200000,-8.626177,41.15231,58020000,1687993200000,58140000,214764,'-41386.03050000028,164912.44610000076'
'Avaria de CCTV','','PMV15 - Avenida de Paiva Couceiro','','',1687993200000,57167000,'','',' ',1687993200000,-8.57839,41.1446,57167000,1687993200000,57167000,214365,'-37379.012900000416,164034.78339999937'
'Incêndio urbano','Rua da Madeira','n.84','','Estreitamento',1688079600000,11700000,1688079600000,12600000,'Incendio em habitação',1688079600000,-8.608464,41.14579,11820000,1688079600000,12180000,215165,'-39903.06120000029,164180.1987999998'
'Rotura de conduta','Largo do Dr. Tito Fontes','','','Estreitamento',1687993200000,71100000,1687993200000,81900000,'',1687993200000,-8.608142,41.15326,71100000,1687993200000,71160000,214368,'-39871.54930000012,165009.68810000113'
'Aluimento','Rua de Silva Porto','C/ R. de Monsanto','','Estreitamento',1688079600000,27720000,1688079600000,81900000,'',1688079600000,-8.618454,41.17069,27660000,1688079600000,27720000,215166,'-40726.29490000003,166950.0576000012'
'Reparação de boca de incêndio','Largo da Alfândega','22','','Ocupação do passeio',1687993200000,63900000,1687993200000,81900000,'',1687993200000,-8.62193,41.14388,64140000,1687993200000,64380000,214366,'-41034.8052000002,163974.18739999965'
'Outro motivo','Rua de Cunha  Espinheira','Nº 15','','Estreitamento',1688079600000,28740000,1688079600000,81900000,'Rep. Ramal',1688079600000,-8.59178,41.15894,28680000,1688079600000,28740000,215167,'-38494.69369999975,165632.9300999995'
'Avaria de telecomunicações','Rua de Santa Catarina','1222','wondercom','Ocupação do passeio',1688079600000,32040000,1688079600000,39240000,'',1688079600000,-8.604552,41.15702,32040000,1688079600000,32100000,215574,'-39567.86950000006,165425.72230000087'
'Outro motivo','Rua do Monte Alegre','n.37','','Estreitamento',1688079600000,27000000,1688079600000,81900000,'retirar sifão na zona de estacionamento',1688079600000,-8.619461,41.16496,60000,1688079600000,120000,215163,'-40814.370199999736,166314.27820000006'
'Outro motivo','Rua da Pena','junto as escadas','','Estreitamento',1688079600000,27000000,1688079600000,81900000,'Reparação de tampa no passeio',1688079600000,-8.629946,41.15095,-300000,1688079600000,-240000,215162,'-41703.26219999973,164763.8440000005'
'Avaria de veículo','Via de Cintura Interna','','','Estreitamento',1650582000000,58200000,1650582000000,66600000,'',1650582000000,-8.580859,41.14321,59160000,1650582000000,64680000,156,'-37587.11220000037,163881.9115999993'
'Avaria de telecomunicações','Rua de Justino Teixeira','843','Wondercom','Ocupação do passeio',1688079600000,30600000,1688079600000,37800000,'',1688079600000,-8.590383,41.15538,30720000,1688079600000,30780000,215168,'-38379.54449999985,165236.99909999996'
'Acidente rodoviário','Via de Cintura Interna','saida para a A3','','Estreitamento',1688079600000,1800000,1688079600000,11700000,'Corte de via direita',1688079600000,-8.593717,41.17127,2160000,1688079600000,11940000,215164,'-38650.01719999959,167003.85429999972'
'Outro motivo','Rua da Firmeza','n.365','','Estreitamento',1688079600000,27000000,1688079600000,81900000,'Aluimento no passeio',1688079600000,-8.604704,41.15093,-1020000,1688079600000,-960000,215161,'-39584.29999999982,164749.11989999938'
'Outro motivo','Rua da Firmeza','88','','Ocupação do passeio',1687993200000,63900000,1687993200000,81900000,'Rutura de ramal',1687993200000,-8.602051,41.15103,64200000,1687993200000,64320000,214367,'-39361.55420000014,164759.75249999948'
'Outro motivo','Avenida de Fernão de Magalhães','Nº 2952','','Ocupação do passeio',1688079600000,28020000,1688079600000,81900000,'Abertura de Sonda',1688079600000,-8.584423,41.17475,27960000,1688079600000,28020000,215569,'-37868.114199999654,167385.62849999947'
'Outro motivo','Rua de Álvaro Castelões','n.507','','Estreitamento',1688079600000,27000000,1688079600000,81900000,'Aluimento no passeio',1688079600000,-8.603476,41.1681,-540000,1688079600000,-420000,215563,'-39470.89709999973,166655.28270000045'
'Outro motivo','Travessa da Póvoa','n.69','','Estreitamento',1688079600000,27000000,1688079600000,81900000,'Aluimento no passeio',1688079600000,-8.597143,41.15697,-660000,1688079600000,-600000,215562,'-38946.074599999985,165416.4021000008'
'Outro motivo','Rua da Nau Vitória','n.1019','','Estreitamento',1688079600000,27000000,1688079600000,81900000,'Aluimento no via',1688079600000,-8.578612,41.17455,-900000,1688079600000,-600000,215561,'-37380.58239999976,167361.24579999986'
'Avaria elétrica','Rua de Cedofeita','nº 399','','Ocupação do passeio',1688079600000,28380000,1688079600000,81900000,'Baixa tensão',1688079600000,-8.618531,41.15356,28320000,1688079600000,28440000,215570,'-40743.38839999963,165047.41310000038'
'Avaria de telecomunicações','Rua Manuel Pinheiro da Rocha','439','altice','Ocupação do passeio',1688079600000,29760000,1688079600000,30660000,'',1688079600000,-8.647751,41.17348,29520000,1688079600000,29760000,215573,'-43183.03060000023,167274.06599999958'
'Outro motivo','Rua das Cegonhas','n.50','','Estreitamento',1688079600000,27000000,1688079600000,81900000,'reparação de conduta na via',1688079600000,-8.636531,41.18069,120000,1688079600000,180000,215567,'-42236.886599999874,168069.72199999928'
'Outro motivo','Rua do Engenheiro Pedro Inácio Lopes','n.109','','Estreitamento',1688079600000,27000000,1688079600000,81900000,'reparação de corpo na via',1688079600000,-8.583433,41.1693,-120000,1688079600000,-2209161600000,215566,'-37788.15950000012,166780.3230000007'
'Reparação de coletor','Rua do Monte Alegre','Nº 2','','Estreitamento',1688079600000,28800000,1688079600000,81900000,'',1688079600000,-8.619829,41.16491,28620000,1688079600000,28860000,215571,'-40845.2939999998,166308.9323999995'
'Avaria de telecomunicações','Rua do Bonjardim','661','Vodafone','Ocupação do passeio',1688079600000,28800000,1688079600000,32400000,'',1688079600000,-8.607764,41.15424,29520000,1688079600000,29940000,215572,'-39839.215599999756,165118.80780000085'
'Outro motivo','Rua de António Enes','n.51','','Estreitamento',1688079600000,27000000,1688079600000,81900000,'construção de corpo no passeio',1688079600000,-8.621225,41.16544,-240000,1688079600000,-180000,215565,'-40962.15880000029,166368.2170999999'
'Outro motivo','Rua das Sobreiras','com Bairro D. Leonor','','Estreitamento',1688079600000,27000000,1688079600000,81900000,'Reparação de injetores na via com acompanhamento da PM',1688079600000,-8.657602,41.14734,360000,1688079600000,720000,215568,'-44027.265800000205,164375.88159999961'
'Outro motivo','Rua do Campo Alegre','n.1084','','Estreitamento',1688079600000,27000000,1688079600000,81900000,'Aluimento no passeio',1688079600000,-8.641133,41.15371,-360000,1688079600000,-360000,215564,'-42640.548499999575,165075.58030000038'
'Aluimento','Rua do Lidador','c/ R. Martim Moniz','','Estacionamento',1688079600000,32400000,1688079600000,81900000,'',1688079600000,-8.660843,41.17541,32460000,1688079600000,33360000,215169,'-44280.35859999986,167494.86260000034'
'Avaria de telecomunicações','Rua do Amial','419','Altice','Estreitamento',1688079600000,33000000,1688079600000,34200000,'',1688079600000,-8.61413,41.17652,33120000,1688079600000,33360000,215575,'-40359.865799999905,167596.02140000093'
'Anomalia de sinalização luminosa','Praça de Gonçalves Zarco','','Porto digital','Estreitamento',1688079600000,51300000,1688079600000,64800000,'',1688079600000,-8.687876,41.16789,51420000,1688079600000,51540000,215982,'-46554.1783999996,166673.92200000075'
'Outro motivo','Rua de Camões','Nº 760','','Ocupação do passeio',1688079600000,39120000,1688079600000,81900000,'Descobrir tomada',1688079600000,-8.60996,41.15873,39060000,1688079600000,39120000,215174,'-40020.786399999655,165618.3463999999'
'Avaria de CCTV','','PSP079 - Praça de Gomes Teixeira / Praça Carlos Alberto','','',1688079600000,40816000,'','',' ',1688079600000,-8.61588,41.14733,40816000,1688079600000,40816000,215175,'-40524.72640000011,164354.80059999993'
'Avaria de CCTV','','PSP067 - Rua de Cedofeita / Praça de Carlos Alberto','','',1688079600000,40867000,'','',' ',1688079600000,-8.61626,41.14881,40867000,1688079600000,40867000,215176,'-40555.71210000008,164519.34519999984'
'Avaria de telecomunicações','Rua dos Bragas','Nº 132','Telcabo- Robison','Ocupação do passeio',1688079600000,41700000,1688079600000,44100000,'Abrir CVP',1688079600000,-8.615147,41.15274,41700000,1688079600000,41700000,215578,'-40459.88850000041,164955.08109999966'
'Reparação de grelha / boca de lobo','Rua do Professor Mendes Correia','Nº 310','','Estacionamento',1688079600000,36900000,1688079600000,81900000,'',1688079600000,-8.594586,41.17128,36660000,1688079600000,36900000,215171,'-38721.56639999984,167005.51270000119'
'Avaria de telecomunicações','Rua de Costa Cabral','1082','','Ocupação do passeio',1688079600000,45600000,1688079600000,81900000,'',1688079600000,-8.602012,41.16346,45660000,1688079600000,45720000,215978,'-39350.84269999989,166139.25540000037'
'Aluimento','Rua do Professor Bento de Jesus Caraça','181','','Estreitamento',1688079600000,45600000,1688079600000,81900000,'',1688079600000,-8.597937,41.16275,45780000,1688079600000,45960000,216378,'-39009.255599999815,166059.03639999958'
'Outro motivo','Avenida de Gustavo Eiffel','','','Estreitamento',1688079600000,36840000,1688079600000,81900000,'Rep. CI',1688079600000,-8.593985,41.13997,36720000,1688079600000,36840000,215172,'-38690.98960000001,163527.51740000068'
'Avaria de telecomunicações','Rua de Gonçalo Cristóvão','Nº 26','Groupfix- João Costa','Estreitamento',1688079600000,35820000,1688079600000,35820000,'Abrir CVP S/ Policiamento',1688079600000,-8.605538,41.1535,35760000,1688079600000,35820000,215170,'-39652.79480000017,165035.5434000011'
'Avaria de telecomunicações','Rua de Sá da Bandeira','c/ R. Formosa','Visabeira','Estreitamento',1688079600000,48900000,1688079600000,81900000,'',1688079600000,-8.607901,41.14877,49200000,1688079600000,49320000,215979,'-39853.99100000042,164510.72990000088'
'Outro motivo','Rua da Póvoa','64','','Ocupação do passeio',1688079600000,53400000,1688079600000,81900000,'',1688079600000,-8.597154,41.15693,53340000,1688079600000,53460000,215983,'-38947.01869999995,165412.8646000013'
'Avaria de telecomunicações','Rua do Passeio Alegre','930','wondercom','Ocupação do passeio',1688079600000,49440000,1688079600000,56640000,'',1688079600000,-8.671643,41.14908,49500000,1688079600000,49680000,215980,'-45204.81649999969,164577.12289999993'
'Avaria de CCTV','','PMV01 - Avenida Associação Empresarial de Portugal (AEP)','','',1688166000000,30619000,'','','Ao PMV001.D ',1688166000000,-8.65116,41.17439,30619000,1688166000000,30619000,216781,'-43468.52359999996,167377.1613999991'
'Outro motivo','Rua de Cedofeita','44','','Ocupação do passeio',1688079600000,54900000,1688079600000,68400000,'',1688079600000,-8.616386,41.14925,54600000,1688079600000,54720000,216381,'-40566.0456999997,164568.14470000067'
'Avaria de telecomunicações','Rua do Heroísmo','Nº 352','Telcabo','Estreitamento',1688166000000,32400000,1688166000000,35100000,'',1688166000000,-8.594573,41.14616,32340000,1688166000000,32400000,216782,'-38736.712100000084,164215.6700999995'
'Outro motivo','Rua de Francisco da Rocha Soares','36','','Estreitamento',1688079600000,53100000,1688079600000,81900000,'',1688079600000,-8.618354,41.14268,53520000,1688079600000,53760000,216379,'-40735.341900000385,163839.15289999885'
'Acidente rodoviário','Via de Cintura Interna','Nó A3','IP','Estreitamento',1688166000000,59400000,1688166000000,61200000,'',1688166000000,-8.594229,41.17138,59400000,1688166000000,61260000,216785,'-38692.90369999971,167015.91369999896'
'Outro motivo','Rua de Pedro Hispano','Nº 201','','Estreitamento',1688166000000,34200000,1688166000000,81900000,'Desentulhar tomada',1688166000000,-8.639451,41.16109,33960000,1688166000000,34080000,216783,'-42494.563900000445,165894.55359999984'
'Avaria de telecomunicações','Avenida de Fernão de Magalhães','Nº 1862 e Rua da Vigorosa','Altice','Estreitamento',1688684400000,32400000,1688684400000,54000000,'Com policiamento',1688252400000,-8.588791,41.16547,65040000,1688252400000,65220000,217980,'-38240.06450000032,166357.22680000053'
'Rotura de conduta','Rua do Furriel Guilherme Dantas','Nº 64','','Estreitamento',1688166000000,45900000,1688166000000,81900000,'',1688166000000,-8.657448,41.1722,45900000,1688166000000,45960000,216784,'-43997.61149999961,167137.29729999983'
'Avaria elétrica','Travessa dos Campos','103','','Ocupação do passeio',1688166000000,71100000,1688166000000,81900000,'',1688166000000,-8.607111,41.15919,71460000,1688166000000,71520000,216787,'-39781.41199999949,165668.4383000003'
'','Rua do Freixo','Nº 1383','Altice','Estreitamento',1688511600000,32400000,1688511600000,54000000,'Com policiamento',1688252400000,-8.61679,41.1783,63060000,1688511600000,-1920000,217582,'-40581.97470000019,167794.1832999997'
'','Rua de Barros Lima','Nº 897','','Estreitamento',1688943600000,-3600000,1688943600000,81900000,'Das 00h00 às 07h00 e das 21h00 às 24h00 - com policiamento',1688252400000,-8.595319,41.15437,62640000,1688252400000,62700000,217581,'-38794.49749999964,165127.67009999923'
'Acidente rodoviário','Via de Cintura Interna','Prelada','','Estreitamento',1688166000000,63900000,1688166000000,65700000,'',1688166000000,-8.632654,41.17193,64140000,1688166000000,65940000,216786,'-41917.16660000016,167094.32369999986'
'Outro motivo','Rua de Damião de Góis','Nº 453','','Ocupação do passeio',1688166000000,28500000,1688166000000,81900000,'Verificar ramal aos 30 cms',1688166000000,-8.61503,41.16213,28380000,1688166000000,29040000,216780,'-40444.27630000011,165998.62209999963'
'Outro motivo','Rua do Dr. Henrique de Miranda','Cruzamento com a Avenida de Fernão de Magalhães','','Estreitamento',1688166000000,26100000,1688166000000,81900000,'Reparação de tampa de CI',1688166000000,-8.591976,41.16109,26040000,1688166000000,26340000,216779,'-38509.94390000033,165872.16159999874'
'Outro motivo','Rua de Contumil','559/561/530','','Ocupação do passeio',1688079600000,55800000,1688079600000,81900000,'Substituir cabeça móvel',1688079600000,-8.582133,41.1683,55740000,1688079600000,55800000,216382,'-37679.66299999971,166668.36059999967'
'Avaria de CCTV','','CA009P005 - Rua de Ferraz','','',1685487600000,2644843000,'','',' ',1685487600000,-8.614197,41.144429,2644843000,1685487600000,2644843000,216383,'-40385.225800000124,164031.83459999977'
'Outro motivo','Rua das Taipas','29','','Ocupação do passeio',1688079600000,53700000,1688079600000,81900000,'',1688079600000,-8.617263,41.14269,53640000,1688079600000,53700000,216380,'-40643.68499999956,163839.76259999853'
'','Rua de Pedro Hispano','Nº1052','','Estreitamento',1688598000000,32400000,1688598000000,54000000,'Com policiamento',1688252400000,-8.630803,41.16503,62280000,1688252400000,62400000,217979,'-41766.25960000049,166327.14259999964'
'','Rua de Oliveira Monteiro','Nº 633','Altice','Estreitamento',1688425200000,32400000,1688425200000,54000000,'Com policiamento',1688252400000,-8.62472,41.16085,61800000,1688425200000,360000,217579,'-41258.34119999977,165860.01270000057'
'','Rua das Fontainhas','Nº 181','Altice','Estreitamento',1688684400000,32400000,1688684400000,54000000,'Com policiamento',1688252400000,-8.602898,41.14476,62460000,1688684400000,1680000,217580,'-39436.402999999984,164063.40770000013'
'Avaria de telecomunicações','Rua de Anselmo Braamcamp','Nºs 150 e 504','Altice','Estreitamento',1688684400000,32400000,1688684400000,54000000,'Das 00h00 às 07h00, das 10h00 às 16h00 e das 21h00 às 24h00',1688252400000,-8.600926,41.15241,65280000,1688252400000,65460000,217981,'-39266.29220000004,164912.3754999994'
'Avaria de telecomunicações','Rua de Sá da Bandeira','Nº 251, com a Rua do Dr. António Emílio de Magalhães','Altice','Estreitamento',1689030000000,32400000,1689030000000,54000000,'Com policiamento',1688252400000,-8.608146,41.14829,65700000,1688252400000,65820000,217583,'-39874.91309999957,164457.64530000024'
'Avaria de telecomunicações','Rua de Cervantes','Nº 423','Altice','Estreitamento',1689116400000,32400000,1689116400000,54000000,'Com policiamento',1688252400000,-8.613345,41.15986,65880000,1688252400000,66000000,217584,'-40304.228299999595,165745.4118000005'
'Avaria de telecomunicações','Rua de Gonçalo Sampaio','Cruzamento com a Rua de João Martins Branco','Altice','Estreitamento',1689202800000,-3600000,1689202800000,81900000,'Das 00h00 às 07h00 e das 21h00 às 24h00 - com policiamento',1688252400000,-8.632406,41.15326,66300000,1688252400000,67140000,217585,'-41908.267599999876,165021.32599999968'
'Aluimento','Avenida de Fernão de Magalhães','Nº 2952','','Ocupação do passeio',1688338800000,-3600000,1688338800000,81900000,'',1688252400000,-8.584354,41.17456,77040000,1688252400000,77100000,217587,'-37862.37289999986,167364.2973000001'
'Acidente rodoviário','Avenida da Associação Empresarial de Portugal','Final da avenida','','Estreitamento',1688166000000,66600000,1688166000000,69300000,'',1688166000000,-8.644198,41.16874,67080000,1688166000000,67080000,217183,'-42888.02109999954,166745.68549999996'
'Avaria de CCTV','','PSP051 - Rua Reboleira / Rua do Infante D. Henrique','','',1688166000000,72792000,'','',' ',1688166000000,-8.61601,41.14044,72792000,1688166000000,72792000,217184,'-40539.900200000004,163589.66789999945'
'Rotura de conduta','Rua de Pedro Hispano','Nº 284','','Estacionamento',1688166000000,28500000,1688166000000,81900000,'',1688166000000,-8.638567,41.16141,28440000,1688166000000,28500000,217181,'-42420.184600000226,165928.99049999935'
'Avaria de CCTV','','PMV01 - Avenida Associação Empresarial de Portugal (AEP)','','',1688166000000,29954000,'','',' Ao  PMV001.E ',1688166000000,-8.65116,41.17439,29954000,1688166000000,29954000,217182,'-43468.52359999996,167377.1613999991'
'Outro motivo','Cais da Ribeira','Nº 43','','Ocupação do passeio',1688338800000,-3600000,1688338800000,81900000,'Retirar sifão',1688252400000,-8.612169,41.14057,77160000,1688252400000,77220000,217588,'-40217.344499999585,163602.70849999913'
'Reparação de coletor','Rua do Monte Alegre','Nº 2','','Estreitamento',1688338800000,-3600000,1688338800000,81900000,'',1688252400000,-8.619818,41.16489,78180000,1688252400000,78240000,217590,'-40844.40359999981,166307.13330000173'
'Outro motivo','Avenida de Fernão de Magalhães','Nº 1273','','Estreitamento',1688166000000,26100000,1688166000000,81900000,'Reparação de tampa de CI',1688166000000,-8.592143,41.16074,26100000,1688166000000,26220000,217179,'-38524.105700000204,165833.66180000143'
'Avaria de CCTV','','PMV01 - Avenida Associação Empresarial de Portugal (AEP)','','',1688166000000,26733000,'','',' ',1688166000000,-8.65116,41.17439,26733000,1688166000000,26733000,217180,'-43468.52359999996,167377.1613999991'
'Outro motivo','Rua do Professor Mendes Correia','nº 310','Colocação de pia sifónica','Estacionamento',1688338800000,-3600000,1688338800000,81900000,'',1688252400000,-8.594548,41.17123,77760000,1688252400000,78000000,217589,'-38719.79659999996,166999.67319999987'
'Aluimento','Rua da Firmeza','Nº 365','','Estreitamento',1688338800000,-3600000,1688338800000,81900000,'',1688252400000,-8.604701,41.15093,76800000,1688252400000,76860000,217586,'-39584.07510000001,164749.71709999954'
'Outro motivo','Rua de Ramalho Ortigão','Nº 14','','Ocupação do passeio',1688338800000,-3600000,1688338800000,81900000,'Colocação de degraus em CRL',1688252400000,-8.611617,41.14921,77460000,1688252400000,77580000,217983,'-40165.68149999994,164561.26280000096'
'Outro motivo','Rua de S. Bartolomeu','13','','Ocupação do passeio',1688338800000,32400000,1688338800000,81900000,'',1688338800000,-8.676558,41.15075,32400000,1688338800000,32460000,218385,'-45616.28199999967,164764.29270000057'
'Avaria de iluminação pública','Rua do Lindo Vale','405','','Ocupação do passeio',1688338800000,30600000,1688338800000,81900000,'',1688338800000,-8.601232,41.16473,30540000,1688338800000,30720000,218785,'-39284.588800000005,166280.2225000004'
'Aluimento','Rua da Vigorosa','Nº 734','','Ocupação do passeio',1688338800000,-3600000,1688338800000,81900000,'',1688252400000,-8.590123,41.16632,76920000,1688252400000,76980000,217982,'-38351.29239999964,166452.08599999882'
'Outro motivo','Rua do Pinheiro de Campanhã','188','','Ocupação do passeio',1688338800000,28200000,1688338800000,81900000,'substituir hidrante',1688338800000,-8.583805,41.14856,28320000,1688338800000,28320000,218780,'-37831.29189999963,164477.10859999992'
'Aluimento','Rua de Francisco da Rocha Soares','50','','Estacionamento',1688338800000,25200000,1688338800000,81900000,'',1688338800000,-8.618439,41.14273,26760000,1688338800000,26820000,218380,'-40742.40440000032,163845.3286999999'
'Avaria de telecomunicações','Rua de D. João IV','c/ R. Firmeza ( nº88)','meo','Ocupação do passeio',1688338800000,32700000,1688338800000,81900000,'',1688338800000,-8.602219,41.15103,32820000,1688338800000,32880000,218386,'-39375.6456000002,164759.57740000103'
'Outro motivo','Rua de Martim Moniz','759','','Ocupação do passeio',1688338800000,28200000,1688338800000,81900000,'endireitar tomada',1688338800000,-8.663383,41.1733,28380000,1688338800000,28440000,218381,'-44494.92389999976,167262.0286999993'
'Reparação de grelha / boca de lobo','Rua de Afonso Martins Alho','117','','Ocupação do passeio',1688338800000,29760000,1688338800000,81900000,'',1688338800000,-8.612284,41.14447,29880000,1688338800000,29940000,218784,'-40224.62100000032,164035.47340000072'
'Aluimento','Rua das Taipas','29','','Estacionamento',1688338800000,25200000,1688338800000,81900000,'',1688338800000,-8.617503,41.14306,26640000,1688338800000,26700000,218779,'-40663.63729999953,163881.0427000003'
'Outro motivo','Rua de Martim Moniz','1054','','Ocupação do passeio',1688338800000,28200000,1688338800000,81900000,'substituir válvula empanque',1688338800000,-8.661017,41.17528,28440000,1688338800000,28500000,218781,'-44295.05989999979,167481.44989999867'
'Avaria de telecomunicações','Rua do Tenente Valadim','121','PDT','Ocupação do passeio',1688338800000,32400000,1688338800000,34800000,'',1688338800000,-8.640861,41.16115,32220000,1688338800000,32340000,218384,'-42612.90450000015,165901.59380000058'
'Outro motivo','Rua do Lidador','Nº 571','','Estreitamento',1688338800000,-3600000,1688338800000,81900000,'Sustituição de tampa CI',1688252400000,-8.660574,41.17457,77580000,1688252400000,77700000,217984,'-44258.391499999925,167402.38389999975'
'Avaria de CCTV','','PSP038 - Rua de D. João IV / Rua Fernandes Tomás','','',1688338800000,26307000,'','',' ',1688338800000,-8.602051,41.148936,26307000,1688338800000,26307000,218379,'-39362.82299999991,164526.7939999993'
'Outro motivo','Rua do Paraíso da Foz','80','','Ocupação do passeio',1688338800000,28200000,1688338800000,81900000,'verificar ramal aos 30',1688338800000,-8.671877,41.15169,28560000,1688338800000,28560000,218782,'-45222.64589999991,164866.93999999895'
'Avaria de CCTV','','PMV19 - Praça da República / Rua dos Mártires da Liberdade','','',1688338800000,28824000,'','','Abertura de vala para colocação de maciço do PMV ',1688338800000,-8.613283,41.153677,28824000,1688338800000,28824000,218783,'-40302.80879999983,165058.48079999903'
'Avaria de CCTV','','PMV20 - Rua dos Heróis e dos Mártires de Angola','','',1688338800000,29562000,'','',' Abertura de vala para colocação de maciços.',1688338800000,-8.610388,41.151524,29562000,1688338800000,29562000,218382,'-40061.113800000385,164818.0298999992'
'Aluimento','Praça da Corujeira','356','','Ocupação do passeio',1688338800000,33120000,1688338800000,81900000,'',1688338800000,-8.57902,41.15857,33240000,1688338800000,33300000,218389,'-37423.88380000001,165586.7109999984'
'Aluimento','Rua de Contumil','559','','Ocupação do passeio',1688338800000,33120000,1688338800000,81900000,'',1688338800000,-8.58206,41.1683,33180000,1688338800000,33240000,218388,'-37673.46989999988,166668.8910000005'
'Avaria de CCTV','','PMV09 - Avenida Fernão de Magalhães / Travessa Fernão de Magalhães','','',1688338800000,32892000,'','',' ',1688338800000,-8.59737,41.15143,32892000,1688338800000,32892000,218387,'-38968.38140000035,164801.66129999992'
'Avaria de iluminação pública','Rua das Antas','92','','Ocupação do passeio',1688338800000,30600000,1688338800000,81900000,'',1688338800000,-8.591818,41.16019,30600000,1688338800000,30660000,218383,'-38497.19630000002,165772.32530000067'
'Avaria de veículo','Ponte do Infante','','','Estreitamento',1632351600000,66900000,1632351600000,69600000,'','',-8.601692,41.14103,'',1632351600000,69720000,5096,'-39337.46279999987,163648.8369000001'
'Outro motivo','Rua de Gaspar Correia','299','','Ocupação do passeio',1688338800000,32400000,1688338800000,81900000,'',1688338800000,-8.657363,41.1476,32280000,1688338800000,32340000,218786,'-44007.0335999997,164405.22940000004'
